insert into pessoa (cpf_pessoa, nome, rg, data_nasc, genero, LGBTQIA, cor_raca, nacionalidade, naturalidade, whatsapp, escolaridade, profissao, situacao_emprego, estado_civil, total_familia, violencia_domestica, tem_filhos, possui_beneficio, possui_renda, fez_tratamento, possui_investimento, possui_casa_propria, possui_apto, possui_terreno, possui_imovel_comercial, possui_automovel) values ('12345678901', 'Ana Silva', '123456789', '1988-08-05', 'Feminino', 'Sim', 'Amarela', 'Brasileiro', 'São Paulo', 11559155162, 'Ensino Fundamental Incompleto', 'Piloto', 'Desempregado', 'Viúvo', 3, 'Não', false, true, false, true, true, false, true, true, false, false);
insert into pessoa (cpf_pessoa, nome, rg, data_nasc, genero, LGBTQIA, cor_raca, nacionalidade, naturalidade, whatsapp, escolaridade, profissao, situacao_emprego, estado_civil, total_familia, violencia_domestica, tem_filhos, possui_beneficio, possui_renda, fez_tratamento, possui_investimento, possui_casa_propria, possui_apto, possui_terreno, possui_imovel_comercial, possui_automovel) values ('23456789012', 'João Santos', '234567890', '1961-04-14', 'Masculino', 'Sim', 'Amarela', 'Brasileiro', 'Osasco', 11381817278, 'Ensino Médio Incompleto', 'Contador', 'Desempregado', 'Divorciado', 3, 'Não', true, true, true, false, false, false, false, false, true, false);
insert into pessoa (cpf_pessoa, nome, rg, data_nasc, genero, LGBTQIA, cor_raca, nacionalidade, naturalidade, whatsapp, escolaridade, profissao, situacao_emprego, estado_civil, total_familia, violencia_domestica, tem_filhos, possui_beneficio, possui_renda, fez_tratamento, possui_investimento, possui_casa_propria, possui_apto, possui_terreno, possui_imovel_comercial, possui_automovel) values ('34567890123', 'Maria Oliveira', '345678901', '1977-03-18', 'Feminino', 'Não', 'Preta', 'Brasileiro', 'São Bernardo do Campo', 11639877633, 'Ensino Superior Incompleto', 'Médico', 'Autônomo', 'Separado', 3, 'Não', true, false, true, false, false, true, false, true, true, false);
insert into pessoa (cpf_pessoa, nome, rg, data_nasc, genero, LGBTQIA, cor_raca, nacionalidade, naturalidade, whatsapp, escolaridade, profissao, situacao_emprego, estado_civil, total_familia, violencia_domestica, tem_filhos, possui_beneficio, possui_renda, fez_tratamento, possui_investimento, possui_casa_propria, possui_apto, possui_terreno, possui_imovel_comercial, possui_automovel) values ('45678901234', 'Pedro Souza', '456789012', '1982-05-16', 'Masculino', 'Não', 'Parda', 'Brasileiro', 'Diadema', 11211431002, 'Ensino Fundamental Incompleto', 'Designer Gráfico', 'Desempregado', 'Separado', 5, 'Não', true, false, false, true, true, false, true, true, true, true);
insert into pessoa (cpf_pessoa, nome, rg, data_nasc, genero, LGBTQIA, cor_raca, nacionalidade, naturalidade, whatsapp, escolaridade, profissao, situacao_emprego, estado_civil, total_familia, violencia_domestica, tem_filhos, possui_beneficio, possui_renda, fez_tratamento, possui_investimento, possui_casa_propria, possui_apto, possui_terreno, possui_imovel_comercial, possui_automovel) values ('56789012345', 'Beatriz Costa', '567890123', '1996-03-19', 'Feminino', 'Sim', 'Preta', 'Brasileiro', 'Osasco', 11963873775, 'Ensino Fundamental Incompleto', 'Produtor Cultural', 'Desempregado', 'Separado', 8, 'Sim', false, false, true, false, false, false, false, false, false, true);
insert into pessoa (cpf_pessoa, nome, rg, data_nasc, genero, LGBTQIA, cor_raca, nacionalidade, naturalidade, whatsapp, escolaridade, profissao, situacao_emprego, estado_civil, total_familia, violencia_domestica, tem_filhos, possui_beneficio, possui_renda, fez_tratamento, possui_investimento, possui_casa_propria, possui_apto, possui_terreno, possui_imovel_comercial, possui_automovel) values ('67890123456', 'Rafael Pereira', '678901234', '1996-06-29', 'Masculino', 'Sim', 'Parda', 'Brasileiro', 'Guarulhos', 11977889098, 'Ensino Fundamental Incompleto', 'Dentista', 'Autônomo', 'Viúvo', 8, 'Sim', true, true, true, false, true, false, false, false, false, true);
insert into pessoa (cpf_pessoa, nome, rg, data_nasc, genero, LGBTQIA, cor_raca, nacionalidade, naturalidade, whatsapp, escolaridade, profissao, situacao_emprego, estado_civil, total_familia, violencia_domestica, tem_filhos, possui_beneficio, possui_renda, fez_tratamento, possui_investimento, possui_casa_propria, possui_apto, possui_terreno, possui_imovel_comercial, possui_automovel) values ('78901234567', 'Júlia Lima', '789012345', '1989-09-28', 'Feminino', 'Não', 'Amarela', 'Brasileiro', 'São Paulo', 11926104181, 'Ensino Fundamental Incompleto', 'Dentista', 'Empregado', 'Separado', 2, 'Não', true, true, true, false, true, true, false, true, false, true);
insert into pessoa (cpf_pessoa, nome, rg, data_nasc, genero, LGBTQIA, cor_raca, nacionalidade, naturalidade, whatsapp, escolaridade, profissao, situacao_emprego, estado_civil, total_familia, violencia_domestica, tem_filhos, possui_beneficio, possui_renda, fez_tratamento, possui_investimento, possui_casa_propria, possui_apto, possui_terreno, possui_imovel_comercial, possui_automovel) values ('89012345678', 'Lucas Ferreira', '890123456', '1956-07-02', 'Masculino', 'Não', 'Branca', 'Brasileiro', 'São Paulo', 11853187394, 'Ensino Médio Incompleto', 'Dentista', 'Empregado', 'Casado', 8, 'Não', false, false, true, true, false, true, false, false, true, true);
insert into pessoa (cpf_pessoa, nome, rg, data_nasc, genero, LGBTQIA, cor_raca, nacionalidade, naturalidade, whatsapp, escolaridade, profissao, situacao_emprego, estado_civil, total_familia, violencia_domestica, tem_filhos, possui_beneficio, possui_renda, fez_tratamento, possui_investimento, possui_casa_propria, possui_apto, possui_terreno, possui_imovel_comercial, possui_automovel) values ('90123456789', 'Laura Almeida', '901234567', '1959-01-28', 'Feminino', 'Sim', 'Preta', 'Brasileiro', 'São Paulo', 11390072163, 'Ensino Superior Incompleto', 'Publicitário', 'Empregado', 'Divorciado', 7, 'Não', false, true, false, false, false, false, false, true, false, false);
insert into pessoa (cpf_pessoa, nome, rg, data_nasc, genero, LGBTQIA, cor_raca, nacionalidade, naturalidade, whatsapp, escolaridade, profissao, situacao_emprego, estado_civil, total_familia, violencia_domestica, tem_filhos, possui_beneficio, possui_renda, fez_tratamento, possui_investimento, possui_casa_propria, possui_apto, possui_terreno, possui_imovel_comercial, possui_automovel) values ('01234567890', 'Gabriel Rocha', '012345678', '1987-02-08', 'Masculino', 'Não', 'Amarela', 'Brasileiro', 'Osasco', 11685031497, 'Ensino Superior Incompleto', 'Jornalista', 'Autônomo', 'Viúvo', 1, 'Não', false, true, false, false, true, false, false, false, true, false);
insert into pessoa (cpf_pessoa, nome, rg, data_nasc, genero, LGBTQIA, cor_raca, nacionalidade, naturalidade, whatsapp, escolaridade, profissao, situacao_emprego, estado_civil, total_familia, violencia_domestica, tem_filhos, possui_beneficio, possui_renda, fez_tratamento, possui_investimento, possui_casa_propria, possui_apto, possui_terreno, possui_imovel_comercial, possui_automovel) values ('11223344556', 'Isabella Martins', '112233445', '1955-09-14', 'Feminino', 'Não', 'Indígena', 'Brasileiro', 'São Paulo', 11776324348, 'Ensino Superior Incompleto', 'Piloto', 'Desempregado', 'Divorciado', 3, 'Não', true, false, false, false, false, true, true, false, true, false);
insert into pessoa (cpf_pessoa, nome, rg, data_nasc, genero, LGBTQIA, cor_raca, nacionalidade, naturalidade, whatsapp, escolaridade, profissao, situacao_emprego, estado_civil, total_familia, violencia_domestica, tem_filhos, possui_beneficio, possui_renda, fez_tratamento, possui_investimento, possui_casa_propria, possui_apto, possui_terreno, possui_imovel_comercial, possui_automovel) values ('22334455667', 'Daniel Carvalho', '223344556', '1959-12-01', 'Masculino', 'Sim', 'Preta', 'Brasileiro', 'Guarulhos', 11119604260, 'Ensino Fundamental Completo', 'Auditor', 'Autônomo', 'Separado', 1, 'Não', true, false, true, true, false, true, true, false, true, true);
insert into pessoa (cpf_pessoa, nome, rg, data_nasc, genero, LGBTQIA, cor_raca, nacionalidade, naturalidade, whatsapp, escolaridade, profissao, situacao_emprego, estado_civil, total_familia, violencia_domestica, tem_filhos, possui_beneficio, possui_renda, fez_tratamento, possui_investimento, possui_casa_propria, possui_apto, possui_terreno, possui_imovel_comercial, possui_automovel) values ('33445566778', 'Camila Gomes', '334455667', '1954-04-14', 'Feminino', 'Não', 'Amarela', 'Brasileiro', 'São Paulo', 11694102371, 'Ensino Médio Completo', 'Enfermeiro', 'Empregado', 'Viúvo', 2, 'Não', true, false, false, false, false, true, false, true, false, false);
insert into pessoa (cpf_pessoa, nome, rg, data_nasc, genero, LGBTQIA, cor_raca, nacionalidade, naturalidade, whatsapp, escolaridade, profissao, situacao_emprego, estado_civil, total_familia, violencia_domestica, tem_filhos, possui_beneficio, possui_renda, fez_tratamento, possui_investimento, possui_casa_propria, possui_apto, possui_terreno, possui_imovel_comercial, possui_automovel) values ('44556677889', 'Felipe Almeida', '445566778', '1967-10-31', 'Masculino', 'Não', 'Parda', 'Brasileiro', 'São Paulo', 11166765750, 'Ensino Fundamental Completo', 'Auditor', 'Empregado', 'Solteiro', 8, 'Não', true, true, true, true, true, false, true, false, false, false);
insert into pessoa (cpf_pessoa, nome, rg, data_nasc, genero, LGBTQIA, cor_raca, nacionalidade, naturalidade, whatsapp, escolaridade, profissao, situacao_emprego, estado_civil, total_familia, violencia_domestica, tem_filhos, possui_beneficio, possui_renda, fez_tratamento, possui_investimento, possui_casa_propria, possui_apto, possui_terreno, possui_imovel_comercial, possui_automovel) values ('55667788990', 'Mariana Pinto', '556677889', '1984-06-12', 'Feminino', 'Sim', 'Amarela', 'Brasileiro', 'São Paulo', 11810241811, 'Ensino Médio Completo', 'Piloto', 'Autônomo', 'Casado', 5, 'Não', false, false, false, false, true, false, false, false, true, true);
insert into pessoa (cpf_pessoa, nome, rg, data_nasc, genero, LGBTQIA, cor_raca, nacionalidade, naturalidade, whatsapp, escolaridade, profissao, situacao_emprego, estado_civil, total_familia, violencia_domestica, tem_filhos, possui_beneficio, possui_renda, fez_tratamento, possui_investimento, possui_casa_propria, possui_apto, possui_terreno, possui_imovel_comercial, possui_automovel) values ('66778899001', 'Thiago Rodrigues', '667788990', '1978-01-09', 'Masculino', 'Não', 'Branca', 'Estrangeiro', 'Cotia', 11328710996, 'Ensino Superior Completo', 'Consultor', 'Autônomo', 'Divorciado', 2, 'Não', true, false, false, false, true, false, true, false, true, false);
insert into pessoa (cpf_pessoa, nome, rg, data_nasc, genero, LGBTQIA, cor_raca, nacionalidade, naturalidade, whatsapp, escolaridade, profissao, situacao_emprego, estado_civil, total_familia, violencia_domestica, tem_filhos, possui_beneficio, possui_renda, fez_tratamento, possui_investimento, possui_casa_propria, possui_apto, possui_terreno, possui_imovel_comercial, possui_automovel) values ('77889900112', 'Carolina Fernandes', '778899001', '1956-05-07', 'Feminino', 'Não', 'Amarela', 'Brasileiro', 'Osasco', 11558842550, 'Ensino Fundamental Completo', 'Jornalista', 'Desempregado', 'Casado', 4, 'Não', true, false, true, false, false, false, true, false, true, false);
insert into pessoa (cpf_pessoa, nome, rg, data_nasc, genero, LGBTQIA, cor_raca, nacionalidade, naturalidade, whatsapp, escolaridade, profissao, situacao_emprego, estado_civil, total_familia, violencia_domestica, tem_filhos, possui_beneficio, possui_renda, fez_tratamento, possui_investimento, possui_casa_propria, possui_apto, possui_terreno, possui_imovel_comercial, possui_automovel) values ('88990011223', 'Gustavo Nunes', '889900112', '1961-01-16', 'Masculino', 'Não', 'Amarela', 'Brasileiro', 'Mauá', 11747427104, 'Ensino Superior Incompleto', 'Designer Gráfico', 'Autônomo', 'Divorciado', 7, 'Não', false, true, false, true, true, false, false, true, false, false);
insert into pessoa (cpf_pessoa, nome, rg, data_nasc, genero, LGBTQIA, cor_raca, nacionalidade, naturalidade, whatsapp, escolaridade, profissao, situacao_emprego, estado_civil, total_familia, violencia_domestica, tem_filhos, possui_beneficio, possui_renda, fez_tratamento, possui_investimento, possui_casa_propria, possui_apto, possui_terreno, possui_imovel_comercial, possui_automovel) values ('99001122334', 'Larissa Santos', '990011223', '1970-01-06', 'Feminino', 'Não', 'Preta', 'Brasileiro', 'Cotia', 11889478672, 'Ensino Fundamental Incompleto', 'Produtor Cultural', 'Empregado', 'Solteiro', 5, 'Não', false, true, false, false, true, false, true, false, true, false);
insert into pessoa (cpf_pessoa, nome, rg, data_nasc, genero, LGBTQIA, cor_raca, nacionalidade, naturalidade, whatsapp, escolaridade, profissao, situacao_emprego, estado_civil, total_familia, violencia_domestica, tem_filhos, possui_beneficio, possui_renda, fez_tratamento, possui_investimento, possui_casa_propria, possui_apto, possui_terreno, possui_imovel_comercial, possui_automovel) values ('00112233445', 'Bruno Melo', '001122334', '1973-09-08', 'Masculino', 'Não', 'Parda', 'Brasileiro', 'São Paulo', 11176931880, 'Ensino Superior Incompleto', 'Programador', 'Empregado', 'Casado', 8, 'Não', true, false, false, true, true, false, false, true, true, true);
insert into pessoa (cpf_pessoa, nome, rg, data_nasc, genero, LGBTQIA, cor_raca, nacionalidade, naturalidade, whatsapp, escolaridade, profissao, situacao_emprego, estado_civil, total_familia, violencia_domestica, tem_filhos, possui_beneficio, possui_renda, fez_tratamento, possui_investimento, possui_casa_propria, possui_apto, possui_terreno, possui_imovel_comercial, possui_automovel) values ('11223344567', 'Aline Araújo', '112233446', '1975-07-05', 'Feminino', 'Sim', 'Branca', 'Brasileiro', 'São Paulo', 11958938689, 'Ensino Médio Incompleto', 'Designer Gráfico', 'Desempregado', 'Divorciado', 2, 'Não', true, true, false, true, true, true, false, false, true, false);
insert into pessoa (cpf_pessoa, nome, rg, data_nasc, genero, LGBTQIA, cor_raca, nacionalidade, naturalidade, whatsapp, escolaridade, profissao, situacao_emprego, estado_civil, total_familia, violencia_domestica, tem_filhos, possui_beneficio, possui_renda, fez_tratamento, possui_investimento, possui_casa_propria, possui_apto, possui_terreno, possui_imovel_comercial, possui_automovel) values ('22334455678', 'Vinícius Almeida', '223344557', '1978-03-11', 'Masculino', 'Sim', 'Parda', 'Brasileiro', 'São Paulo', 11297264059, 'Ensino Superior Incompleto', 'Jornalista', 'Autônomo', 'Viúvo', 5, 'Não', true, true, true, false, false, false, true, true, true, true);
insert into pessoa (cpf_pessoa, nome, rg, data_nasc, genero, LGBTQIA, cor_raca, nacionalidade, naturalidade, whatsapp, escolaridade, profissao, situacao_emprego, estado_civil, total_familia, violencia_domestica, tem_filhos, possui_beneficio, possui_renda, fez_tratamento, possui_investimento, possui_casa_propria, possui_apto, possui_terreno, possui_imovel_comercial, possui_automovel) values ('33445566789', 'Renata Costa', '334455668', '1995-07-25', 'Feminino', 'Não', 'Preta', 'Brasileiro', 'São Paulo', 11202682328, 'Ensino Médio Incompleto', 'Enfermeiro', 'Autônomo', 'Casado', 4, 'Não', false, false, true, false, false, true, false, true, true, false);
insert into pessoa (cpf_pessoa, nome, rg, data_nasc, genero, LGBTQIA, cor_raca, nacionalidade, naturalidade, whatsapp, escolaridade, profissao, situacao_emprego, estado_civil, total_familia, violencia_domestica, tem_filhos, possui_beneficio, possui_renda, fez_tratamento, possui_investimento, possui_casa_propria, possui_apto, possui_terreno, possui_imovel_comercial, possui_automovel) values ('44556677890', 'Igor Moreira', '445566779', '1968-11-25', 'Masculino', 'Não', 'Preta', 'Brasileiro', 'Mauá', 11943017431, 'Ensino Médio Incompleto', 'Professor', 'Desempregado', 'Separado', 6, 'Não', false, false, false, false, false, false, false, true, true, true);
insert into pessoa (cpf_pessoa, nome, rg, data_nasc, genero, LGBTQIA, cor_raca, nacionalidade, naturalidade, whatsapp, escolaridade, profissao, situacao_emprego, estado_civil, total_familia, violencia_domestica, tem_filhos, possui_beneficio, possui_renda, fez_tratamento, possui_investimento, possui_casa_propria, possui_apto, possui_terreno, possui_imovel_comercial, possui_automovel) values ('55667788901', 'Roberta Castro', '556677880', '1962-05-01', 'Feminino', 'Não', 'Branca', 'Brasileiro', 'São Caetano do Sul', 11157316199, 'Ensino Fundamental Incompleto', 'Eletrotécnico', 'Desempregado', 'Viúvo', 8, 'Não', true, true, false, true, true, true, true, false, false, false);
insert into pessoa (cpf_pessoa, nome, rg, data_nasc, genero, LGBTQIA, cor_raca, nacionalidade, naturalidade, whatsapp, escolaridade, profissao, situacao_emprego, estado_civil, total_familia, violencia_domestica, tem_filhos, possui_beneficio, possui_renda, fez_tratamento, possui_investimento, possui_casa_propria, possui_apto, possui_terreno, possui_imovel_comercial, possui_automovel) values ('66778899012', 'Felipe Oliveira', '667788991', '1957-09-28', 'Masculino', 'Sim', 'Indígena', 'Brasileiro', 'Mauá', 11781967088, 'Ensino Superior Incompleto', 'Veterinário', 'Autônomo', 'Viúvo', 7, 'Não', true, false, true, true, false, false, true, true, false, false);
insert into pessoa (cpf_pessoa, nome, rg, data_nasc, genero, LGBTQIA, cor_raca, nacionalidade, naturalidade, whatsapp, escolaridade, profissao, situacao_emprego, estado_civil, total_familia, violencia_domestica, tem_filhos, possui_beneficio, possui_renda, fez_tratamento, possui_investimento, possui_casa_propria, possui_apto, possui_terreno, possui_imovel_comercial, possui_automovel) values ('77889900123', 'Larissa Costa', '778899002', '1954-06-29', 'Feminino', 'Sim', 'Preta', 'Estrangeiro', 'São Bernardo do Campo', 11523264036, 'Ensino Médio Completo', 'Psicólogo', 'Desempregado', 'Divorciado', 4, 'Não', true, true, true, true, false, true, false, false, false, false);
insert into pessoa (cpf_pessoa, nome, rg, data_nasc, genero, LGBTQIA, cor_raca, nacionalidade, naturalidade, whatsapp, escolaridade, profissao, situacao_emprego, estado_civil, total_familia, violencia_domestica, tem_filhos, possui_beneficio, possui_renda, fez_tratamento, possui_investimento, possui_casa_propria, possui_apto, possui_terreno, possui_imovel_comercial, possui_automovel) values ('88990011234', 'Matheus Almeida', '889900113', '1957-04-25', 'Masculino', 'Não', 'Branca', 'Brasileiro', 'Osasco', 11727014961, 'Ensino Médio Completo', 'Advogado', 'Desempregado', 'Divorciado', 7, 'Não', false, true, false, false, true, false, false, false, false, false);
insert into pessoa (cpf_pessoa, nome, rg, data_nasc, genero, LGBTQIA, cor_raca, nacionalidade, naturalidade, whatsapp, escolaridade, profissao, situacao_emprego, estado_civil, total_familia, violencia_domestica, tem_filhos, possui_beneficio, possui_renda, fez_tratamento, possui_investimento, possui_casa_propria, possui_apto, possui_terreno, possui_imovel_comercial, possui_automovel) values ('99001122345', 'Juliana Campos', '990011224', '1951-12-14', 'Feminino', 'Não', 'Indígena', 'Brasileiro', 'Santo André', 11407973516, 'Ensino Superior Incompleto', 'Técnico de Informática', 'Empregado', 'Viúvo', 7, 'Sim', false, false, true, true, true, true, true, true, false, true);
insert into pessoa (cpf_pessoa, nome, rg, data_nasc, genero, LGBTQIA, cor_raca, nacionalidade, naturalidade, whatsapp, escolaridade, profissao, situacao_emprego, estado_civil, total_familia, violencia_domestica, tem_filhos, possui_beneficio, possui_renda, fez_tratamento, possui_investimento, possui_casa_propria, possui_apto, possui_terreno, possui_imovel_comercial, possui_automovel) values ('00112233456', 'Eduardo Martins', '001122335', '1976-03-28', 'Masculino', 'Sim', 'Indígena', 'Brasileiro', 'Mauá', 11245291155, 'Ensino Fundamental Completo', 'Engenheiro', 'Empregado', 'Divorciado', 6, 'Não', false, false, false, false, true, false, true, false, true, false);
insert into pessoa (cpf_pessoa, nome, rg, data_nasc, genero, LGBTQIA, cor_raca, nacionalidade, naturalidade, whatsapp, escolaridade, profissao, situacao_emprego, estado_civil, total_familia, violencia_domestica, tem_filhos, possui_beneficio, possui_renda, fez_tratamento, possui_investimento, possui_casa_propria, possui_apto, possui_terreno, possui_imovel_comercial, possui_automovel) values ('11223344578', 'Viviane Lima', '112233447', '1971-04-06', 'Feminino', 'Não', 'Branca', 'Brasileiro', 'São Paulo', 11160231998, 'Ensino Fundamental Completo', 'Jornalista', 'Autônomo', 'Casado', 3, 'Não', true, true, true, false, false, true, true, false, false, false);
insert into pessoa (cpf_pessoa, nome, rg, data_nasc, genero, LGBTQIA, cor_raca, nacionalidade, naturalidade, whatsapp, escolaridade, profissao, situacao_emprego, estado_civil, total_familia, violencia_domestica, tem_filhos, possui_beneficio, possui_renda, fez_tratamento, possui_investimento, possui_casa_propria, possui_apto, possui_terreno, possui_imovel_comercial, possui_automovel) values ('22334455689', 'Leonardo Pereira', '223344558', '1980-09-22', 'Masculino', 'Não', 'Branca', 'Brasileiro', 'Guarulhos', 11895645693, 'Ensino Médio Completo', 'Programador', 'Autônomo', 'Viúvo', 4, 'Não', true, true, true, false, false, false, true, true, false, false);
insert into pessoa (cpf_pessoa, nome, rg, data_nasc, genero, LGBTQIA, cor_raca, nacionalidade, naturalidade, whatsapp, escolaridade, profissao, situacao_emprego, estado_civil, total_familia, violencia_domestica, tem_filhos, possui_beneficio, possui_renda, fez_tratamento, possui_investimento, possui_casa_propria, possui_apto, possui_terreno, possui_imovel_comercial, possui_automovel) values ('33445566790', 'Nathalia Silva', '334455669', '1979-03-07', 'Feminino', 'Sim', 'Amarela', 'Brasileiro', 'Cotia', 11735665218, 'Ensino Superior Completo', 'Cientista de Dados', 'Autônomo', 'Separado', 1, 'Não', false, false, false, false, true, true, false, true, false, false);
insert into pessoa (cpf_pessoa, nome, rg, data_nasc, genero, LGBTQIA, cor_raca, nacionalidade, naturalidade, whatsapp, escolaridade, profissao, situacao_emprego, estado_civil, total_familia, violencia_domestica, tem_filhos, possui_beneficio, possui_renda, fez_tratamento, possui_investimento, possui_casa_propria, possui_apto, possui_terreno, possui_imovel_comercial, possui_automovel) values ('44556677801', 'André Souza', '445566770', '1959-02-12', 'Masculino', 'Sim', 'Branca', 'Brasileiro', 'São Caetano do Sul', 11748281325, 'Ensino Fundamental Incompleto', 'Designer Gráfico', 'Empregado', 'Casado', 3, 'Não', false, true, false, true, false, true, false, false, false, true);
insert into pessoa (cpf_pessoa, nome, rg, data_nasc, genero, LGBTQIA, cor_raca, nacionalidade, naturalidade, whatsapp, escolaridade, profissao, situacao_emprego, estado_civil, total_familia, violencia_domestica, tem_filhos, possui_beneficio, possui_renda, fez_tratamento, possui_investimento, possui_casa_propria, possui_apto, possui_terreno, possui_imovel_comercial, possui_automovel) values ('55667788912', 'Tânia Ribeiro', '556677881', '1967-12-04', 'Feminino', 'Não', 'Preta', 'Estrangeiro', 'Mauá', 11969717914, 'Ensino Superior Incompleto', 'Dentista', 'Empregado', 'Divorciado', 6, 'Sim', false, true, true, false, false, true, true, true, true, true);
insert into pessoa (cpf_pessoa, nome, rg, data_nasc, genero, LGBTQIA, cor_raca, nacionalidade, naturalidade, whatsapp, escolaridade, profissao, situacao_emprego, estado_civil, total_familia, violencia_domestica, tem_filhos, possui_beneficio, possui_renda, fez_tratamento, possui_investimento, possui_casa_propria, possui_apto, possui_terreno, possui_imovel_comercial, possui_automovel) values ('66778899023', 'Diego Santos', '667788992', '1980-01-04', 'Masculino', 'Sim', 'Indígena', 'Brasileiro', 'Santo André', 11676648949, 'Ensino Fundamental Incompleto', 'Arquiteto', 'Autônomo', 'Separado', 4, 'Não', false, true, true, false, false, false, true, true, false, false);
insert into pessoa (cpf_pessoa, nome, rg, data_nasc, genero, LGBTQIA, cor_raca, nacionalidade, naturalidade, whatsapp, escolaridade, profissao, situacao_emprego, estado_civil, total_familia, violencia_domestica, tem_filhos, possui_beneficio, possui_renda, fez_tratamento, possui_investimento, possui_casa_propria, possui_apto, possui_terreno, possui_imovel_comercial, possui_automovel) values ('77889900134', 'Patrícia Carvalho', '778899003', '1988-01-11', 'Feminino', 'Não', 'Branca', 'Brasileiro', 'Santo André', 11528169901, 'Ensino Superior Completo', 'Engenheiro', 'Autônomo', 'Casado', 7, 'Sim', false, false, true, false, true, true, false, false, true, false);
insert into pessoa (cpf_pessoa, nome, rg, data_nasc, genero, LGBTQIA, cor_raca, nacionalidade, naturalidade, whatsapp, escolaridade, profissao, situacao_emprego, estado_civil, total_familia, violencia_domestica, tem_filhos, possui_beneficio, possui_renda, fez_tratamento, possui_investimento, possui_casa_propria, possui_apto, possui_terreno, possui_imovel_comercial, possui_automovel) values ('88990011245', 'Marcos Oliveira', '889900114', '1972-11-18', 'Masculino', 'Não', 'Branca', 'Estrangeiro', 'São Paulo', 11969105715, 'Ensino Superior Completo', 'Recursos Humanos', 'Autônomo', 'Casado', 6, 'Não', false, true, false, false, true, false, true, true, false, true);
insert into pessoa (cpf_pessoa, nome, rg, data_nasc, genero, LGBTQIA, cor_raca, nacionalidade, naturalidade, whatsapp, escolaridade, profissao, situacao_emprego, estado_civil, total_familia, violencia_domestica, tem_filhos, possui_beneficio, possui_renda, fez_tratamento, possui_investimento, possui_casa_propria, possui_apto, possui_terreno, possui_imovel_comercial, possui_automovel) values ('99001122356', 'Sabrina Ferreira', '990011225', '1986-08-17', 'Feminino', 'Não', 'Amarela', 'Brasileiro', 'São Paulo', 11157810726, 'Ensino Superior Completo', 'Jornalista', 'Empregado', 'Viúvo', 1, 'Não', true, false, false, true, false, true, false, false, false, false);
insert into pessoa (cpf_pessoa, nome, rg, data_nasc, genero, LGBTQIA, cor_raca, nacionalidade, naturalidade, whatsapp, escolaridade, profissao, situacao_emprego, estado_civil, total_familia, violencia_domestica, tem_filhos, possui_beneficio, possui_renda, fez_tratamento, possui_investimento, possui_casa_propria, possui_apto, possui_terreno, possui_imovel_comercial, possui_automovel) values ('00112233467', 'Alexandre Pinto', '001122336', '1992-12-18', 'Masculino', 'Não', 'Parda', 'Brasileiro', 'Osasco', 11925170401, 'Ensino Médio Incompleto', 'Enfermeiro', 'Empregado', 'Divorciado', 3, 'Não', false, false, true, true, false, false, true, true, true, true);
insert into pessoa (cpf_pessoa, nome, rg, data_nasc, genero, LGBTQIA, cor_raca, nacionalidade, naturalidade, whatsapp, escolaridade, profissao, situacao_emprego, estado_civil, total_familia, violencia_domestica, tem_filhos, possui_beneficio, possui_renda, fez_tratamento, possui_investimento, possui_casa_propria, possui_apto, possui_terreno, possui_imovel_comercial, possui_automovel) values ('11223344589', 'Gabriela Lima', '112233448', '1984-01-21', 'Feminino', 'Não', 'Preta', 'Brasileiro', 'Santo André', 11147491069, 'Ensino Superior Completo', 'Engenheiro', 'Empregado', 'Divorciado', 5, 'Não', true, true, true, true, false, false, false, false, false, false);
insert into pessoa (cpf_pessoa, nome, rg, data_nasc, genero, LGBTQIA, cor_raca, nacionalidade, naturalidade, whatsapp, escolaridade, profissao, situacao_emprego, estado_civil, total_familia, violencia_domestica, tem_filhos, possui_beneficio, possui_renda, fez_tratamento, possui_investimento, possui_casa_propria, possui_apto, possui_terreno, possui_imovel_comercial, possui_automovel) values ('22334455690', 'Fábio Costa', '223344559', '1964-08-13', 'Masculino', 'Sim', 'Indígena', 'Brasileiro', 'São Caetano do Sul', 11755477916, 'Ensino Médio Completo', 'Publicitário', 'Empregado', 'Casado', 5, 'Não', false, false, false, true, false, false, false, false, true, false);
insert into pessoa (cpf_pessoa, nome, rg, data_nasc, genero, LGBTQIA, cor_raca, nacionalidade, naturalidade, whatsapp, escolaridade, profissao, situacao_emprego, estado_civil, total_familia, violencia_domestica, tem_filhos, possui_beneficio, possui_renda, fez_tratamento, possui_investimento, possui_casa_propria, possui_apto, possui_terreno, possui_imovel_comercial, possui_automovel) values ('33445566701', 'Ana Luiza Nunes', '334455670', '1970-03-10', 'Feminino', 'Sim', 'Parda', 'Brasileiro', 'São Paulo', 11822767727, 'Ensino Médio Incompleto', 'Secretário', 'Desempregado', 'Casado', 7, 'Não', false, true, true, true, true, true, false, false, true, true);
insert into pessoa (cpf_pessoa, nome, rg, data_nasc, genero, LGBTQIA, cor_raca, nacionalidade, naturalidade, whatsapp, escolaridade, profissao, situacao_emprego, estado_civil, total_familia, violencia_domestica, tem_filhos, possui_beneficio, possui_renda, fez_tratamento, possui_investimento, possui_casa_propria, possui_apto, possui_terreno, possui_imovel_comercial, possui_automovel) values ('44556677812', 'Rodrigo Almeida', '445566771', '1984-11-13', 'Masculino', 'Não', 'Amarela', 'Brasileiro', 'São Caetano do Sul', 11631649542, 'Ensino Superior Completo', 'Veterinário', 'Desempregado', 'Viúvo', 4, 'Não', false, true, false, false, false, false, true, true, true, true);
insert into pessoa (cpf_pessoa, nome, rg, data_nasc, genero, LGBTQIA, cor_raca, nacionalidade, naturalidade, whatsapp, escolaridade, profissao, situacao_emprego, estado_civil, total_familia, violencia_domestica, tem_filhos, possui_beneficio, possui_renda, fez_tratamento, possui_investimento, possui_casa_propria, possui_apto, possui_terreno, possui_imovel_comercial, possui_automovel) values ('55667788923', 'Raquel Santos', '556677882', '1972-11-04', 'Feminino', 'Não', 'Parda', 'Brasileiro', 'São Paulo', 11831771816, 'Ensino Fundamental Completo', 'Administrador', 'Autônomo', 'Separado', 6, 'Não', true, false, true, false, false, false, false, true, true, false);
insert into pessoa (cpf_pessoa, nome, rg, data_nasc, genero, LGBTQIA, cor_raca, nacionalidade, naturalidade, whatsapp, escolaridade, profissao, situacao_emprego, estado_civil, total_familia, violencia_domestica, tem_filhos, possui_beneficio, possui_renda, fez_tratamento, possui_investimento, possui_casa_propria, possui_apto, possui_terreno, possui_imovel_comercial, possui_automovel) values ('66778899034', 'Ricardo Campos', '667788993', '1956-01-30', 'Masculino', 'Não', 'Indígena', 'Brasileiro', 'São Paulo', 11730196301, 'Ensino Superior Incompleto', 'Secretário', 'Empregado', 'Solteiro', 4, 'Sim', true, true, true, true, false, false, false, true, false, true);
insert into pessoa (cpf_pessoa, nome, rg, data_nasc, genero, LGBTQIA, cor_raca, nacionalidade, naturalidade, whatsapp, escolaridade, profissao, situacao_emprego, estado_civil, total_familia, violencia_domestica, tem_filhos, possui_beneficio, possui_renda, fez_tratamento, possui_investimento, possui_casa_propria, possui_apto, possui_terreno, possui_imovel_comercial, possui_automovel) values ('77889900145', 'Daniela Rodrigues', '778899004', '1957-12-07', 'Feminino', 'Não', 'Branca', 'Brasileiro', 'São Paulo', 11493036486, 'Ensino Superior Incompleto', 'Gerente de Projetos', 'Empregado', 'Separado', 5, 'Não', false, true, true, false, false, true, true, true, false, false);
insert into pessoa (cpf_pessoa, nome, rg, data_nasc, genero, LGBTQIA, cor_raca, nacionalidade, naturalidade, whatsapp, escolaridade, profissao, situacao_emprego, estado_civil, total_familia, violencia_domestica, tem_filhos, possui_beneficio, possui_renda, fez_tratamento, possui_investimento, possui_casa_propria, possui_apto, possui_terreno, possui_imovel_comercial, possui_automovel) values ('88990011256', 'Marcelo Ferreira', '889900115', '1987-07-30', 'Masculino', 'Sim', 'Indígena', 'Brasileiro', 'São Caetano do Sul', 11652248326, 'Ensino Médio Incompleto', 'Administrador', 'Desempregado', 'Separado', 4, 'Não', true, false, true, false, false, true, true, false, false, true);
insert into pessoa (cpf_pessoa, nome, rg, data_nasc, genero, LGBTQIA, cor_raca, nacionalidade, naturalidade, whatsapp, escolaridade, profissao, situacao_emprego, estado_civil, total_familia, violencia_domestica, tem_filhos, possui_beneficio, possui_renda, fez_tratamento, possui_investimento, possui_casa_propria, possui_apto, possui_terreno, possui_imovel_comercial, possui_automovel) values ('99001122367', 'Priscila Lima', '990011226', '1957-01-28', 'Feminino', 'Sim', 'Branca', 'Brasileiro', 'São Paulo', 11196021252, 'Ensino Médio Completo', 'Auditor', 'Desempregado', 'Solteiro', 5, 'Sim', true, true, true, false, true, false, false, true, true, true);
insert into pessoa (cpf_pessoa, nome, rg, data_nasc, genero, LGBTQIA, cor_raca, nacionalidade, naturalidade, whatsapp, escolaridade, profissao, situacao_emprego, estado_civil, total_familia, violencia_domestica, tem_filhos, possui_beneficio, possui_renda, fez_tratamento, possui_investimento, possui_casa_propria, possui_apto, possui_terreno, possui_imovel_comercial, possui_automovel) values ('00112233478', 'Jorge Almeida', '001122337', '1952-07-03', 'Masculino', 'Não', 'Parda', 'Brasileiro', 'Santo André', 11632142392, 'Ensino Médio Incompleto', 'Designer', 'Empregado', 'Casado', 4, 'Não', true, true, false, false, true, true, false, false, true, false);
insert into pessoa (cpf_pessoa, nome, rg, data_nasc, genero, LGBTQIA, cor_raca, nacionalidade, naturalidade, whatsapp, escolaridade, profissao, situacao_emprego, estado_civil, total_familia, violencia_domestica, tem_filhos, possui_beneficio, possui_renda, fez_tratamento, possui_investimento, possui_casa_propria, possui_apto, possui_terreno, possui_imovel_comercial, possui_automovel) values ('11223344600', 'Vanessa Oliveira', '112233449', '1962-12-20', 'Feminino', 'Não', 'Amarela', 'Brasileiro', 'São Paulo', 11929696818, 'Ensino Superior Incompleto', 'Fisioterapeuta', 'Desempregado', 'Solteiro', 2, 'Não', false, true, false, true, false, true, true, false, true, false);
insert into pessoa (cpf_pessoa, nome, rg, data_nasc, genero, LGBTQIA, cor_raca, nacionalidade, naturalidade, whatsapp, escolaridade, profissao, situacao_emprego, estado_civil, total_familia, violencia_domestica, tem_filhos, possui_beneficio, possui_renda, fez_tratamento, possui_investimento, possui_casa_propria, possui_apto, possui_terreno, possui_imovel_comercial, possui_automovel) values ('22334455711', 'Luiz Gustavo Costa', '223344560', '1987-12-23', 'Masculino', 'Não', 'Branca', 'Brasileiro', 'Santo André', 11431657568, 'Ensino Fundamental Completo', 'Contador', 'Autônomo', 'Divorciado', 4, 'Não', false, false, false, false, true, true, false, false, false, true);
insert into pessoa (cpf_pessoa, nome, rg, data_nasc, genero, LGBTQIA, cor_raca, nacionalidade, naturalidade, whatsapp, escolaridade, profissao, situacao_emprego, estado_civil, total_familia, violencia_domestica, tem_filhos, possui_beneficio, possui_renda, fez_tratamento, possui_investimento, possui_casa_propria, possui_apto, possui_terreno, possui_imovel_comercial, possui_automovel) values ('33445566822', 'Michele Santos', '334455671', '1971-04-10', 'Feminino', 'Sim', 'Amarela', 'Brasileiro', 'São Paulo', 11816980309, 'Ensino Superior Incompleto', 'Advogado', 'Empregado', 'Casado', 3, 'Sim', true, true, false, false, true, false, false, false, true, false);
insert into pessoa (cpf_pessoa, nome, rg, data_nasc, genero, LGBTQIA, cor_raca, nacionalidade, naturalidade, whatsapp, escolaridade, profissao, situacao_emprego, estado_civil, total_familia, violencia_domestica, tem_filhos, possui_beneficio, possui_renda, fez_tratamento, possui_investimento, possui_casa_propria, possui_apto, possui_terreno, possui_imovel_comercial, possui_automovel) values ('44556677933', 'Wellington Silva', '445566772', '1959-10-12', 'Masculino', 'Sim', 'Preta', 'Brasileiro', 'São Paulo', 11668715512, 'Ensino Superior Incompleto', 'Professor', 'Autônomo', 'Casado', 6, 'Sim', false, true, true, true, true, false, false, false, true, false);
insert into pessoa (cpf_pessoa, nome, rg, data_nasc, genero, LGBTQIA, cor_raca, nacionalidade, naturalidade, whatsapp, escolaridade, profissao, situacao_emprego, estado_civil, total_familia, violencia_domestica, tem_filhos, possui_beneficio, possui_renda, fez_tratamento, possui_investimento, possui_casa_propria, possui_apto, possui_terreno, possui_imovel_comercial, possui_automovel) values ('55667788044', 'Simone Pereira', '556677883', '1978-09-12', 'Feminino', 'Não', 'Indígena', 'Brasileiro', 'São Paulo', 11190410344, 'Ensino Médio Incompleto', 'Engenheiro', 'Autônomo', 'Divorciado', 6, 'Não', true, false, true, false, true, true, false, true, true, true);
insert into pessoa (cpf_pessoa, nome, rg, data_nasc, genero, LGBTQIA, cor_raca, nacionalidade, naturalidade, whatsapp, escolaridade, profissao, situacao_emprego, estado_civil, total_familia, violencia_domestica, tem_filhos, possui_beneficio, possui_renda, fez_tratamento, possui_investimento, possui_casa_propria, possui_apto, possui_terreno, possui_imovel_comercial, possui_automovel) values ('66778899155', 'Gustavo Lima', '667788994', '1988-02-21', 'Masculino', 'Sim', 'Amarela', 'Estrangeiro', 'São Paulo', 11231324614, 'Ensino Superior Completo', 'Economista', 'Empregado', 'Solteiro', 1, 'Não', true, true, false, true, true, true, false, false, true, true);
insert into pessoa (cpf_pessoa, nome, rg, data_nasc, genero, LGBTQIA, cor_raca, nacionalidade, naturalidade, whatsapp, escolaridade, profissao, situacao_emprego, estado_civil, total_familia, violencia_domestica, tem_filhos, possui_beneficio, possui_renda, fez_tratamento, possui_investimento, possui_casa_propria, possui_apto, possui_terreno, possui_imovel_comercial, possui_automovel) values ('77889900266', 'Fernanda Almeida', '778899005', '1958-11-28', 'Feminino', 'Sim', 'Preta', 'Estrangeiro', 'Barueri', 11924212287, 'Ensino Fundamental Completo', 'Advogado', 'Desempregado', 'Solteiro', 1, 'Sim', true, false, false, false, true, true, true, false, true, true);
insert into pessoa (cpf_pessoa, nome, rg, data_nasc, genero, LGBTQIA, cor_raca, nacionalidade, naturalidade, whatsapp, escolaridade, profissao, situacao_emprego, estado_civil, total_familia, violencia_domestica, tem_filhos, possui_beneficio, possui_renda, fez_tratamento, possui_investimento, possui_casa_propria, possui_apto, possui_terreno, possui_imovel_comercial, possui_automovel) values ('88990011377', 'Pedro Henrique Rocha', '889900116', '1985-11-20', 'Masculino', 'Não', 'Parda', 'Estrangeiro', 'Osasco', 11710372141, 'Ensino Superior Completo', 'Psicólogo', 'Desempregado', 'Casado', 3, 'Não', true, false, false, false, true, false, false, false, false, true);
insert into pessoa (cpf_pessoa, nome, rg, data_nasc, genero, LGBTQIA, cor_raca, nacionalidade, naturalidade, whatsapp, escolaridade, profissao, situacao_emprego, estado_civil, total_familia, violencia_domestica, tem_filhos, possui_beneficio, possui_renda, fez_tratamento, possui_investimento, possui_casa_propria, possui_apto, possui_terreno, possui_imovel_comercial, possui_automovel) values ('99001122488', 'Roberta Silva', '990011227', '1998-08-30', 'Feminino', 'Não', 'Amarela', 'Estrangeiro', 'Guarulhos', 11134141622, 'Ensino Superior Completo', 'Psicólogo', 'Desempregado', 'Viúvo', 6, 'Não', true, true, true, true, false, false, true, true, true, true);
insert into pessoa (cpf_pessoa, nome, rg, data_nasc, genero, LGBTQIA, cor_raca, nacionalidade, naturalidade, whatsapp, escolaridade, profissao, situacao_emprego, estado_civil, total_familia, violencia_domestica, tem_filhos, possui_beneficio, possui_renda, fez_tratamento, possui_investimento, possui_casa_propria, possui_apto, possui_terreno, possui_imovel_comercial, possui_automovel) values ('00112233599', 'Vítor Carvalho', '001122338', '1958-02-09', 'Masculino', 'Não', 'Preta', 'Brasileiro', 'Cotia', 11892149892, 'Ensino Médio Completo', 'Administrador', 'Desempregado', 'Casado', 5, 'Não', true, true, false, false, true, false, true, true, true, true);
insert into pessoa (cpf_pessoa, nome, rg, data_nasc, genero, LGBTQIA, cor_raca, nacionalidade, naturalidade, whatsapp, escolaridade, profissao, situacao_emprego, estado_civil, total_familia, violencia_domestica, tem_filhos, possui_beneficio, possui_renda, fez_tratamento, possui_investimento, possui_casa_propria, possui_apto, possui_terreno, possui_imovel_comercial, possui_automovel) values ('11223344711', 'Letícia Costa', '112233450', '1971-01-02', 'Feminino', 'Não', 'Parda', 'Brasileiro', 'São Paulo', 11941173012, 'Ensino Médio Incompleto', 'Cientista de Dados', 'Empregado', 'Casado', 5, 'Não', false, false, false, true, true, true, true, true, false, true);
insert into pessoa (cpf_pessoa, nome, rg, data_nasc, genero, LGBTQIA, cor_raca, nacionalidade, naturalidade, whatsapp, escolaridade, profissao, situacao_emprego, estado_civil, total_familia, violencia_domestica, tem_filhos, possui_beneficio, possui_renda, fez_tratamento, possui_investimento, possui_casa_propria, possui_apto, possui_terreno, possui_imovel_comercial, possui_automovel) values ('22334455822', 'Alan Ferreira', '223344561', '1994-07-04', 'Masculino', 'Não', 'Indígena', 'Brasileiro', 'São Paulo', 11441293019, 'Ensino Fundamental Incompleto', 'Cientista de Dados', 'Empregado', 'Separado', 1, 'Não', true, false, true, true, true, false, false, true, false, true);
insert into pessoa (cpf_pessoa, nome, rg, data_nasc, genero, LGBTQIA, cor_raca, nacionalidade, naturalidade, whatsapp, escolaridade, profissao, situacao_emprego, estado_civil, total_familia, violencia_domestica, tem_filhos, possui_beneficio, possui_renda, fez_tratamento, possui_investimento, possui_casa_propria, possui_apto, possui_terreno, possui_imovel_comercial, possui_automovel) values ('33445566933', 'Cíntia Santos', '334455672', '1956-01-18', 'Feminino', 'Sim', 'Preta', 'Brasileiro', 'Osasco', 11380976604, 'Ensino Médio Completo', 'Arquiteto', 'Autônomo', 'Viúvo', 6, 'Sim', true, true, false, false, false, false, false, true, true, true);
insert into pessoa (cpf_pessoa, nome, rg, data_nasc, genero, LGBTQIA, cor_raca, nacionalidade, naturalidade, whatsapp, escolaridade, profissao, situacao_emprego, estado_civil, total_familia, violencia_domestica, tem_filhos, possui_beneficio, possui_renda, fez_tratamento, possui_investimento, possui_casa_propria, possui_apto, possui_terreno, possui_imovel_comercial, possui_automovel) values ('44556677044', 'Rafael Castro', '445566773', '1961-01-04', 'Masculino', 'Sim', 'Branca', 'Brasileiro', 'São Paulo', 11540475004, 'Ensino Fundamental Incompleto', 'Analista de Sistemas', 'Autônomo', 'Divorciado', 4, 'Não', false, true, true, false, true, false, true, false, false, true);
insert into pessoa (cpf_pessoa, nome, rg, data_nasc, genero, LGBTQIA, cor_raca, nacionalidade, naturalidade, whatsapp, escolaridade, profissao, situacao_emprego, estado_civil, total_familia, violencia_domestica, tem_filhos, possui_beneficio, possui_renda, fez_tratamento, possui_investimento, possui_casa_propria, possui_apto, possui_terreno, possui_imovel_comercial, possui_automovel) values ('55667788155', 'Juliana Pereira', '556677884', '1984-08-02', 'Feminino', 'Não', 'Amarela', 'Brasileiro', 'São Paulo', 11651023721, 'Ensino Fundamental Incompleto', 'Veterinário', 'Autônomo', 'Casado', 2, 'Não', false, false, true, true, true, true, true, false, false, false);
insert into pessoa (cpf_pessoa, nome, rg, data_nasc, genero, LGBTQIA, cor_raca, nacionalidade, naturalidade, whatsapp, escolaridade, profissao, situacao_emprego, estado_civil, total_familia, violencia_domestica, tem_filhos, possui_beneficio, possui_renda, fez_tratamento, possui_investimento, possui_casa_propria, possui_apto, possui_terreno, possui_imovel_comercial, possui_automovel) values ('66778899266', 'Hugo Almeida', '667788995', '1960-04-19', 'Masculino', 'Sim', 'Amarela', 'Estrangeiro', 'Mauá', 11600880881, 'Ensino Médio Completo', 'Eletrotécnico', 'Autônomo', 'Divorciado', 8, 'Sim', true, false, true, false, false, false, false, false, true, true);
insert into pessoa (cpf_pessoa, nome, rg, data_nasc, genero, LGBTQIA, cor_raca, nacionalidade, naturalidade, whatsapp, escolaridade, profissao, situacao_emprego, estado_civil, total_familia, violencia_domestica, tem_filhos, possui_beneficio, possui_renda, fez_tratamento, possui_investimento, possui_casa_propria, possui_apto, possui_terreno, possui_imovel_comercial, possui_automovel) values ('77889900377', 'Luana Martins', '778899006', '1959-11-18', 'Feminino', 'Sim', 'Amarela', 'Brasileiro', 'Cotia', 11116489402, 'Ensino Fundamental Incompleto', 'Designer', 'Autônomo', 'Separado', 6, 'Não', false, false, true, true, false, false, true, true, true, true);
insert into pessoa (cpf_pessoa, nome, rg, data_nasc, genero, LGBTQIA, cor_raca, nacionalidade, naturalidade, whatsapp, escolaridade, profissao, situacao_emprego, estado_civil, total_familia, violencia_domestica, tem_filhos, possui_beneficio, possui_renda, fez_tratamento, possui_investimento, possui_casa_propria, possui_apto, possui_terreno, possui_imovel_comercial, possui_automovel) values ('88990011488', 'Bruno Costa', '889900117', '1977-10-28', 'Masculino', 'Sim', 'Amarela', 'Estrangeiro', 'Barueri', 11465305649, 'Ensino Fundamental Incompleto', 'Publicitário', 'Desempregado', 'Viúvo', 2, 'Não', true, false, false, false, false, false, false, true, true, true);
insert into pessoa (cpf_pessoa, nome, rg, data_nasc, genero, LGBTQIA, cor_raca, nacionalidade, naturalidade, whatsapp, escolaridade, profissao, situacao_emprego, estado_civil, total_familia, violencia_domestica, tem_filhos, possui_beneficio, possui_renda, fez_tratamento, possui_investimento, possui_casa_propria, possui_apto, possui_terreno, possui_imovel_comercial, possui_automovel) values ('99001122599', 'Camila Souza', '990011228', '1978-06-28', 'Feminino', 'Não', 'Parda', 'Brasileiro', 'São Paulo', 11337241241, 'Ensino Superior Incompleto', 'Designer Gráfico', 'Autônomo', 'Viúvo', 5, 'Sim', false, true, true, false, true, true, true, true, false, true);
insert into pessoa (cpf_pessoa, nome, rg, data_nasc, genero, LGBTQIA, cor_raca, nacionalidade, naturalidade, whatsapp, escolaridade, profissao, situacao_emprego, estado_civil, total_familia, violencia_domestica, tem_filhos, possui_beneficio, possui_renda, fez_tratamento, possui_investimento, possui_casa_propria, possui_apto, possui_terreno, possui_imovel_comercial, possui_automovel) values ('00112233600', 'William Rodrigues', '001122339', '1993-04-25', 'Masculino', 'Não', 'Indígena', 'Brasileiro', 'São Paulo', 11874861733, 'Ensino Superior Completo', 'Eletrotécnico', 'Autônomo', 'Divorciado', 1, 'Não', false, true, true, false, true, true, false, false, true, true);
insert into pessoa (cpf_pessoa, nome, rg, data_nasc, genero, LGBTQIA, cor_raca, nacionalidade, naturalidade, whatsapp, escolaridade, profissao, situacao_emprego, estado_civil, total_familia, violencia_domestica, tem_filhos, possui_beneficio, possui_renda, fez_tratamento, possui_investimento, possui_casa_propria, possui_apto, possui_terreno, possui_imovel_comercial, possui_automovel) values ('11223344822', 'Tatiane Oliveira', '112233451', '1985-12-28', 'Feminino', 'Não', 'Parda', 'Brasileiro', 'Osasco', 11278873762, 'Ensino Médio Completo', 'Farmacêutico', 'Empregado', 'Separado', 5, 'Não', true, true, true, true, true, true, true, false, true, false);
insert into pessoa (cpf_pessoa, nome, rg, data_nasc, genero, LGBTQIA, cor_raca, nacionalidade, naturalidade, whatsapp, escolaridade, profissao, situacao_emprego, estado_civil, total_familia, violencia_domestica, tem_filhos, possui_beneficio, possui_renda, fez_tratamento, possui_investimento, possui_casa_propria, possui_apto, possui_terreno, possui_imovel_comercial, possui_automovel) values ('22334455933', 'José Nunes', '223344562', '1985-12-21', 'Masculino', 'Sim', 'Indígena', 'Brasileiro', 'São Paulo', 11301710358, 'Ensino Superior Completo', 'Veterinário', 'Autônomo', 'Divorciado', 1, 'Não', false, false, true, false, false, false, false, false, false, false);
insert into pessoa (cpf_pessoa, nome, rg, data_nasc, genero, LGBTQIA, cor_raca, nacionalidade, naturalidade, whatsapp, escolaridade, profissao, situacao_emprego, estado_civil, total_familia, violencia_domestica, tem_filhos, possui_beneficio, possui_renda, fez_tratamento, possui_investimento, possui_casa_propria, possui_apto, possui_terreno, possui_imovel_comercial, possui_automovel) values ('33445567044', 'Larissa Almeida', '334455673', '1979-03-25', 'Feminino', 'Sim', 'Parda', 'Brasileiro', 'São Bernardo do Campo', 11931309638, 'Ensino Fundamental Incompleto', 'Analista de Sistemas', 'Autônomo', 'Viúvo', 5, 'Não', true, false, false, false, false, true, false, false, true, true);
insert into pessoa (cpf_pessoa, nome, rg, data_nasc, genero, LGBTQIA, cor_raca, nacionalidade, naturalidade, whatsapp, escolaridade, profissao, situacao_emprego, estado_civil, total_familia, violencia_domestica, tem_filhos, possui_beneficio, possui_renda, fez_tratamento, possui_investimento, possui_casa_propria, possui_apto, possui_terreno, possui_imovel_comercial, possui_automovel) values ('44556677155', 'Igor Silva', '445566774', '1956-11-19', 'Masculino', 'Não', 'Amarela', 'Brasileiro', 'São Paulo', 11965472968, 'Ensino Fundamental Completo', 'Psicólogo', 'Desempregado', 'Casado', 6, 'Sim', false, false, false, true, true, false, true, true, false, false);
insert into pessoa (cpf_pessoa, nome, rg, data_nasc, genero, LGBTQIA, cor_raca, nacionalidade, naturalidade, whatsapp, escolaridade, profissao, situacao_emprego, estado_civil, total_familia, violencia_domestica, tem_filhos, possui_beneficio, possui_renda, fez_tratamento, possui_investimento, possui_casa_propria, possui_apto, possui_terreno, possui_imovel_comercial, possui_automovel) values ('55667788266', 'Mariana Costa', '556677885', '1987-08-01', 'Feminino', 'Não', 'Amarela', 'Brasileiro', 'São Paulo', 11233987256, 'Ensino Médio Completo', 'Fisioterapeuta', 'Empregado', 'Casado', 8, 'Não', false, true, true, true, false, true, false, false, false, true);
insert into pessoa (cpf_pessoa, nome, rg, data_nasc, genero, LGBTQIA, cor_raca, nacionalidade, naturalidade, whatsapp, escolaridade, profissao, situacao_emprego, estado_civil, total_familia, violencia_domestica, tem_filhos, possui_beneficio, possui_renda, fez_tratamento, possui_investimento, possui_casa_propria, possui_apto, possui_terreno, possui_imovel_comercial, possui_automovel) values ('66778899377', 'Douglas Pereira', '667788996', '1966-12-28', 'Masculino', 'Sim', 'Amarela', 'Brasileiro', 'São Paulo', 11595367326, 'Ensino Fundamental Completo', 'Recursos Humanos', 'Autônomo', 'Separado', 1, 'Não', true, true, false, true, true, false, true, false, false, true);
insert into pessoa (cpf_pessoa, nome, rg, data_nasc, genero, LGBTQIA, cor_raca, nacionalidade, naturalidade, whatsapp, escolaridade, profissao, situacao_emprego, estado_civil, total_familia, violencia_domestica, tem_filhos, possui_beneficio, possui_renda, fez_tratamento, possui_investimento, possui_casa_propria, possui_apto, possui_terreno, possui_imovel_comercial, possui_automovel) values ('77889900488', 'Patricia Campos', '778899007', '1983-03-25', 'Feminino', 'Sim', 'Indígena', 'Brasileiro', 'São Bernardo do Campo', 11447172933, 'Ensino Superior Incompleto', 'Eletrotécnico', 'Autônomo', 'Casado', 5, 'Não', true, false, true, true, true, true, false, true, false, false);
insert into pessoa (cpf_pessoa, nome, rg, data_nasc, genero, LGBTQIA, cor_raca, nacionalidade, naturalidade, whatsapp, escolaridade, profissao, situacao_emprego, estado_civil, total_familia, violencia_domestica, tem_filhos, possui_beneficio, possui_renda, fez_tratamento, possui_investimento, possui_casa_propria, possui_apto, possui_terreno, possui_imovel_comercial, possui_automovel) values ('88990011599', 'Alan Santos', '889900118', '1955-02-07', 'Masculino', 'Sim', 'Indígena', 'Estrangeiro', 'São Paulo', 11369198642, 'Ensino Médio Incompleto', 'Professor', 'Desempregado', 'Viúvo', 4, 'Não', true, false, true, false, true, true, true, false, true, true);
insert into pessoa (cpf_pessoa, nome, rg, data_nasc, genero, LGBTQIA, cor_raca, nacionalidade, naturalidade, whatsapp, escolaridade, profissao, situacao_emprego, estado_civil, total_familia, violencia_domestica, tem_filhos, possui_beneficio, possui_renda, fez_tratamento, possui_investimento, possui_casa_propria, possui_apto, possui_terreno, possui_imovel_comercial, possui_automovel) values ('99001122600', 'Adriana Oliveira', '990011229', '1991-04-30', 'Feminino', 'Sim', 'Amarela', 'Brasileiro', 'Barueri', 11176975174, 'Ensino Fundamental Incompleto', 'Contador', 'Autônomo', 'Casado', 4, 'Não', true, true, false, true, false, true, false, false, true, true);
insert into pessoa (cpf_pessoa, nome, rg, data_nasc, genero, LGBTQIA, cor_raca, nacionalidade, naturalidade, whatsapp, escolaridade, profissao, situacao_emprego, estado_civil, total_familia, violencia_domestica, tem_filhos, possui_beneficio, possui_renda, fez_tratamento, possui_investimento, possui_casa_propria, possui_apto, possui_terreno, possui_imovel_comercial, possui_automovel) values ('00112233711', 'Ricardo Almeida', '001122340', '1952-03-15', 'Masculino', 'Não', 'Indígena', 'Brasileiro', 'São Paulo', 11230983911, 'Ensino Médio Completo', 'Publicitário', 'Desempregado', 'Divorciado', 3, 'Não', false, true, true, false, false, false, true, true, true, true);
insert into pessoa (cpf_pessoa, nome, rg, data_nasc, genero, LGBTQIA, cor_raca, nacionalidade, naturalidade, whatsapp, escolaridade, profissao, situacao_emprego, estado_civil, total_familia, violencia_domestica, tem_filhos, possui_beneficio, possui_renda, fez_tratamento, possui_investimento, possui_casa_propria, possui_apto, possui_terreno, possui_imovel_comercial, possui_automovel) values ('11223344933', 'Juliana Rocha', '112233452', '1966-10-21', 'Feminino', 'Não', 'Branca', 'Brasileiro', 'Santo André', 11422324361, 'Ensino Superior Completo', 'Técnico de Informática', 'Empregado', 'Viúvo', 7, 'Não', false, true, true, false, true, false, false, false, true, false);
insert into pessoa (cpf_pessoa, nome, rg, data_nasc, genero, LGBTQIA, cor_raca, nacionalidade, naturalidade, whatsapp, escolaridade, profissao, situacao_emprego, estado_civil, total_familia, violencia_domestica, tem_filhos, possui_beneficio, possui_renda, fez_tratamento, possui_investimento, possui_casa_propria, possui_apto, possui_terreno, possui_imovel_comercial, possui_automovel) values ('22334456044', 'André Ferreira', '223344563', '1981-10-28', 'Masculino', 'Não', 'Amarela', 'Brasileiro', 'São Paulo', 11611049602, 'Ensino Fundamental Incompleto', 'Administrador', 'Empregado', 'Solteiro', 4, 'Não', false, true, false, true, false, true, false, true, false, false);
insert into pessoa (cpf_pessoa, nome, rg, data_nasc, genero, LGBTQIA, cor_raca, nacionalidade, naturalidade, whatsapp, escolaridade, profissao, situacao_emprego, estado_civil, total_familia, violencia_domestica, tem_filhos, possui_beneficio, possui_renda, fez_tratamento, possui_investimento, possui_casa_propria, possui_apto, possui_terreno, possui_imovel_comercial, possui_automovel) values ('33445567155', 'Lívia Costa', '334455674', '1982-10-28', 'Feminino', 'Sim', 'Amarela', 'Brasileiro', 'São Paulo', 11202742266, 'Ensino Superior Incompleto', 'Jornalista', 'Autônomo', 'Viúvo', 1, 'Não', false, false, true, false, true, false, true, true, false, true);
insert into pessoa (cpf_pessoa, nome, rg, data_nasc, genero, LGBTQIA, cor_raca, nacionalidade, naturalidade, whatsapp, escolaridade, profissao, situacao_emprego, estado_civil, total_familia, violencia_domestica, tem_filhos, possui_beneficio, possui_renda, fez_tratamento, possui_investimento, possui_casa_propria, possui_apto, possui_terreno, possui_imovel_comercial, possui_automovel) values ('44556677266', 'Henrique Santos', '445566775', '1978-07-20', 'Masculino', 'Não', 'Branca', 'Brasileiro', 'São Paulo', 11440243842, 'Ensino Médio Incompleto', 'Farmacêutico', 'Desempregado', 'Solteiro', 4, 'Não', true, false, false, true, false, false, true, true, true, false);
insert into pessoa (cpf_pessoa, nome, rg, data_nasc, genero, LGBTQIA, cor_raca, nacionalidade, naturalidade, whatsapp, escolaridade, profissao, situacao_emprego, estado_civil, total_familia, violencia_domestica, tem_filhos, possui_beneficio, possui_renda, fez_tratamento, possui_investimento, possui_casa_propria, possui_apto, possui_terreno, possui_imovel_comercial, possui_automovel) values ('55667788377', 'Erica Silva', '556677886', '1982-04-30', 'Feminino', 'Não', 'Amarela', 'Brasileiro', 'São Bernardo do Campo', 11333206722, 'Ensino Superior Incompleto', 'Jornalista', 'Empregado', 'Casado', 4, 'Sim', false, false, false, false, true, false, true, true, true, true);
insert into pessoa (cpf_pessoa, nome, rg, data_nasc, genero, LGBTQIA, cor_raca, nacionalidade, naturalidade, whatsapp, escolaridade, profissao, situacao_emprego, estado_civil, total_familia, violencia_domestica, tem_filhos, possui_beneficio, possui_renda, fez_tratamento, possui_investimento, possui_casa_propria, possui_apto, possui_terreno, possui_imovel_comercial, possui_automovel) values ('66778899488', 'Douglas Lima', '667788997', '1975-02-16', 'Masculino', 'Sim', 'Indígena', 'Estrangeiro', 'São Caetano do Sul', 11462227087, 'Ensino Fundamental Incompleto', 'Secretário', 'Empregado', 'Viúvo', 6, 'Não', true, true, false, false, false, true, true, false, false, false);
insert into pessoa (cpf_pessoa, nome, rg, data_nasc, genero, LGBTQIA, cor_raca, nacionalidade, naturalidade, whatsapp, escolaridade, profissao, situacao_emprego, estado_civil, total_familia, violencia_domestica, tem_filhos, possui_beneficio, possui_renda, fez_tratamento, possui_investimento, possui_casa_propria, possui_apto, possui_terreno, possui_imovel_comercial, possui_automovel) values ('77889900599', 'Samara Costa', '778899008', '1986-10-21', 'Feminino', 'Sim', 'Branca', 'Brasileiro', 'Mauá', 11528564032, 'Ensino Médio Completo', 'Engenheiro', 'Desempregado', 'Divorciado', 7, 'Não', true, true, false, true, true, false, true, false, true, false);
insert into pessoa (cpf_pessoa, nome, rg, data_nasc, genero, LGBTQIA, cor_raca, nacionalidade, naturalidade, whatsapp, escolaridade, profissao, situacao_emprego, estado_civil, total_familia, violencia_domestica, tem_filhos, possui_beneficio, possui_renda, fez_tratamento, possui_investimento, possui_casa_propria, possui_apto, possui_terreno, possui_imovel_comercial, possui_automovel) values ('88990011600', 'Francisco Almeida', '889900119', '1979-09-21', 'Masculino', 'Sim', 'Branca', 'Brasileiro', 'Diadema', 11910869014, 'Ensino Médio Incompleto', 'Farmacêutico', 'Desempregado', 'Casado', 7, 'Não', true, true, true, false, false, true, true, false, true, false);
insert into pessoa (cpf_pessoa, nome, rg, data_nasc, genero, LGBTQIA, cor_raca, nacionalidade, naturalidade, whatsapp, escolaridade, profissao, situacao_emprego, estado_civil, total_familia, violencia_domestica, tem_filhos, possui_beneficio, possui_renda, fez_tratamento, possui_investimento, possui_casa_propria, possui_apto, possui_terreno, possui_imovel_comercial, possui_automovel) values ('99001122711', 'Gabrielle Pereira', '990011230', '1979-03-19', 'Feminino', 'Não', 'Indígena', 'Brasileiro', 'Mauá', 11174667606, 'Ensino Superior Incompleto', 'Administrador', 'Autônomo', 'Separado', 3, 'Não', false, true, true, true, true, false, false, true, true, true);
insert into pessoa (cpf_pessoa, nome, rg, data_nasc, genero, LGBTQIA, cor_raca, nacionalidade, naturalidade, whatsapp, escolaridade, profissao, situacao_emprego, estado_civil, total_familia, violencia_domestica, tem_filhos, possui_beneficio, possui_renda, fez_tratamento, possui_investimento, possui_casa_propria, possui_apto, possui_terreno, possui_imovel_comercial, possui_automovel) values ('00112233822', 'Carlos Souza', '001122341', '1956-09-02', 'Masculino', 'Sim', 'Amarela', 'Brasileiro', 'Cotia', 11380905678, 'Ensino Fundamental Incompleto', 'Eletrotécnico', 'Autônomo', 'Solteiro', 3, 'Não', true, true, false, false, true, false, true, true, false, true);
insert into pessoa (cpf_pessoa, nome, rg, data_nasc, genero, LGBTQIA, cor_raca, nacionalidade, naturalidade, whatsapp, escolaridade, profissao, situacao_emprego, estado_civil, total_familia, violencia_domestica, tem_filhos, possui_beneficio, possui_renda, fez_tratamento, possui_investimento, possui_casa_propria, possui_apto, possui_terreno, possui_imovel_comercial, possui_automovel) values ('11223345044', 'Letícia Campos', '112233453', '1967-03-23', 'Feminino', 'Não', 'Parda', 'Brasileiro', 'Diadema', 11358485673, 'Ensino Fundamental Completo', 'Dentista', 'Autônomo', 'Separado', 6, 'Não', true, true, true, false, false, true, true, true, true, true);
insert into pessoa (cpf_pessoa, nome, rg, data_nasc, genero, LGBTQIA, cor_raca, nacionalidade, naturalidade, whatsapp, escolaridade, profissao, situacao_emprego, estado_civil, total_familia, violencia_domestica, tem_filhos, possui_beneficio, possui_renda, fez_tratamento, possui_investimento, possui_casa_propria, possui_apto, possui_terreno, possui_imovel_comercial, possui_automovel) values ('22334456155', 'Sergio Martins', '223344564', '1987-11-29', 'Masculino', 'Não', 'Amarela', 'Brasileiro', 'São Bernardo do Campo', 11133624159, 'Ensino Médio Incompleto', 'Recursos Humanos', 'Desempregado', 'Divorciado', 7, 'Não', false, false, true, false, false, true, true, true, true, false);
insert into pessoa (cpf_pessoa, nome, rg, data_nasc, genero, LGBTQIA, cor_raca, nacionalidade, naturalidade, whatsapp, escolaridade, profissao, situacao_emprego, estado_civil, total_familia, violencia_domestica, tem_filhos, possui_beneficio, possui_renda, fez_tratamento, possui_investimento, possui_casa_propria, possui_apto, possui_terreno, possui_imovel_comercial, possui_automovel) values ('33445567266', 'Mariana Silva', '334455675', '1959-05-10', 'Feminino', 'Não', 'Indígena', 'Estrangeiro', 'Osasco', 11803238081, 'Ensino Fundamental Incompleto', 'Chef de Cozinha', 'Autônomo', 'Casado', 7, 'Não', false, false, true, true, true, false, true, false, false, false);
insert into pessoa (cpf_pessoa, nome, rg, data_nasc, genero, LGBTQIA, cor_raca, nacionalidade, naturalidade, whatsapp, escolaridade, profissao, situacao_emprego, estado_civil, total_familia, violencia_domestica, tem_filhos, possui_beneficio, possui_renda, fez_tratamento, possui_investimento, possui_casa_propria, possui_apto, possui_terreno, possui_imovel_comercial, possui_automovel) values ('44556677377', 'Igor Castro', '445566776', '1951-02-04', 'Masculino', 'Não', 'Branca', 'Estrangeiro', 'Osasco', 11563155906, 'Ensino Fundamental Incompleto', 'Jornalista', 'Autônomo', 'Solteiro', 4, 'Não', false, false, true, false, true, false, false, true, false, true);
insert into pessoa (cpf_pessoa, nome, rg, data_nasc, genero, LGBTQIA, cor_raca, nacionalidade, naturalidade, whatsapp, escolaridade, profissao, situacao_emprego, estado_civil, total_familia, violencia_domestica, tem_filhos, possui_beneficio, possui_renda, fez_tratamento, possui_investimento, possui_casa_propria, possui_apto, possui_terreno, possui_imovel_comercial, possui_automovel) values ('55667788488', 'Raíssa Almeida', '556677887', '1980-10-16', 'Feminino', 'Sim', 'Indígena', 'Brasileiro', 'São Paulo', 11583351259, 'Ensino Fundamental Incompleto', 'Analista de Sistemas', 'Autônomo', 'Divorciado', 5, 'Sim', true, true, false, true, false, true, true, true, true, false);
insert into pessoa (cpf_pessoa, nome, rg, data_nasc, genero, LGBTQIA, cor_raca, nacionalidade, naturalidade, whatsapp, escolaridade, profissao, situacao_emprego, estado_civil, total_familia, violencia_domestica, tem_filhos, possui_beneficio, possui_renda, fez_tratamento, possui_investimento, possui_casa_propria, possui_apto, possui_terreno, possui_imovel_comercial, possui_automovel) values ('66778899599', 'Felipe Rodrigues', '667788998', '1969-11-19', 'Masculino', 'Não', 'Amarela', 'Brasileiro', 'Guarulhos', 11563696057, 'Ensino Superior Incompleto', 'Técnico de Informática', 'Empregado', 'Separado', 8, 'Sim', true, true, false, true, true, true, false, true, false, true);
insert into pessoa (cpf_pessoa, nome, rg, data_nasc, genero, LGBTQIA, cor_raca, nacionalidade, naturalidade, whatsapp, escolaridade, profissao, situacao_emprego, estado_civil, total_familia, violencia_domestica, tem_filhos, possui_beneficio, possui_renda, fez_tratamento, possui_investimento, possui_casa_propria, possui_apto, possui_terreno, possui_imovel_comercial, possui_automovel) values ('77889900600', 'Ana Carolina Santos', '778899009', '1992-03-23', 'Feminino', 'Sim', 'Preta', 'Brasileiro', 'São Bernardo do Campo', 11734817082, 'Ensino Fundamental Incompleto', 'Cientista de Dados', 'Empregado', 'Casado', 2, 'Não', false, true, true, false, true, false, false, true, true, true);
insert into pessoa (cpf_pessoa, nome, rg, data_nasc, genero, LGBTQIA, cor_raca, nacionalidade, naturalidade, whatsapp, escolaridade, profissao, situacao_emprego, estado_civil, total_familia, violencia_domestica, tem_filhos, possui_beneficio, possui_renda, fez_tratamento, possui_investimento, possui_casa_propria, possui_apto, possui_terreno, possui_imovel_comercial, possui_automovel) values ('88990011711', 'Ricardo Lima', '889900120', '1977-10-16', 'Masculino', 'Não', 'Branca', 'Estrangeiro', 'Mauá', 11565339861, 'Ensino Superior Incompleto', 'Produtor Cultural', 'Autônomo', 'Divorciado', 8, 'Não', true, true, false, false, true, true, true, true, false, true);
insert into pessoa (cpf_pessoa, nome, rg, data_nasc, genero, LGBTQIA, cor_raca, nacionalidade, naturalidade, whatsapp, escolaridade, profissao, situacao_emprego, estado_civil, total_familia, violencia_domestica, tem_filhos, possui_beneficio, possui_renda, fez_tratamento, possui_investimento, possui_casa_propria, possui_apto, possui_terreno, possui_imovel_comercial, possui_automovel) values ('99001122822', 'Isabela Costa', '990011231', '1979-12-09', 'Feminino', 'Não', 'Branca', 'Brasileiro', 'Diadema', 11461642236, 'Ensino Médio Incompleto', 'Professor', 'Desempregado', 'Separado', 3, 'Não', false, false, true, false, false, true, true, false, true, true);
insert into pessoa (cpf_pessoa, nome, rg, data_nasc, genero, LGBTQIA, cor_raca, nacionalidade, naturalidade, whatsapp, escolaridade, profissao, situacao_emprego, estado_civil, total_familia, violencia_domestica, tem_filhos, possui_beneficio, possui_renda, fez_tratamento, possui_investimento, possui_casa_propria, possui_apto, possui_terreno, possui_imovel_comercial, possui_automovel) values ('00112233933', 'Matheus Pereira.', '001122342', '1961-08-24', 'Masculino', 'Não', 'Preta', 'Brasileiro', 'São Paulo', 11478637752, 'Ensino Superior Completo', 'Produtor Cultural', 'Desempregado', 'Solteiro', 4, 'Não', false, true, true, true, true, true, true, false, false, true);

insert into endereco_pessoa (FK_cpf_pessoa, cep, rua, bairro, cidade, uf) values ('12345678901', '01001000', 'Avenida São João', 'Vila Nova', 'São Paulo', 'SP');
insert into endereco_pessoa (FK_cpf_pessoa, cep, rua, bairro, cidade, uf) values ('23456789012', '02020000', 'Rua das Flores', 'Jardim das Flores', 'Guarulhos', 'SP');
insert into endereco_pessoa (FK_cpf_pessoa, cep, rua, bairro, cidade, uf) values ('34567890123', '03030300', 'Rua do Carmo', 'Centro Histórico', 'Osasco', 'SP');
insert into endereco_pessoa (FK_cpf_pessoa, cep, rua, bairro, cidade, uf) values ('45678901234', '04040400', 'Rua dos Pinheiros', 'Parque das Nações', 'Santo André', 'SP');
insert into endereco_pessoa (FK_cpf_pessoa, cep, rua, bairro, cidade, uf) values ('56789012345', '05050500', 'Avenida Brasil', 'Boa Vista', 'São Bernardo do Campo', 'SP');
insert into endereco_pessoa (FK_cpf_pessoa, cep, rua, bairro, cidade, uf) values ('67890123456', '06060600', 'Rua das Acácias', 'São João', 'São Caetano do Sul', 'SP');
insert into endereco_pessoa (FK_cpf_pessoa, cep, rua, bairro, cidade, uf) values ('78901234567', '07070700', 'Rua do Sol', 'Jardim São Paulo', 'Mauá', 'SP');
insert into endereco_pessoa (FK_cpf_pessoa, cep, rua, bairro, cidade, uf) values ('89012345678', '08080800', 'Rua das Orquídeas', 'Vila Olímpia', 'Diadema', 'SP');
insert into endereco_pessoa (FK_cpf_pessoa, cep, rua, bairro, cidade, uf) values ('90123456789', '09090900', 'Avenida Paulista', 'Jardim Botânico', 'Barueri', 'SP');
insert into endereco_pessoa (FK_cpf_pessoa, cep, rua, bairro, cidade, uf) values ('01234567890', '10101000', 'Rua do Porto', 'Jardim América', 'Cotia', 'SP');
insert into endereco_pessoa (FK_cpf_pessoa, cep, rua, bairro, cidade, uf) values ('11223344556', '11111100', 'Rua da Alegria', 'Vila Mariana', 'São Paulo', 'SP');
insert into endereco_pessoa (FK_cpf_pessoa, cep, rua, bairro, cidade, uf) values ('22334455667', '12121200', 'Rua do Mercado', 'Morumbi', 'Guarulhos', 'SP');
insert into endereco_pessoa (FK_cpf_pessoa, cep, rua, bairro, cidade, uf) values ('33445566778', '13131300', 'Avenida dos Andradas', 'Alto da Lapa', 'Osasco', 'SP');
insert into endereco_pessoa (FK_cpf_pessoa, cep, rua, bairro, cidade, uf) values ('44556677889', '14141400', 'Rua da Liberdade', 'Vila Madalena', 'Santo André', 'SP');
insert into endereco_pessoa (FK_cpf_pessoa, cep, rua, bairro, cidade, uf) values ('55667788990', '15151500', 'Rua do Rio', 'Brooklin', 'São Bernardo do Campo', 'SP');
insert into endereco_pessoa (FK_cpf_pessoa, cep, rua, bairro, cidade, uf) values ('66778899001', '16161600', 'Rua das Palmeiras', 'Jardim das Acácias', 'São Caetano do Sul', 'SP');
insert into endereco_pessoa (FK_cpf_pessoa, cep, rua, bairro, cidade, uf) values ('77889900112', '17171700', 'Rua da Paz', 'Santo Amaro', 'Mauá', 'SP');
insert into endereco_pessoa (FK_cpf_pessoa, cep, rua, bairro, cidade, uf) values ('88990011223', '18181800', 'Rua do Vale', 'Vila Prudente', 'Diadema', 'SP');
insert into endereco_pessoa (FK_cpf_pessoa, cep, rua, bairro, cidade, uf) values ('99001122334', '19191900', 'Rua das Margaridas', 'Barra Funda', 'Barueri', 'SP');
insert into endereco_pessoa (FK_cpf_pessoa, cep, rua, bairro, cidade, uf) values ('00112233445', '20202000', 'Avenida das Nações', 'Ipiranga', 'Cotia', 'SP');
insert into endereco_pessoa (FK_cpf_pessoa, cep, rua, bairro, cidade, uf) values ('11223344567', '21212100', 'Rua dos Lírios', 'Santa Cecília', 'São Paulo', 'SP');
insert into endereco_pessoa (FK_cpf_pessoa, cep, rua, bairro, cidade, uf) values ('22334455678', '22222200', 'Rua do Lago', 'Saúde', 'Guarulhos', 'SP');
insert into endereco_pessoa (FK_cpf_pessoa, cep, rua, bairro, cidade, uf) values ('33445566789', '23232300', 'Rua das Estrelas', 'Lapa', 'Osasco', 'SP');
insert into endereco_pessoa (FK_cpf_pessoa, cep, rua, bairro, cidade, uf) values ('44556677890', '24242400', 'Rua da Saúde', 'Vila Sônia', 'Santo André', 'SP');
insert into endereco_pessoa (FK_cpf_pessoa, cep, rua, bairro, cidade, uf) values ('55667788901', '25252500', 'Rua do Trabalhador', 'Jardim São Jorge', 'São Bernardo do Campo', 'SP');
insert into endereco_pessoa (FK_cpf_pessoa, cep, rua, bairro, cidade, uf) values ('66778899012', '26262600', 'Avenida das Américas', 'Vila Gomes', 'São Caetano do Sul', 'SP');
insert into endereco_pessoa (FK_cpf_pessoa, cep, rua, bairro, cidade, uf) values ('77889900123', '27272700', 'Rua das Acácias', 'Campo Belo', 'Mauá', 'SP');
insert into endereco_pessoa (FK_cpf_pessoa, cep, rua, bairro, cidade, uf) values ('88990011234', '28282800', 'Rua do Comércio', 'Vila Progredior', 'Diadema', 'SP');
insert into endereco_pessoa (FK_cpf_pessoa, cep, rua, bairro, cidade, uf) values ('99001122345', '29292900', 'Rua das Begônias', 'Alto de Pinheiros', 'Barueri', 'SP');
insert into endereco_pessoa (FK_cpf_pessoa, cep, rua, bairro, cidade, uf) values ('00112233456', '30303000', 'Avenida Getúlio Vargas', 'Cidade Jardim', 'Cotia', 'SP');
insert into endereco_pessoa (FK_cpf_pessoa, cep, rua, bairro, cidade, uf) values ('11223344578', '31313100', 'Rua do Bosque', 'Jardim dos Estados', 'São Paulo', 'SP');
insert into endereco_pessoa (FK_cpf_pessoa, cep, rua, bairro, cidade, uf) values ('22334455689', '32323200', 'Rua dos Sabiás', 'Consolação', 'Guarulhos', 'SP');
insert into endereco_pessoa (FK_cpf_pessoa, cep, rua, bairro, cidade, uf) values ('33445566790', '33333300', 'Rua das Rosas', 'Perdizes', 'Osasco', 'SP');
insert into endereco_pessoa (FK_cpf_pessoa, cep, rua, bairro, cidade, uf) values ('44556677801', '34343400', 'Rua do Bosque', 'Higienópolis', 'Santo André', 'SP');
insert into endereco_pessoa (FK_cpf_pessoa, cep, rua, bairro, cidade, uf) values ('55667788912', '35353500', 'Rua da Esperança', 'São Cristóvão', 'São Bernardo do Campo', 'SP');
insert into endereco_pessoa (FK_cpf_pessoa, cep, rua, bairro, cidade, uf) values ('66778899023', '36363600', 'Rua do Túnel', 'Jardim Guedala', 'São Caetano do Sul', 'SP');
insert into endereco_pessoa (FK_cpf_pessoa, cep, rua, bairro, cidade, uf) values ('77889900134', '37373700', 'Rua dos Coqueiros', 'Jardim São Luiz', 'Mauá', 'SP');
insert into endereco_pessoa (FK_cpf_pessoa, cep, rua, bairro, cidade, uf) values ('88990011245', '38383800', 'Rua da Independência', 'Vila Jardim', 'Diadema', 'SP');
insert into endereco_pessoa (FK_cpf_pessoa, cep, rua, bairro, cidade, uf) values ('99001122356', '39393900', 'Rua do Sol Nascente', 'Vila Cordeiro', 'Barueri', 'SP');
insert into endereco_pessoa (FK_cpf_pessoa, cep, rua, bairro, cidade, uf) values ('00112233467', '40404000', 'Rua das Cerejeiras', 'Vila Nova', 'Cotia', 'SP');
insert into endereco_pessoa (FK_cpf_pessoa, cep, rua, bairro, cidade, uf) values ('11223344589', '41414100', 'Rua da Amizade', 'Jardim das Flores', 'São Paulo', 'SP');
insert into endereco_pessoa (FK_cpf_pessoa, cep, rua, bairro, cidade, uf) values ('22334455690', '42424200', 'Rua do Progresso', 'Centro Histórico', 'Guarulhos', 'SP');
insert into endereco_pessoa (FK_cpf_pessoa, cep, rua, bairro, cidade, uf) values ('33445566701', '43434300', 'Rua das Laranjeiras', 'Parque das Nações', 'Osasco', 'SP');
insert into endereco_pessoa (FK_cpf_pessoa, cep, rua, bairro, cidade, uf) values ('44556677812', '44444400', 'Rua da Abolição', 'Boa Vista', 'Santo André', 'SP');
insert into endereco_pessoa (FK_cpf_pessoa, cep, rua, bairro, cidade, uf) values ('55667788923', '45454500', 'Rua do Chapéu', 'São João', 'São Bernardo do Campo', 'SP');
insert into endereco_pessoa (FK_cpf_pessoa, cep, rua, bairro, cidade, uf) values ('66778899034', '46464600', 'Rua das Pitangas', 'Jardim São Paulo', 'São Caetano do Sul', 'SP');
insert into endereco_pessoa (FK_cpf_pessoa, cep, rua, bairro, cidade, uf) values ('77889900145', '47474700', 'Rua do Povo', 'Vila Olímpia', 'Mauá', 'SP');
insert into endereco_pessoa (FK_cpf_pessoa, cep, rua, bairro, cidade, uf) values ('88990011256', '48484800', 'Rua dos Girassóis', 'Jardim Botânico', 'Diadema', 'SP');
insert into endereco_pessoa (FK_cpf_pessoa, cep, rua, bairro, cidade, uf) values ('99001122367', '49494900', 'Rua da Vitória', 'Jardim América', 'Barueri', 'SP');
insert into endereco_pessoa (FK_cpf_pessoa, cep, rua, bairro, cidade, uf) values ('00112233478', '50505000', 'Rua do Sumaré', 'Vila Mariana', 'Cotia', 'SP');
insert into endereco_pessoa (FK_cpf_pessoa, cep, rua, bairro, cidade, uf) values ('11223344600', '51515100', 'Rua das Petúnias', 'Morumbi', 'São Paulo', 'SP');
insert into endereco_pessoa (FK_cpf_pessoa, cep, rua, bairro, cidade, uf) values ('22334455711', '52525200', 'Rua da Conquista', 'Alto da Lapa', 'Guarulhos', 'SP');
insert into endereco_pessoa (FK_cpf_pessoa, cep, rua, bairro, cidade, uf) values ('33445566822', '53535300', 'Rua do Horizonte', 'Vila Madalena', 'Osasco', 'SP');
insert into endereco_pessoa (FK_cpf_pessoa, cep, rua, bairro, cidade, uf) values ('44556677933', '54545400', 'Rua das Hortênsias', 'Brooklin', 'Santo André', 'SP');
insert into endereco_pessoa (FK_cpf_pessoa, cep, rua, bairro, cidade, uf) values ('55667788044', '55555500', 'Rua da Felicidade', 'Jardim das Acácias', 'São Bernardo do Campo', 'SP');
insert into endereco_pessoa (FK_cpf_pessoa, cep, rua, bairro, cidade, uf) values ('66778899155', '56565600', 'Rua do Parque', 'Santo Amaro', 'São Caetano do Sul', 'SP');
insert into endereco_pessoa (FK_cpf_pessoa, cep, rua, bairro, cidade, uf) values ('77889900266', '57575700', 'Rua das Acácias', 'Vila Prudente', 'Mauá', 'SP');
insert into endereco_pessoa (FK_cpf_pessoa, cep, rua, bairro, cidade, uf) values ('88990011377', '58585800', 'Rua do Arvoredo', 'Barra Funda', 'Diadema', 'SP');
insert into endereco_pessoa (FK_cpf_pessoa, cep, rua, bairro, cidade, uf) values ('99001122488', '59595900', 'Rua das Goiabeiras', 'Ipiranga', 'Barueri', 'SP');
insert into endereco_pessoa (FK_cpf_pessoa, cep, rua, bairro, cidade, uf) values ('00112233599', '60606000', 'Rua da Amizade', 'Santa Cecília', 'Cotia', 'SP');
insert into endereco_pessoa (FK_cpf_pessoa, cep, rua, bairro, cidade, uf) values ('11223344711', '61616100', 'Rua do Capivari', 'Saúde', 'São Paulo', 'SP');
insert into endereco_pessoa (FK_cpf_pessoa, cep, rua, bairro, cidade, uf) values ('22334455822', '62626200', 'Rua dos Anjos', 'Lapa', 'Guarulhos', 'SP');
insert into endereco_pessoa (FK_cpf_pessoa, cep, rua, bairro, cidade, uf) values ('33445566933', '63636300', 'Rua das Magnólias', 'Vila Sônia', 'Osasco', 'SP');
insert into endereco_pessoa (FK_cpf_pessoa, cep, rua, bairro, cidade, uf) values ('44556677044', '64646400', 'Rua do Vento', 'Jardim São Jorge', 'Santo André', 'SP');
insert into endereco_pessoa (FK_cpf_pessoa, cep, rua, bairro, cidade, uf) values ('55667788155', '65656500', 'Rua da Serra', 'Vila Gomes', 'São Bernardo do Campo', 'SP');
insert into endereco_pessoa (FK_cpf_pessoa, cep, rua, bairro, cidade, uf) values ('66778899266', '66666600', 'Rua do Pacaembu', 'Campo Belo', 'São Caetano do Sul', 'SP');
insert into endereco_pessoa (FK_cpf_pessoa, cep, rua, bairro, cidade, uf) values ('77889900377', '67676700', 'Rua das Acácias', 'Vila Progredior', 'Mauá', 'SP');
insert into endereco_pessoa (FK_cpf_pessoa, cep, rua, bairro, cidade, uf) values ('88990011488', '68686800', 'Rua do Coração', 'Alto de Pinheiros', 'Diadema', 'SP');
insert into endereco_pessoa (FK_cpf_pessoa, cep, rua, bairro, cidade, uf) values ('99001122599', '69696900', 'Rua dos Prímulas', 'Cidade Jardim', 'Barueri', 'SP');
insert into endereco_pessoa (FK_cpf_pessoa, cep, rua, bairro, cidade, uf) values ('00112233600', '70707000', 'Rua da Tradição', 'Jardim dos Estados', 'Cotia', 'SP');
insert into endereco_pessoa (FK_cpf_pessoa, cep, rua, bairro, cidade, uf) values ('11223344822', '71717100', 'Rua do Pinho', 'Consolação', 'São Paulo', 'SP');
insert into endereco_pessoa (FK_cpf_pessoa, cep, rua, bairro, cidade, uf) values ('22334455933', '72727200', 'Rua das Oliveiras', 'Perdizes', 'Guarulhos', 'SP');
insert into endereco_pessoa (FK_cpf_pessoa, cep, rua, bairro, cidade, uf) values ('33445567044', '73737300', 'Rua do Centro', 'Higienópolis', 'Osasco', 'SP');
insert into endereco_pessoa (FK_cpf_pessoa, cep, rua, bairro, cidade, uf) values ('44556677155', '74747400', 'Rua das Lavandas', 'São Cristóvão', 'Santo André', 'SP');
insert into endereco_pessoa (FK_cpf_pessoa, cep, rua, bairro, cidade, uf) values ('55667788266', '75757500', 'Rua do Lago Azul', 'Jardim Guedala', 'São Bernardo do Campo', 'SP');
insert into endereco_pessoa (FK_cpf_pessoa, cep, rua, bairro, cidade, uf) values ('66778899377', '76767600', 'Rua dos Eucaliptos', 'Jardim São Luiz', 'São Caetano do Sul', 'SP');
insert into endereco_pessoa (FK_cpf_pessoa, cep, rua, bairro, cidade, uf) values ('77889900488', '77777700', 'Rua da Fraternidade', 'Vila Jardim', 'Mauá', 'SP');
insert into endereco_pessoa (FK_cpf_pessoa, cep, rua, bairro, cidade, uf) values ('88990011599', '78787800', 'Rua do Recanto', 'Vila Cordeiro', 'Diadema', 'SP');
insert into endereco_pessoa (FK_cpf_pessoa, cep, rua, bairro, cidade, uf) values ('99001122600', '79797900', 'Rua das Margaridas', 'Vila Nova', 'Barueri', 'SP');
insert into endereco_pessoa (FK_cpf_pessoa, cep, rua, bairro, cidade, uf) values ('00112233711', '80808000', 'Rua do Trabalho', 'Jardim das Flores', 'Cotia', 'SP');
insert into endereco_pessoa (FK_cpf_pessoa, cep, rua, bairro, cidade, uf) values ('11223344933', '81818100', 'Rua das Aroeiras', 'Centro Histórico', 'São Paulo', 'SP');
insert into endereco_pessoa (FK_cpf_pessoa, cep, rua, bairro, cidade, uf) values ('22334456044', '82828200', 'Rua do Sabiá', 'Parque das Nações', 'Guarulhos', 'SP');
insert into endereco_pessoa (FK_cpf_pessoa, cep, rua, bairro, cidade, uf) values ('33445567155', '83838300', 'Rua das Violetas', 'Boa Vista', 'Osasco', 'SP');
insert into endereco_pessoa (FK_cpf_pessoa, cep, rua, bairro, cidade, uf) values ('44556677266', '84848400', 'Rua do Montado', 'São João', 'Santo André', 'SP');
insert into endereco_pessoa (FK_cpf_pessoa, cep, rua, bairro, cidade, uf) values ('55667788377', '85858500', 'Rua das Américas', 'Jardim São Paulo', 'São Bernardo do Campo', 'SP');
insert into endereco_pessoa (FK_cpf_pessoa, cep, rua, bairro, cidade, uf) values ('66778899488', '86868600', 'Rua do Campo', 'Vila Olímpia', 'São Caetano do Sul', 'SP');
insert into endereco_pessoa (FK_cpf_pessoa, cep, rua, bairro, cidade, uf) values ('77889900599', '87878700', 'Rua dos Pinheiros', 'Jardim Botânico', 'Mauá', 'SP');
insert into endereco_pessoa (FK_cpf_pessoa, cep, rua, bairro, cidade, uf) values ('88990011600', '88888800', 'Rua da União', 'Jardim América', 'Diadema', 'SP');
insert into endereco_pessoa (FK_cpf_pessoa, cep, rua, bairro, cidade, uf) values ('99001122711', '89898900', 'Rua das Pérolas', 'Vila Mariana', 'Barueri', 'SP');
insert into endereco_pessoa (FK_cpf_pessoa, cep, rua, bairro, cidade, uf) values ('00112233822', '90909000', 'Rua dos Jequitibás', 'Morumbi', 'Cotia', 'SP');
insert into endereco_pessoa (FK_cpf_pessoa, cep, rua, bairro, cidade, uf) values ('11223345044', '01001000', 'Rua da Lenda', 'Alto da Lapa', 'São Paulo', 'SP');
insert into endereco_pessoa (FK_cpf_pessoa, cep, rua, bairro, cidade, uf) values ('22334456155', '02020000', 'Rua do Pimentel', 'Vila Madalena', 'Guarulhos', 'SP');
insert into endereco_pessoa (FK_cpf_pessoa, cep, rua, bairro, cidade, uf) values ('33445567266', '03030300', 'Rua das Avenidas', 'Brooklin', 'Osasco', 'SP');
insert into endereco_pessoa (FK_cpf_pessoa, cep, rua, bairro, cidade, uf) values ('44556677377', '04040400', 'Avenida São João', 'Jardim das Acácias', 'Santo André', 'SP');
insert into endereco_pessoa (FK_cpf_pessoa, cep, rua, bairro, cidade, uf) values ('55667788488', '05050500', 'Rua das Flores', 'Santo Amaro', 'São Bernardo do Campo', 'SP');
insert into endereco_pessoa (FK_cpf_pessoa, cep, rua, bairro, cidade, uf) values ('66778899599', '06060600', 'Rua do Carmo', 'Vila Prudente', 'São Caetano do Sul', 'SP');
insert into endereco_pessoa (FK_cpf_pessoa, cep, rua, bairro, cidade, uf) values ('77889900600', '07070700', 'Rua dos Pinheiros', 'Barra Funda', 'Mauá', 'SP');
insert into endereco_pessoa (FK_cpf_pessoa, cep, rua, bairro, cidade, uf) values ('88990011711', '08080800', 'Avenida Brasil', 'Ipiranga', 'Diadema', 'SP');
insert into endereco_pessoa (FK_cpf_pessoa, cep, rua, bairro, cidade, uf) values ('99001122822', '09090900', 'Rua das Acácias', 'Santa Cecília', 'Barueri', 'SP');
insert into endereco_pessoa (FK_cpf_pessoa, cep, rua, bairro, cidade, uf) values ('00112233933', '10101000', 'Rua do Sol', 'Saúde', 'Cotia', 'SP');

insert into email_pessoa (FK_cpf_pessoa, email_pessoa) values ('12345678901', 'ana.silva@email.com');
insert into email_pessoa (FK_cpf_pessoa, email_pessoa) values ('23456789012', 'joao.santos@email.com');
insert into email_pessoa (FK_cpf_pessoa, email_pessoa) values ('34567890123', 'maria.oliveira@email.com');
insert into email_pessoa (FK_cpf_pessoa, email_pessoa) values ('45678901234', 'pedro.souza@email.com');
insert into email_pessoa (FK_cpf_pessoa, email_pessoa) values ('56789012345', 'beatriz.costa@email.com');
insert into email_pessoa (FK_cpf_pessoa, email_pessoa) values ('67890123456', 'rafael.pereira@email.com');
insert into email_pessoa (FK_cpf_pessoa, email_pessoa) values ('78901234567', 'julia.lima@email.com');
insert into email_pessoa (FK_cpf_pessoa, email_pessoa) values ('89012345678', 'lucas.ferreira@email.com');
insert into email_pessoa (FK_cpf_pessoa, email_pessoa) values ('90123456789', 'laura.almeida@email.com');
insert into email_pessoa (FK_cpf_pessoa, email_pessoa) values ('01234567890', 'gabriel.rocha@email.com');
insert into email_pessoa (FK_cpf_pessoa, email_pessoa) values ('11223344556', 'isabella.martins@email.com');
insert into email_pessoa (FK_cpf_pessoa, email_pessoa) values ('22334455667', 'daniel.carvalho@email.com');
insert into email_pessoa (FK_cpf_pessoa, email_pessoa) values ('33445566778', 'camila.gomes@email.com');
insert into email_pessoa (FK_cpf_pessoa, email_pessoa) values ('44556677889', 'felipe.almeida@email.com');
insert into email_pessoa (FK_cpf_pessoa, email_pessoa) values ('55667788990', 'mariana.pinto@email.com');
insert into email_pessoa (FK_cpf_pessoa, email_pessoa) values ('66778899001', 'thiago.rodrigues@email.com');
insert into email_pessoa (FK_cpf_pessoa, email_pessoa) values ('77889900112', 'carolina.fernandes@email.com');
insert into email_pessoa (FK_cpf_pessoa, email_pessoa) values ('88990011223', 'gustavo.nunes@email.com');
insert into email_pessoa (FK_cpf_pessoa, email_pessoa) values ('99001122334', 'larissa.santos@email.com');
insert into email_pessoa (FK_cpf_pessoa, email_pessoa) values ('00112233445', 'bruno.melo@email.com');
insert into email_pessoa (FK_cpf_pessoa, email_pessoa) values ('11223344567', 'aline.araujo@email.com');
insert into email_pessoa (FK_cpf_pessoa, email_pessoa) values ('22334455678', 'vinicius.almeida@email.com');
insert into email_pessoa (FK_cpf_pessoa, email_pessoa) values ('33445566789', 'renata.costa@email.com');
insert into email_pessoa (FK_cpf_pessoa, email_pessoa) values ('44556677890', 'igor.moreira@email.com');
insert into email_pessoa (FK_cpf_pessoa, email_pessoa) values ('55667788901', 'roberta.castro@email.com');
insert into email_pessoa (FK_cpf_pessoa, email_pessoa) values ('66778899012', 'felipe.oliveira@email.com');
insert into email_pessoa (FK_cpf_pessoa, email_pessoa) values ('77889900123', 'larissa.costa@email.com');
insert into email_pessoa (FK_cpf_pessoa, email_pessoa) values ('88990011234', 'matheus.almeida@email.com');
insert into email_pessoa (FK_cpf_pessoa, email_pessoa) values ('99001122345', 'juliana.campos@email.com');
insert into email_pessoa (FK_cpf_pessoa, email_pessoa) values ('00112233456', 'eduardo.martins@email.com');
insert into email_pessoa (FK_cpf_pessoa, email_pessoa) values ('11223344578', 'viviane.lima@email.com');
insert into email_pessoa (FK_cpf_pessoa, email_pessoa) values ('22334455689', 'leonardo.pereira@email.com');
insert into email_pessoa (FK_cpf_pessoa, email_pessoa) values ('33445566790', 'nathalia.silva@email.com');
insert into email_pessoa (FK_cpf_pessoa, email_pessoa) values ('44556677801', 'andre.souza@email.com');
insert into email_pessoa (FK_cpf_pessoa, email_pessoa) values ('55667788912', 'tania.ribeiro@email.com');
insert into email_pessoa (FK_cpf_pessoa, email_pessoa) values ('66778899023', 'diego.santos@email.com');
insert into email_pessoa (FK_cpf_pessoa, email_pessoa) values ('77889900134', 'patricia.carvalho@email.com');
insert into email_pessoa (FK_cpf_pessoa, email_pessoa) values ('88990011245', 'marcos.oliveira@email.com');
insert into email_pessoa (FK_cpf_pessoa, email_pessoa) values ('99001122356', 'sabrina.ferreira@email.com');
insert into email_pessoa (FK_cpf_pessoa, email_pessoa) values ('00112233467', 'alexandre.pinto@email.com');
insert into email_pessoa (FK_cpf_pessoa, email_pessoa) values ('11223344589', 'gabriela.lima@email.com');
insert into email_pessoa (FK_cpf_pessoa, email_pessoa) values ('22334455690', 'fabio.costa@email.com');
insert into email_pessoa (FK_cpf_pessoa, email_pessoa) values ('33445566701', 'ana.luiza.nunes@email.com');
insert into email_pessoa (FK_cpf_pessoa, email_pessoa) values ('44556677812', 'rodrigo.almeida@email.com');
insert into email_pessoa (FK_cpf_pessoa, email_pessoa) values ('55667788923', 'raquel.santos@email.com');
insert into email_pessoa (FK_cpf_pessoa, email_pessoa) values ('66778899034', 'ricardo.campos@email.com');
insert into email_pessoa (FK_cpf_pessoa, email_pessoa) values ('77889900145', 'daniela.rodrigues@email.com');
insert into email_pessoa (FK_cpf_pessoa, email_pessoa) values ('88990011256', 'marcelo.ferreira@email.com');
insert into email_pessoa (FK_cpf_pessoa, email_pessoa) values ('99001122367', 'priscila.lima@email.com');
insert into email_pessoa (FK_cpf_pessoa, email_pessoa) values ('00112233478', 'jorge.almeida@email.com');
insert into email_pessoa (FK_cpf_pessoa, email_pessoa) values ('11223344600', 'vanessa.oliveira@email.com');
insert into email_pessoa (FK_cpf_pessoa, email_pessoa) values ('22334455711', 'luiz.gustavo.costa@email.com');
insert into email_pessoa (FK_cpf_pessoa, email_pessoa) values ('33445566822', 'michele.santos@email.com');
insert into email_pessoa (FK_cpf_pessoa, email_pessoa) values ('44556677933', 'wellington.silva@email.com');
insert into email_pessoa (FK_cpf_pessoa, email_pessoa) values ('55667788044', 'simone.pereira@email.com');
insert into email_pessoa (FK_cpf_pessoa, email_pessoa) values ('66778899155', 'gustavo.lima@email.com');
insert into email_pessoa (FK_cpf_pessoa, email_pessoa) values ('77889900266', 'fernanda.almeida@email.com');
insert into email_pessoa (FK_cpf_pessoa, email_pessoa) values ('88990011377', 'pedro.henrique.rocha@email.com');
insert into email_pessoa (FK_cpf_pessoa, email_pessoa) values ('99001122488', 'roberta.silva@email.com');
insert into email_pessoa (FK_cpf_pessoa, email_pessoa) values ('00112233599', 'vitor.carvalho@email.com');
insert into email_pessoa (FK_cpf_pessoa, email_pessoa) values ('11223344711', 'leticia.costa@email.com');
insert into email_pessoa (FK_cpf_pessoa, email_pessoa) values ('22334455822', 'alan.ferreira@email.com');
insert into email_pessoa (FK_cpf_pessoa, email_pessoa) values ('33445566933', 'cintia.santos@email.com');
insert into email_pessoa (FK_cpf_pessoa, email_pessoa) values ('44556677044', 'rafael.castro@email.com');
insert into email_pessoa (FK_cpf_pessoa, email_pessoa) values ('55667788155', 'juliana.pereira@email.com');
insert into email_pessoa (FK_cpf_pessoa, email_pessoa) values ('66778899266', 'hugo.almeida@email.com');
insert into email_pessoa (FK_cpf_pessoa, email_pessoa) values ('77889900377', 'luana.martins@email.com');
insert into email_pessoa (FK_cpf_pessoa, email_pessoa) values ('88990011488', 'bruno.costa@email.com');
insert into email_pessoa (FK_cpf_pessoa, email_pessoa) values ('99001122599', 'camila.souza@email.com');
insert into email_pessoa (FK_cpf_pessoa, email_pessoa) values ('00112233600', 'william.rodrigues@email.com');
insert into email_pessoa (FK_cpf_pessoa, email_pessoa) values ('11223344822', 'tatiane.oliveira@email.com');
insert into email_pessoa (FK_cpf_pessoa, email_pessoa) values ('22334455933', 'jose.nunes@email.com');
insert into email_pessoa (FK_cpf_pessoa, email_pessoa) values ('33445567044', 'larissa.almeida@email.com');
insert into email_pessoa (FK_cpf_pessoa, email_pessoa) values ('44556677155', 'igor.silva@email.com');
insert into email_pessoa (FK_cpf_pessoa, email_pessoa) values ('55667788266', 'mariana.costa@email.com');
insert into email_pessoa (FK_cpf_pessoa, email_pessoa) values ('66778899377', 'douglas.pereira@email.com');
insert into email_pessoa (FK_cpf_pessoa, email_pessoa) values ('77889900488', 'patricia.campos@email.com');
insert into email_pessoa (FK_cpf_pessoa, email_pessoa) values ('88990011599', 'alan.santos@email.com');
insert into email_pessoa (FK_cpf_pessoa, email_pessoa) values ('99001122600', 'adriana.oliveira@email.com');
insert into email_pessoa (FK_cpf_pessoa, email_pessoa) values ('00112233711', 'ricardo.almeida@email.com');
insert into email_pessoa (FK_cpf_pessoa, email_pessoa) values ('11223344933', 'juliana.rocha@email.com');
insert into email_pessoa (FK_cpf_pessoa, email_pessoa) values ('22334456044', 'andre.ferreira@email.com');
insert into email_pessoa (FK_cpf_pessoa, email_pessoa) values ('33445567155', 'livia.costa@email.com');
insert into email_pessoa (FK_cpf_pessoa, email_pessoa) values ('44556677266', 'henrique.santos@email.com');
insert into email_pessoa (FK_cpf_pessoa, email_pessoa) values ('55667788377', 'erica.silva@email.com');
insert into email_pessoa (FK_cpf_pessoa, email_pessoa) values ('66778899488', 'douglas.lima@email.com');
insert into email_pessoa (FK_cpf_pessoa, email_pessoa) values ('77889900599', 'samara.costa@email.com');
insert into email_pessoa (FK_cpf_pessoa, email_pessoa) values ('88990011600', 'francisco.almeida@email.com');
insert into email_pessoa (FK_cpf_pessoa, email_pessoa) values ('99001122711', 'gabrielle.pereira@email.com');
insert into email_pessoa (FK_cpf_pessoa, email_pessoa) values ('00112233822', 'carlos.souza@email.com');
insert into email_pessoa (FK_cpf_pessoa, email_pessoa) values ('11223345044', 'leticia.campos@email.com');
insert into email_pessoa (FK_cpf_pessoa, email_pessoa) values ('22334456155', 'sergio.martins@email.com');
insert into email_pessoa (FK_cpf_pessoa, email_pessoa) values ('33445567266', 'mariana.silva@email.com');
insert into email_pessoa (FK_cpf_pessoa, email_pessoa) values ('44556677377', 'igor.castro@email.com');
insert into email_pessoa (FK_cpf_pessoa, email_pessoa) values ('55667788488', 'raissa.almeida@email.com');
insert into email_pessoa (FK_cpf_pessoa, email_pessoa) values ('66778899599', 'felipe.rodrigues@email.com');
insert into email_pessoa (FK_cpf_pessoa, email_pessoa) values ('77889900600', 'ana.carolina.santos@email.com');
insert into email_pessoa (FK_cpf_pessoa, email_pessoa) values ('88990011711', 'ricardo.lima@email.com');
insert into email_pessoa (FK_cpf_pessoa, email_pessoa) values ('99001122822', 'isabela.costa@email.com');
insert into email_pessoa (FK_cpf_pessoa, email_pessoa) values ('00112233933', 'matheus.pereira@email.com');

insert into tel_pessoa (FK_cpf_pessoa, telefone_pessoa) values ('12345678901', 11987654321);
insert into tel_pessoa (FK_cpf_pessoa, telefone_pessoa) values ('23456789012', 11923456789);
insert into tel_pessoa (FK_cpf_pessoa, telefone_pessoa) values ('34567890123', 11934567890);
insert into tel_pessoa (FK_cpf_pessoa, telefone_pessoa) values ('45678901234', 11945678901);
insert into tel_pessoa (FK_cpf_pessoa, telefone_pessoa) values ('56789012345', 11956789012);
insert into tel_pessoa (FK_cpf_pessoa, telefone_pessoa) values ('67890123456', 11967890123);
insert into tel_pessoa (FK_cpf_pessoa, telefone_pessoa) values ('78901234567', 11978901234);
insert into tel_pessoa (FK_cpf_pessoa, telefone_pessoa) values ('89012345678', 11989012345);
insert into tel_pessoa (FK_cpf_pessoa, telefone_pessoa) values ('90123456789', 11990123456);
insert into tel_pessoa (FK_cpf_pessoa, telefone_pessoa) values ('01234567890', 11901234567);
insert into tel_pessoa (FK_cpf_pessoa, telefone_pessoa) values ('11223344556', 11912345678);
insert into tel_pessoa (FK_cpf_pessoa, telefone_pessoa) values ('22334455667', 11923456780);
insert into tel_pessoa (FK_cpf_pessoa, telefone_pessoa) values ('33445566778', 11934567891);
insert into tel_pessoa (FK_cpf_pessoa, telefone_pessoa) values ('44556677889', 11945678902);
insert into tel_pessoa (FK_cpf_pessoa, telefone_pessoa) values ('55667788990', 11956789023);
insert into tel_pessoa (FK_cpf_pessoa, telefone_pessoa) values ('66778899001', 11967890134);
insert into tel_pessoa (FK_cpf_pessoa, telefone_pessoa) values ('77889900112', 11978901245);
insert into tel_pessoa (FK_cpf_pessoa, telefone_pessoa) values ('88990011223', 11989012356);
insert into tel_pessoa (FK_cpf_pessoa, telefone_pessoa) values ('99001122334', 11990123467);
insert into tel_pessoa (FK_cpf_pessoa, telefone_pessoa) values ('00112233445', 11901234578);
insert into tel_pessoa (FK_cpf_pessoa, telefone_pessoa) values ('11223344567', 11912345679);
insert into tel_pessoa (FK_cpf_pessoa, telefone_pessoa) values ('22334455678', 11923456781);
insert into tel_pessoa (FK_cpf_pessoa, telefone_pessoa) values ('33445566789', 11934567892);
insert into tel_pessoa (FK_cpf_pessoa, telefone_pessoa) values ('44556677890', 11945678903);
insert into tel_pessoa (FK_cpf_pessoa, telefone_pessoa) values ('55667788901', 11956789034);
insert into tel_pessoa (FK_cpf_pessoa, telefone_pessoa) values ('66778899012', 11967890145);
insert into tel_pessoa (FK_cpf_pessoa, telefone_pessoa) values ('77889900123', 11978901256);
insert into tel_pessoa (FK_cpf_pessoa, telefone_pessoa) values ('88990011234', 11989012367);
insert into tel_pessoa (FK_cpf_pessoa, telefone_pessoa) values ('99001122345', 11990123478);
insert into tel_pessoa (FK_cpf_pessoa, telefone_pessoa) values ('00112233456', 11901234589);
insert into tel_pessoa (FK_cpf_pessoa, telefone_pessoa) values ('11223344578', 11912345680);
insert into tel_pessoa (FK_cpf_pessoa, telefone_pessoa) values ('22334455689', 11923456782);
insert into tel_pessoa (FK_cpf_pessoa, telefone_pessoa) values ('33445566790', 11934567893);
insert into tel_pessoa (FK_cpf_pessoa, telefone_pessoa) values ('44556677801', 11945678904);
insert into tel_pessoa (FK_cpf_pessoa, telefone_pessoa) values ('55667788912', 11956789045);
insert into tel_pessoa (FK_cpf_pessoa, telefone_pessoa) values ('66778899023', 11967890156);
insert into tel_pessoa (FK_cpf_pessoa, telefone_pessoa) values ('77889900134', 11978901267);
insert into tel_pessoa (FK_cpf_pessoa, telefone_pessoa) values ('88990011245', 11989012378);
insert into tel_pessoa (FK_cpf_pessoa, telefone_pessoa) values ('99001122356', 11990123489);
insert into tel_pessoa (FK_cpf_pessoa, telefone_pessoa) values ('00112233467', 11901234590);
insert into tel_pessoa (FK_cpf_pessoa, telefone_pessoa) values ('11223344589', 11912345681);
insert into tel_pessoa (FK_cpf_pessoa, telefone_pessoa) values ('22334455690', 11923456783);
insert into tel_pessoa (FK_cpf_pessoa, telefone_pessoa) values ('33445566701', 11934567894);
insert into tel_pessoa (FK_cpf_pessoa, telefone_pessoa) values ('44556677812', 11945678905);
insert into tel_pessoa (FK_cpf_pessoa, telefone_pessoa) values ('55667788923', 11956789056);
insert into tel_pessoa (FK_cpf_pessoa, telefone_pessoa) values ('66778899034', 11967890167);
insert into tel_pessoa (FK_cpf_pessoa, telefone_pessoa) values ('77889900145', 11978901278);
insert into tel_pessoa (FK_cpf_pessoa, telefone_pessoa) values ('88990011256', 11989012389);
insert into tel_pessoa (FK_cpf_pessoa, telefone_pessoa) values ('99001122367', 11990123490);
insert into tel_pessoa (FK_cpf_pessoa, telefone_pessoa) values ('00112233478', 11901234601);
insert into tel_pessoa (FK_cpf_pessoa, telefone_pessoa) values ('11223344600', 11912345682);
insert into tel_pessoa (FK_cpf_pessoa, telefone_pessoa) values ('22334455711', 11923456784);
insert into tel_pessoa (FK_cpf_pessoa, telefone_pessoa) values ('33445566822', 11934567895);
insert into tel_pessoa (FK_cpf_pessoa, telefone_pessoa) values ('44556677933', 11945678906);
insert into tel_pessoa (FK_cpf_pessoa, telefone_pessoa) values ('55667788044', 11956789067);
insert into tel_pessoa (FK_cpf_pessoa, telefone_pessoa) values ('66778899155', 11967890178);
insert into tel_pessoa (FK_cpf_pessoa, telefone_pessoa) values ('77889900266', 11978901289);
insert into tel_pessoa (FK_cpf_pessoa, telefone_pessoa) values ('88990011377', 11989012401);
insert into tel_pessoa (FK_cpf_pessoa, telefone_pessoa) values ('99001122488', 11990123501);
insert into tel_pessoa (FK_cpf_pessoa, telefone_pessoa) values ('00112233599', 11901234612);
insert into tel_pessoa (FK_cpf_pessoa, telefone_pessoa) values ('11223344711', 11912345683);
insert into tel_pessoa (FK_cpf_pessoa, telefone_pessoa) values ('22334455822', 11923456785);
insert into tel_pessoa (FK_cpf_pessoa, telefone_pessoa) values ('33445566933', 11934567896);
insert into tel_pessoa (FK_cpf_pessoa, telefone_pessoa) values ('44556677044', 11945678907);
insert into tel_pessoa (FK_cpf_pessoa, telefone_pessoa) values ('55667788155', 11956789078);
insert into tel_pessoa (FK_cpf_pessoa, telefone_pessoa) values ('66778899266', 11967890189);
insert into tel_pessoa (FK_cpf_pessoa, telefone_pessoa) values ('77889900377', 11978901301);
insert into tel_pessoa (FK_cpf_pessoa, telefone_pessoa) values ('88990011488', 11989012412);
insert into tel_pessoa (FK_cpf_pessoa, telefone_pessoa) values ('99001122599', 11990123512);
insert into tel_pessoa (FK_cpf_pessoa, telefone_pessoa) values ('00112233600', 11901234623);
insert into tel_pessoa (FK_cpf_pessoa, telefone_pessoa) values ('11223344822', 11912345684);
insert into tel_pessoa (FK_cpf_pessoa, telefone_pessoa) values ('22334455933', 11923456786);
insert into tel_pessoa (FK_cpf_pessoa, telefone_pessoa) values ('33445567044', 11934567897);
insert into tel_pessoa (FK_cpf_pessoa, telefone_pessoa) values ('44556677155', 11945678908);
insert into tel_pessoa (FK_cpf_pessoa, telefone_pessoa) values ('55667788266', 11956789089);
insert into tel_pessoa (FK_cpf_pessoa, telefone_pessoa) values ('66778899377', 11967890201);
insert into tel_pessoa (FK_cpf_pessoa, telefone_pessoa) values ('77889900488', 11978901312);
insert into tel_pessoa (FK_cpf_pessoa, telefone_pessoa) values ('88990011599', 11989012423);
insert into tel_pessoa (FK_cpf_pessoa, telefone_pessoa) values ('99001122600', 11990123523);
insert into tel_pessoa (FK_cpf_pessoa, telefone_pessoa) values ('00112233711', 11901234634);
insert into tel_pessoa (FK_cpf_pessoa, telefone_pessoa) values ('11223344933', 11912345685);
insert into tel_pessoa (FK_cpf_pessoa, telefone_pessoa) values ('22334456044', 11923456787);
insert into tel_pessoa (FK_cpf_pessoa, telefone_pessoa) values ('33445567155', 11934567898);
insert into tel_pessoa (FK_cpf_pessoa, telefone_pessoa) values ('44556677266', 11945678909);
insert into tel_pessoa (FK_cpf_pessoa, telefone_pessoa) values ('55667788377', 11956789101);
insert into tel_pessoa (FK_cpf_pessoa, telefone_pessoa) values ('66778899488', 11967890212);
insert into tel_pessoa (FK_cpf_pessoa, telefone_pessoa) values ('77889900599', 11978901323);
insert into tel_pessoa (FK_cpf_pessoa, telefone_pessoa) values ('88990011600', 11989012434);
insert into tel_pessoa (FK_cpf_pessoa, telefone_pessoa) values ('99001122711', 11990123534);
insert into tel_pessoa (FK_cpf_pessoa, telefone_pessoa) values ('00112233822', 11901234645);
insert into tel_pessoa (FK_cpf_pessoa, telefone_pessoa) values ('11223345044', 11912345686);
insert into tel_pessoa (FK_cpf_pessoa, telefone_pessoa) values ('22334456155', 11923456788);
insert into tel_pessoa (FK_cpf_pessoa, telefone_pessoa) values ('33445567266', 11934567899);
insert into tel_pessoa (FK_cpf_pessoa, telefone_pessoa) values ('44556677377', 11945679010);
insert into tel_pessoa (FK_cpf_pessoa, telefone_pessoa) values ('55667788488', 11956789112);
insert into tel_pessoa (FK_cpf_pessoa, telefone_pessoa) values ('66778899599', 11967890223);
insert into tel_pessoa (FK_cpf_pessoa, telefone_pessoa) values ('77889900600', 11978901334);
insert into tel_pessoa (FK_cpf_pessoa, telefone_pessoa) values ('88990011711', 11989012445);
insert into tel_pessoa (FK_cpf_pessoa, telefone_pessoa) values ('99001122822', 11990123545);
insert into tel_pessoa (FK_cpf_pessoa, telefone_pessoa) values ('00112233933', 11901234656);

insert into estagiario (cod_estagiario, nome, tipo_estagiario) values (1, 'Lucas Almeida', 'V');
insert into estagiario (cod_estagiario, nome, tipo_estagiario) values (2, 'Maria Silva', 'P');
insert into estagiario (cod_estagiario, nome, tipo_estagiario) values (3, 'João Santos', 'A');
insert into estagiario (cod_estagiario, nome, tipo_estagiario) values (4, 'Ana Oliveira', 'A');
insert into estagiario (cod_estagiario, nome, tipo_estagiario) values (5, 'Pedro Costa', 'V');
insert into estagiario (cod_estagiario, nome, tipo_estagiario) values (6, 'Rafael Pereira', 'A');
insert into estagiario (cod_estagiario, nome, tipo_estagiario) values (7, 'Júlia Rodrigues', 'A');
insert into estagiario (cod_estagiario, nome, tipo_estagiario) values (8, 'Gabriel Souza', 'V');
insert into estagiario (cod_estagiario, nome, tipo_estagiario) values (9, 'Luísa Lima', 'V');
insert into estagiario (cod_estagiario, nome, tipo_estagiario) values (10, 'Bruno Fernandes', 'P');
insert into estagiario (cod_estagiario, nome, tipo_estagiario) values (11, 'Beatriz Rocha', 'V');
insert into estagiario (cod_estagiario, nome, tipo_estagiario) values (12, 'Matheus Araujo', 'A');
insert into estagiario (cod_estagiario, nome, tipo_estagiario) values (13, 'Laura Martins', 'A');
insert into estagiario (cod_estagiario, nome, tipo_estagiario) values (14, 'Felipe Carvalho', 'A');
insert into estagiario (cod_estagiario, nome, tipo_estagiario) values (15, 'Mariana Ribeiro', 'P');
insert into estagiario (cod_estagiario, nome, tipo_estagiario) values (16, 'Guilherme Castro', 'P');
insert into estagiario (cod_estagiario, nome, tipo_estagiario) values (17, 'Larissa Melo', 'V');
insert into estagiario (cod_estagiario, nome, tipo_estagiario) values (18, 'Thiago Nunes', 'P');
insert into estagiario (cod_estagiario, nome, tipo_estagiario) values (19, 'Camila Freitas', 'A');
insert into estagiario (cod_estagiario, nome, tipo_estagiario) values (20, 'Henrique Barbosa', 'V');
insert into estagiario (cod_estagiario, nome, tipo_estagiario) values (21, 'Isabel Machado', 'P');
insert into estagiario (cod_estagiario, nome, tipo_estagiario) values (22, 'Gustavo Cardoso', 'A');
insert into estagiario (cod_estagiario, nome, tipo_estagiario) values (23, 'Alice Pinto', 'P');
insert into estagiario (cod_estagiario, nome, tipo_estagiario) values (24, 'Daniel Teixeira', 'P');
insert into estagiario (cod_estagiario, nome, tipo_estagiario) values (25, 'Sofia Lopes', 'P');
insert into estagiario (cod_estagiario, nome, tipo_estagiario) values (26, 'André Melo', 'A');
insert into estagiario (cod_estagiario, nome, tipo_estagiario) values (27, 'Vitória Campos', 'P');
insert into estagiario (cod_estagiario, nome, tipo_estagiario) values (28, 'Leonardo Ribeiro', 'P');
insert into estagiario (cod_estagiario, nome, tipo_estagiario) values (29, 'Gabriela Martins', 'A');
insert into estagiario (cod_estagiario, nome, tipo_estagiario) values (30, 'Vinícius Almeida', 'P');
insert into estagiario (cod_estagiario, nome, tipo_estagiario) values (31, 'Yasmin Araújo', 'V');
insert into estagiario (cod_estagiario, nome, tipo_estagiario) values (32, 'Rodrigo Oliveira', 'A');
insert into estagiario (cod_estagiario, nome, tipo_estagiario) values (33, 'Clara Ferreira', 'V');
insert into estagiario (cod_estagiario, nome, tipo_estagiario) values (34, 'Marcelo Gomes', 'V');
insert into estagiario (cod_estagiario, nome, tipo_estagiario) values (35, 'Rafaela Costa', 'V');
insert into estagiario (cod_estagiario, nome, tipo_estagiario) values (36, 'Igor Silva', 'A');
insert into estagiario (cod_estagiario, nome, tipo_estagiario) values (37, 'Helena Moraes', 'A');
insert into estagiario (cod_estagiario, nome, tipo_estagiario) values (38, 'Renan Duarte', 'V');
insert into estagiario (cod_estagiario, nome, tipo_estagiario) values (39, 'Amanda Barbosa', 'V');
insert into estagiario (cod_estagiario, nome, tipo_estagiario) values (40, 'Diego Lima', 'A');
insert into estagiario (cod_estagiario, nome, tipo_estagiario) values (41, 'Lívia Souza', 'A');
insert into estagiario (cod_estagiario, nome, tipo_estagiario) values (42, 'Fernando Rocha', 'V');
insert into estagiario (cod_estagiario, nome, tipo_estagiario) values (43, 'Isabela Teixeira', 'A');
insert into estagiario (cod_estagiario, nome, tipo_estagiario) values (44, 'Eduardo Mendes', 'V');
insert into estagiario (cod_estagiario, nome, tipo_estagiario) values (45, 'Natália Farias', 'P');
insert into estagiario (cod_estagiario, nome, tipo_estagiario) values (46, 'Caio Castro', 'V');
insert into estagiario (cod_estagiario, nome, tipo_estagiario) values (47, 'Elisa Nogueira', 'P');
insert into estagiario (cod_estagiario, nome, tipo_estagiario) values (48, 'Vitor Cardoso', 'A');
insert into estagiario (cod_estagiario, nome, tipo_estagiario) values (49, 'Sophia Ribeiro', 'V');
insert into estagiario (cod_estagiario, nome, tipo_estagiario) values (50, 'Carlos Barros', 'A');
insert into estagiario (cod_estagiario, nome, tipo_estagiario) values (51, 'Heloísa Santana', 'P');
insert into estagiario (cod_estagiario, nome, tipo_estagiario) values (52, 'Lucas Andrade', 'A');
insert into estagiario (cod_estagiario, nome, tipo_estagiario) values (53, 'Lorena Rocha', 'A');
insert into estagiario (cod_estagiario, nome, tipo_estagiario) values (54, 'Renato Lima', 'V');
insert into estagiario (cod_estagiario, nome, tipo_estagiario) values (55, 'Bianca Gonçalves', 'A');
insert into estagiario (cod_estagiario, nome, tipo_estagiario) values (56, 'Bruno Mendes', 'V');
insert into estagiario (cod_estagiario, nome, tipo_estagiario) values (57, 'Lara Marques', 'V');
insert into estagiario (cod_estagiario, nome, tipo_estagiario) values (58, 'Andréa Sousa', 'V');
insert into estagiario (cod_estagiario, nome, tipo_estagiario) values (59, 'Murilo Oliveira', 'V');
insert into estagiario (cod_estagiario, nome, tipo_estagiario) values (60, 'Paula Gomes', 'A');
insert into estagiario (cod_estagiario, nome, tipo_estagiario) values (61, 'Arthur Fernandes', 'A');
insert into estagiario (cod_estagiario, nome, tipo_estagiario) values (62, 'Flávia Silva', 'A');
insert into estagiario (cod_estagiario, nome, tipo_estagiario) values (63, 'Tiago Correia', 'V');
insert into estagiario (cod_estagiario, nome, tipo_estagiario) values (64, 'Luana Barbosa', 'P');
insert into estagiario (cod_estagiario, nome, tipo_estagiario) values (65, 'Marcos Ribeiro', 'P');
insert into estagiario (cod_estagiario, nome, tipo_estagiario) values (66, 'Aline Costa', 'A');
insert into estagiario (cod_estagiario, nome, tipo_estagiario) values (67, 'Eduardo Santos', 'A');
insert into estagiario (cod_estagiario, nome, tipo_estagiario) values (68, 'Renata Machado', 'A');
insert into estagiario (cod_estagiario, nome, tipo_estagiario) values (69, 'Marcelo Almeida', 'A');
insert into estagiario (cod_estagiario, nome, tipo_estagiario) values (70, 'Juliana Farias', 'A');
insert into estagiario (cod_estagiario, nome, tipo_estagiario) values (71, 'Samuel Pereira', 'P');
insert into estagiario (cod_estagiario, nome, tipo_estagiario) values (72, 'Tatiane Araújo', 'V');
insert into estagiario (cod_estagiario, nome, tipo_estagiario) values (73, 'Hugo Souza', 'P');
insert into estagiario (cod_estagiario, nome, tipo_estagiario) values (74, 'Tânia Mendes', 'P');
insert into estagiario (cod_estagiario, nome, tipo_estagiario) values (75, 'Leonardo Lima', 'V');
insert into estagiario (cod_estagiario, nome, tipo_estagiario) values (76, 'Viviane Silva', 'V');
insert into estagiario (cod_estagiario, nome, tipo_estagiario) values (77, 'Rodrigo Duarte', 'V');
insert into estagiario (cod_estagiario, nome, tipo_estagiario) values (78, 'Cintia Nogueira', 'V');
insert into estagiario (cod_estagiario, nome, tipo_estagiario) values (79, 'Anderson Cardoso', 'P');
insert into estagiario (cod_estagiario, nome, tipo_estagiario) values (80, 'Evelyn Barbosa', 'P');
insert into estagiario (cod_estagiario, nome, tipo_estagiario) values (81, 'Felipe Gomes', 'V');
insert into estagiario (cod_estagiario, nome, tipo_estagiario) values (82, 'Bruna Teixeira', 'A');
insert into estagiario (cod_estagiario, nome, tipo_estagiario) values (83, 'Miguel Lima', 'A');
insert into estagiario (cod_estagiario, nome, tipo_estagiario) values (84, 'Vanessa Oliveira', 'P');
insert into estagiario (cod_estagiario, nome, tipo_estagiario) values (85, 'Fernando Souza', 'P');
insert into estagiario (cod_estagiario, nome, tipo_estagiario) values (86, 'Milena Costa', 'A');
insert into estagiario (cod_estagiario, nome, tipo_estagiario) values (87, 'Victor Araujo', 'P');
insert into estagiario (cod_estagiario, nome, tipo_estagiario) values (88, 'Eliana Ferreira', 'P');
insert into estagiario (cod_estagiario, nome, tipo_estagiario) values (89, 'Rafael Machado', 'P');
insert into estagiario (cod_estagiario, nome, tipo_estagiario) values (90, 'Denise Campos', 'V');
insert into estagiario (cod_estagiario, nome, tipo_estagiario) values (91, 'João Nunes', 'A');
insert into estagiario (cod_estagiario, nome, tipo_estagiario) values (92, 'Tatiana Pereira', 'P');
insert into estagiario (cod_estagiario, nome, tipo_estagiario) values (93, 'Igor Mendes', 'V');
insert into estagiario (cod_estagiario, nome, tipo_estagiario) values (94, 'Karina Ribeiro', 'P');
insert into estagiario (cod_estagiario, nome, tipo_estagiario) values (95, 'Thiago Martins', 'V');
insert into estagiario (cod_estagiario, nome, tipo_estagiario) values (96, 'Sandra Rocha', 'V');
insert into estagiario (cod_estagiario, nome, tipo_estagiario) values (97, 'Augusto Andrade', 'V');
insert into estagiario (cod_estagiario, nome, tipo_estagiario) values (98, 'Elisa Almeida', 'A');
insert into estagiario (cod_estagiario, nome, tipo_estagiario) values (99, 'Hugo Castro', 'P');
insert into estagiario (cod_estagiario, nome, tipo_estagiario) values (100, 'Larissa Freitas.', 'P');

insert into tel_estagiario (FK_cod_estagiario, tel_estagiario) values (1, 11912345678);
insert into tel_estagiario (FK_cod_estagiario, tel_estagiario) values (2, 11923456789);
insert into tel_estagiario (FK_cod_estagiario, tel_estagiario) values (3, 11934567890);
insert into tel_estagiario (FK_cod_estagiario, tel_estagiario) values (4, 11945678901);
insert into tel_estagiario (FK_cod_estagiario, tel_estagiario) values (5, 11956789012);
insert into tel_estagiario (FK_cod_estagiario, tel_estagiario) values (6, 11967890123);
insert into tel_estagiario (FK_cod_estagiario, tel_estagiario) values (7, 11978901234);
insert into tel_estagiario (FK_cod_estagiario, tel_estagiario) values (8, 11989012345);
insert into tel_estagiario (FK_cod_estagiario, tel_estagiario) values (9, 11990123456);
insert into tel_estagiario (FK_cod_estagiario, tel_estagiario) values (10, 11901234567);
insert into tel_estagiario (FK_cod_estagiario, tel_estagiario) values (11, 11912346789);
insert into tel_estagiario (FK_cod_estagiario, tel_estagiario) values (12, 11923457890);
insert into tel_estagiario (FK_cod_estagiario, tel_estagiario) values (13, 11934568901);
insert into tel_estagiario (FK_cod_estagiario, tel_estagiario) values (14, 11945679012);
insert into tel_estagiario (FK_cod_estagiario, tel_estagiario) values (15, 11956780123);
insert into tel_estagiario (FK_cod_estagiario, tel_estagiario) values (16, 11967891234);
insert into tel_estagiario (FK_cod_estagiario, tel_estagiario) values (17, 11978902345);
insert into tel_estagiario (FK_cod_estagiario, tel_estagiario) values (18, 11989013456);
insert into tel_estagiario (FK_cod_estagiario, tel_estagiario) values (19, 11990124567);
insert into tel_estagiario (FK_cod_estagiario, tel_estagiario) values (20, 11901235678);
insert into tel_estagiario (FK_cod_estagiario, tel_estagiario) values (21, 11912347890);
insert into tel_estagiario (FK_cod_estagiario, tel_estagiario) values (22, 11923458901);
insert into tel_estagiario (FK_cod_estagiario, tel_estagiario) values (23, 11934569012);
insert into tel_estagiario (FK_cod_estagiario, tel_estagiario) values (24, 11945670123);
insert into tel_estagiario (FK_cod_estagiario, tel_estagiario) values (25, 11956781234);
insert into tel_estagiario (FK_cod_estagiario, tel_estagiario) values (26, 11967892345);
insert into tel_estagiario (FK_cod_estagiario, tel_estagiario) values (27, 11978903456);
insert into tel_estagiario (FK_cod_estagiario, tel_estagiario) values (28, 11989014567);
insert into tel_estagiario (FK_cod_estagiario, tel_estagiario) values (29, 11990125678);
insert into tel_estagiario (FK_cod_estagiario, tel_estagiario) values (30, 11901236789);
insert into tel_estagiario (FK_cod_estagiario, tel_estagiario) values (31, 11912348901);
insert into tel_estagiario (FK_cod_estagiario, tel_estagiario) values (32, 11923459012);
insert into tel_estagiario (FK_cod_estagiario, tel_estagiario) values (33, 11934560123);
insert into tel_estagiario (FK_cod_estagiario, tel_estagiario) values (34, 11945671234);
insert into tel_estagiario (FK_cod_estagiario, tel_estagiario) values (35, 11956782345);
insert into tel_estagiario (FK_cod_estagiario, tel_estagiario) values (36, 11967893456);
insert into tel_estagiario (FK_cod_estagiario, tel_estagiario) values (37, 11978904567);
insert into tel_estagiario (FK_cod_estagiario, tel_estagiario) values (38, 11989015678);
insert into tel_estagiario (FK_cod_estagiario, tel_estagiario) values (39, 11990126789);
insert into tel_estagiario (FK_cod_estagiario, tel_estagiario) values (40, 11901237890);
insert into tel_estagiario (FK_cod_estagiario, tel_estagiario) values (41, 11912349012);
insert into tel_estagiario (FK_cod_estagiario, tel_estagiario) values (42, 11923450123);
insert into tel_estagiario (FK_cod_estagiario, tel_estagiario) values (43, 11934561234);
insert into tel_estagiario (FK_cod_estagiario, tel_estagiario) values (44, 11945672345);
insert into tel_estagiario (FK_cod_estagiario, tel_estagiario) values (45, 11956783456);
insert into tel_estagiario (FK_cod_estagiario, tel_estagiario) values (46, 11967894567);
insert into tel_estagiario (FK_cod_estagiario, tel_estagiario) values (47, 11978905678);
insert into tel_estagiario (FK_cod_estagiario, tel_estagiario) values (48, 11989016789);
insert into tel_estagiario (FK_cod_estagiario, tel_estagiario) values (49, 11990127890);
insert into tel_estagiario (FK_cod_estagiario, tel_estagiario) values (50, 11901238901);
insert into tel_estagiario (FK_cod_estagiario, tel_estagiario) values (51, 11912340123);
insert into tel_estagiario (FK_cod_estagiario, tel_estagiario) values (52, 11923451234);
insert into tel_estagiario (FK_cod_estagiario, tel_estagiario) values (53, 11934562345);
insert into tel_estagiario (FK_cod_estagiario, tel_estagiario) values (54, 11945673456);
insert into tel_estagiario (FK_cod_estagiario, tel_estagiario) values (55, 11956784567);
insert into tel_estagiario (FK_cod_estagiario, tel_estagiario) values (56, 11967895678);
insert into tel_estagiario (FK_cod_estagiario, tel_estagiario) values (57, 11978906789);
insert into tel_estagiario (FK_cod_estagiario, tel_estagiario) values (58, 11989017890);
insert into tel_estagiario (FK_cod_estagiario, tel_estagiario) values (59, 11990128901);
insert into tel_estagiario (FK_cod_estagiario, tel_estagiario) values (60, 11901230123);
insert into tel_estagiario (FK_cod_estagiario, tel_estagiario) values (61, 11912341234);
insert into tel_estagiario (FK_cod_estagiario, tel_estagiario) values (62, 11923452345);
insert into tel_estagiario (FK_cod_estagiario, tel_estagiario) values (63, 11934563456);
insert into tel_estagiario (FK_cod_estagiario, tel_estagiario) values (64, 11945674567);
insert into tel_estagiario (FK_cod_estagiario, tel_estagiario) values (65, 11956785678);
insert into tel_estagiario (FK_cod_estagiario, tel_estagiario) values (66, 11967896789);
insert into tel_estagiario (FK_cod_estagiario, tel_estagiario) values (67, 11978907890);
insert into tel_estagiario (FK_cod_estagiario, tel_estagiario) values (68, 11989018901);
insert into tel_estagiario (FK_cod_estagiario, tel_estagiario) values (69, 11990129012);
insert into tel_estagiario (FK_cod_estagiario, tel_estagiario) values (70, 11901231234);
insert into tel_estagiario (FK_cod_estagiario, tel_estagiario) values (71, 11912342345);
insert into tel_estagiario (FK_cod_estagiario, tel_estagiario) values (72, 11923453456);
insert into tel_estagiario (FK_cod_estagiario, tel_estagiario) values (73, 11934564567);
insert into tel_estagiario (FK_cod_estagiario, tel_estagiario) values (74, 11945675678);
insert into tel_estagiario (FK_cod_estagiario, tel_estagiario) values (75, 11956786789);
insert into tel_estagiario (FK_cod_estagiario, tel_estagiario) values (76, 11967897890);
insert into tel_estagiario (FK_cod_estagiario, tel_estagiario) values (77, 11978908901);
insert into tel_estagiario (FK_cod_estagiario, tel_estagiario) values (78, 11989019012);
insert into tel_estagiario (FK_cod_estagiario, tel_estagiario) values (79, 11990130123);
insert into tel_estagiario (FK_cod_estagiario, tel_estagiario) values (80, 11901232345);
insert into tel_estagiario (FK_cod_estagiario, tel_estagiario) values (81, 11912343456);
insert into tel_estagiario (FK_cod_estagiario, tel_estagiario) values (82, 11923454567);
insert into tel_estagiario (FK_cod_estagiario, tel_estagiario) values (83, 11934565678);
insert into tel_estagiario (FK_cod_estagiario, tel_estagiario) values (84, 11945676789);
insert into tel_estagiario (FK_cod_estagiario, tel_estagiario) values (85, 11956787890);
insert into tel_estagiario (FK_cod_estagiario, tel_estagiario) values (86, 11967898901);
insert into tel_estagiario (FK_cod_estagiario, tel_estagiario) values (87, 11978909012);
insert into tel_estagiario (FK_cod_estagiario, tel_estagiario) values (88, 11989010123);
insert into tel_estagiario (FK_cod_estagiario, tel_estagiario) values (89, 11990131234);
insert into tel_estagiario (FK_cod_estagiario, tel_estagiario) values (90, 11901233456);
insert into tel_estagiario (FK_cod_estagiario, tel_estagiario) values (91, 11912345678);
insert into tel_estagiario (FK_cod_estagiario, tel_estagiario) values (92, 11923456789);
insert into tel_estagiario (FK_cod_estagiario, tel_estagiario) values (93, 11934567890);
insert into tel_estagiario (FK_cod_estagiario, tel_estagiario) values (94, 11945678901);
insert into tel_estagiario (FK_cod_estagiario, tel_estagiario) values (95, 11956789012);
insert into tel_estagiario (FK_cod_estagiario, tel_estagiario) values (96, 11967890123);
insert into tel_estagiario (FK_cod_estagiario, tel_estagiario) values (97, 11978901234);
insert into tel_estagiario (FK_cod_estagiario, tel_estagiario) values (98, 11989012345);
insert into tel_estagiario (FK_cod_estagiario, tel_estagiario) values (99, 11990123456);
insert into tel_estagiario (FK_cod_estagiario, tel_estagiario) values (100, 11901234567);

insert into email_estagiario (FK_cod_estagiario, email_estagiario) values (1, 'lucas.almeida@email.com');
insert into email_estagiario (FK_cod_estagiario, email_estagiario) values (2, 'maria.silva@email.com');
insert into email_estagiario (FK_cod_estagiario, email_estagiario) values (3, 'joao.santos@email.com');
insert into email_estagiario (FK_cod_estagiario, email_estagiario) values (4, 'ana.oliveira@email.com');
insert into email_estagiario (FK_cod_estagiario, email_estagiario) values (5, 'pedro.costa@email.com');
insert into email_estagiario (FK_cod_estagiario, email_estagiario) values (6, 'rafael.pereira@email.com');
insert into email_estagiario (FK_cod_estagiario, email_estagiario) values (7, 'julia.rodrigues@email.com');
insert into email_estagiario (FK_cod_estagiario, email_estagiario) values (8, 'gabriel.souza@email.com');
insert into email_estagiario (FK_cod_estagiario, email_estagiario) values (9, 'luisa.lima@email.com');
insert into email_estagiario (FK_cod_estagiario, email_estagiario) values (10, 'bruno.fernandes@email.com');
insert into email_estagiario (FK_cod_estagiario, email_estagiario) values (11, 'beatriz.rocha@email.com');
insert into email_estagiario (FK_cod_estagiario, email_estagiario) values (12, 'matheus.araujo@email.com');
insert into email_estagiario (FK_cod_estagiario, email_estagiario) values (13, 'laura.martins@email.com');
insert into email_estagiario (FK_cod_estagiario, email_estagiario) values (14, 'felipe.carvalho@email.com');
insert into email_estagiario (FK_cod_estagiario, email_estagiario) values (15, 'mariana.ribeiro@email.com');
insert into email_estagiario (FK_cod_estagiario, email_estagiario) values (16, 'guilherme.castro@email.com');
insert into email_estagiario (FK_cod_estagiario, email_estagiario) values (17, 'larissa.melo@email.com');
insert into email_estagiario (FK_cod_estagiario, email_estagiario) values (18, 'thiago.nunes@email.com');
insert into email_estagiario (FK_cod_estagiario, email_estagiario) values (19, 'camila.freitas@email.com');
insert into email_estagiario (FK_cod_estagiario, email_estagiario) values (20, 'henrique.barbosa@email.com');
insert into email_estagiario (FK_cod_estagiario, email_estagiario) values (21, 'isabel.machado@email.com');
insert into email_estagiario (FK_cod_estagiario, email_estagiario) values (22, 'gustavo.cardoso@email.com');
insert into email_estagiario (FK_cod_estagiario, email_estagiario) values (23, 'alice.pinto@email.com');
insert into email_estagiario (FK_cod_estagiario, email_estagiario) values (24, 'daniel.teixeira@email.com');
insert into email_estagiario (FK_cod_estagiario, email_estagiario) values (25, 'sofia.lopes@email.com');
insert into email_estagiario (FK_cod_estagiario, email_estagiario) values (26, 'andre.melo@email.com');
insert into email_estagiario (FK_cod_estagiario, email_estagiario) values (27, 'vitoria.campos@email.com');
insert into email_estagiario (FK_cod_estagiario, email_estagiario) values (28, 'leonardo.ribeiro@email.com');
insert into email_estagiario (FK_cod_estagiario, email_estagiario) values (29, 'gabriela.martins@email.com');
insert into email_estagiario (FK_cod_estagiario, email_estagiario) values (30, 'vinicius.almeida@email.com');
insert into email_estagiario (FK_cod_estagiario, email_estagiario) values (31, 'yasmin.araujo@email.com');
insert into email_estagiario (FK_cod_estagiario, email_estagiario) values (32, 'rodrigo.oliveira@email.com');
insert into email_estagiario (FK_cod_estagiario, email_estagiario) values (33, 'clara.ferreira@email.com');
insert into email_estagiario (FK_cod_estagiario, email_estagiario) values (34, 'marcelo.gomes@email.com');
insert into email_estagiario (FK_cod_estagiario, email_estagiario) values (35, 'rafaela.costa@email.com');
insert into email_estagiario (FK_cod_estagiario, email_estagiario) values (36, 'igor.silva@email.com');
insert into email_estagiario (FK_cod_estagiario, email_estagiario) values (37, 'helena.moraes@email.com');
insert into email_estagiario (FK_cod_estagiario, email_estagiario) values (38, 'renan.duarte@email.com');
insert into email_estagiario (FK_cod_estagiario, email_estagiario) values (39, 'amanda.barbosa@email.com');
insert into email_estagiario (FK_cod_estagiario, email_estagiario) values (40, 'diego.lima@email.com');
insert into email_estagiario (FK_cod_estagiario, email_estagiario) values (41, 'livia.souza@email.com');
insert into email_estagiario (FK_cod_estagiario, email_estagiario) values (42, 'fernando.rocha@email.com');
insert into email_estagiario (FK_cod_estagiario, email_estagiario) values (43, 'isabela.teixeira@email.com');
insert into email_estagiario (FK_cod_estagiario, email_estagiario) values (44, 'eduardo.mendes@email.com');
insert into email_estagiario (FK_cod_estagiario, email_estagiario) values (45, 'natalia.farias@email.com');
insert into email_estagiario (FK_cod_estagiario, email_estagiario) values (46, 'caio.castro@email.com');
insert into email_estagiario (FK_cod_estagiario, email_estagiario) values (47, 'elisa.nogueira@email.com');
insert into email_estagiario (FK_cod_estagiario, email_estagiario) values (48, 'vitor.cardoso@email.com');
insert into email_estagiario (FK_cod_estagiario, email_estagiario) values (49, 'sophia.ribeiro@email.com');
insert into email_estagiario (FK_cod_estagiario, email_estagiario) values (50, 'carlos.barros@email.com');
insert into email_estagiario (FK_cod_estagiario, email_estagiario) values (51, 'heloisa.santana@email.com');
insert into email_estagiario (FK_cod_estagiario, email_estagiario) values (52, 'lucas.andrade@email.com');
insert into email_estagiario (FK_cod_estagiario, email_estagiario) values (53, 'lorena.rocha@email.com');
insert into email_estagiario (FK_cod_estagiario, email_estagiario) values (54, 'renato.lima@email.com');
insert into email_estagiario (FK_cod_estagiario, email_estagiario) values (55, 'bianca.goncalves@email.com');
insert into email_estagiario (FK_cod_estagiario, email_estagiario) values (56, 'bruno.mendes@email.com');
insert into email_estagiario (FK_cod_estagiario, email_estagiario) values (57, 'lara.marques@email.com');
insert into email_estagiario (FK_cod_estagiario, email_estagiario) values (58, 'andrea.sousa@email.com');
insert into email_estagiario (FK_cod_estagiario, email_estagiario) values (59, 'murilo.oliveira@email.com');
insert into email_estagiario (FK_cod_estagiario, email_estagiario) values (60, 'paula.gomes@email.com');
insert into email_estagiario (FK_cod_estagiario, email_estagiario) values (61, 'arthur.fernandes@email.com');
insert into email_estagiario (FK_cod_estagiario, email_estagiario) values (62, 'flavia.silva@email.com');
insert into email_estagiario (FK_cod_estagiario, email_estagiario) values (63, 'tiago.correia@email.com');
insert into email_estagiario (FK_cod_estagiario, email_estagiario) values (64, 'luana.barbosa@email.com');
insert into email_estagiario (FK_cod_estagiario, email_estagiario) values (65, 'marcos.ribeiro@email.com');
insert into email_estagiario (FK_cod_estagiario, email_estagiario) values (66, 'aline.costa@email.com');
insert into email_estagiario (FK_cod_estagiario, email_estagiario) values (67, 'eduardo.santos@email.com');
insert into email_estagiario (FK_cod_estagiario, email_estagiario) values (68, 'renata.machado@email.com');
insert into email_estagiario (FK_cod_estagiario, email_estagiario) values (69, 'marcelo.almeida@email.com');
insert into email_estagiario (FK_cod_estagiario, email_estagiario) values (70, 'juliana.farias@email.com');
insert into email_estagiario (FK_cod_estagiario, email_estagiario) values (71, 'samuel.pereira@email.com');
insert into email_estagiario (FK_cod_estagiario, email_estagiario) values (72, 'tatiane.araujo@email.com');
insert into email_estagiario (FK_cod_estagiario, email_estagiario) values (73, 'hugo.souza@email.com');
insert into email_estagiario (FK_cod_estagiario, email_estagiario) values (74, 'tania.mendes@email.com');
insert into email_estagiario (FK_cod_estagiario, email_estagiario) values (75, 'leonardo.lima@email.com');
insert into email_estagiario (FK_cod_estagiario, email_estagiario) values (76, 'viviane.silva@email.com');
insert into email_estagiario (FK_cod_estagiario, email_estagiario) values (77, 'rodrigo.duarte@email.com');
insert into email_estagiario (FK_cod_estagiario, email_estagiario) values (78, 'cintia.nogueira@email.com');
insert into email_estagiario (FK_cod_estagiario, email_estagiario) values (79, 'anderson.cardoso@email.com');
insert into email_estagiario (FK_cod_estagiario, email_estagiario) values (80, 'evelyn.barbosa@email.com');
insert into email_estagiario (FK_cod_estagiario, email_estagiario) values (81, 'felipe.gomes@email.com');
insert into email_estagiario (FK_cod_estagiario, email_estagiario) values (82, 'bruna.teixeira@email.com');
insert into email_estagiario (FK_cod_estagiario, email_estagiario) values (83, 'miguel.lima@email.com');
insert into email_estagiario (FK_cod_estagiario, email_estagiario) values (84, 'vanessa.oliveira@email.com');
insert into email_estagiario (FK_cod_estagiario, email_estagiario) values (85, 'fernando.souza@email.com');
insert into email_estagiario (FK_cod_estagiario, email_estagiario) values (86, 'milena.costa@email.com');
insert into email_estagiario (FK_cod_estagiario, email_estagiario) values (87, 'victor.araujo@email.com');
insert into email_estagiario (FK_cod_estagiario, email_estagiario) values (88, 'eliana.ferreira@email.com');
insert into email_estagiario (FK_cod_estagiario, email_estagiario) values (89, 'rafael.machado@email.com');
insert into email_estagiario (FK_cod_estagiario, email_estagiario) values (90, 'denise.campos@email.com');
insert into email_estagiario (FK_cod_estagiario, email_estagiario) values (91, 'joao.nunes@email.com');
insert into email_estagiario (FK_cod_estagiario, email_estagiario) values (92, 'tatiane.pereira@email.com');
insert into email_estagiario (FK_cod_estagiario, email_estagiario) values (93, 'igor.mendes@email.com');
insert into email_estagiario (FK_cod_estagiario, email_estagiario) values (94, 'karina.ribeiro@email.com');
insert into email_estagiario (FK_cod_estagiario, email_estagiario) values (95, 'thiago.martins@email.com');
insert into email_estagiario (FK_cod_estagiario, email_estagiario) values (96, 'sandra.rocha@email.com');
insert into email_estagiario (FK_cod_estagiario, email_estagiario) values (97, 'augusto.andrade@email.com');
insert into email_estagiario (FK_cod_estagiario, email_estagiario) values (98, 'elisa.almeida@email.com');
insert into email_estagiario (FK_cod_estagiario, email_estagiario) values (99, 'hugo.castro@email.com');
insert into email_estagiario (FK_cod_estagiario, email_estagiario) values (100, 'larissa.freitas@email.com');

insert into atendimento (cod_atendimento, FK_cod_estagiario, data_atendimento, hora_chegada, hora_atendimento, info_servico, pessoa_pf_pj, resumo_caso, materia_relacionada, violencia_domestica, pessoa_enquadrada) values (1, 1, '2024-03-31', '16:01:21', '7:44:28', 'Phasellus in felis. Donec semper sapien a libero. Nam dui.', 'PF', 'Aenean lectus. Pellentesque eget nunc. Donec quis orci eget orci vehicula condimentum.', 'Cível', 'Não', 'Sim');
insert into atendimento (cod_atendimento, FK_cod_estagiario, data_atendimento, hora_chegada, hora_atendimento, info_servico, pessoa_pf_pj, resumo_caso, materia_relacionada, violencia_domestica, pessoa_enquadrada) values (2, 2, '2024-08-08', '2:01:06', '14:57:41', 'Morbi non lectus. Aliquam sit amet diam in magna bibendum imperdiet. Nullam orci pede, venenatis non, sodales sed, tincidunt eu, felis.', 'PF', 'Fusce posuere felis sed lacus. Morbi sem mauris, laoreet ut, rhoncus aliquet, pulvinar sed, nisl. Nunc rhoncus dui vel sem.', 'Penal', 'Sim', 'Não');
insert into atendimento (cod_atendimento, FK_cod_estagiario, data_atendimento, hora_chegada, hora_atendimento, info_servico, pessoa_pf_pj, resumo_caso, materia_relacionada, violencia_domestica, pessoa_enquadrada) values (3, 3, '2023-12-05', '6:31:29', '3:25:00', 'Curabitur at ipsum ac tellus semper interdum. Mauris ullamcorper purus sit amet nulla. Quisque arcu libero, rutrum ac, lobortis vel, dapibus at, diam.', 'PF', 'Proin leo odio, porttitor id, consequat in, consequat ut, nulla. Sed accumsan felis. Ut at dolor quis odio consequat varius.', 'Outro', 'Não', 'Não');
insert into atendimento (cod_atendimento, FK_cod_estagiario, data_atendimento, hora_chegada, hora_atendimento, info_servico, pessoa_pf_pj, resumo_caso, materia_relacionada, violencia_domestica, pessoa_enquadrada) values (4, 4, '2023-09-15', '15:28:04', '21:44:03', 'Integer tincidunt ante vel ipsum. Praesent blandit lacinia erat. Vestibulum sed magna at nunc commodo placerat.', 'PJ', 'In congue. Etiam justo. Etiam pretium iaculis justo.', 'Família e Sucessões', 'Não', 'Sim');
insert into atendimento (cod_atendimento, FK_cod_estagiario, data_atendimento, hora_chegada, hora_atendimento, info_servico, pessoa_pf_pj, resumo_caso, materia_relacionada, violencia_domestica, pessoa_enquadrada) values (5, 5, '2024-05-02', '13:00:45', '7:01:36', 'In hac habitasse platea dictumst. Morbi vestibulum, velit id pretium iaculis, diam erat fermentum justo, nec condimentum neque sapien placerat ante. Nulla justo.', 'PF', 'Nullam sit amet turpis elementum ligula vehicula consequat. Morbi a ipsum. Integer a nibh.', 'Penal', 'Não', 'Sim');
insert into atendimento (cod_atendimento, FK_cod_estagiario, data_atendimento, hora_chegada, hora_atendimento, info_servico, pessoa_pf_pj, resumo_caso, materia_relacionada, violencia_domestica, pessoa_enquadrada) values (6, 6, '2023-09-08', '23:20:23', '20:31:38', 'Proin leo odio, porttitor id, consequat in, consequat ut, nulla. Sed accumsan felis. Ut at dolor quis odio consequat varius.', 'PF', 'In quis justo. Maecenas rhoncus aliquam lacus. Morbi quis tortor id nulla ultrices aliquet.', 'Outro', 'Não', 'Sim');
insert into atendimento (cod_atendimento, FK_cod_estagiario, data_atendimento, hora_chegada, hora_atendimento, info_servico, pessoa_pf_pj, resumo_caso, materia_relacionada, violencia_domestica, pessoa_enquadrada) values (7, 7, '2024-07-22', '23:27:52', '3:34:06', 'Quisque porta volutpat erat. Quisque erat eros, viverra eget, congue eget, semper rutrum, nulla. Nunc purus.', 'PJ', 'Fusce consequat. Nulla nisl. Nunc nisl.', 'Cível', 'Sim', 'Não');
insert into atendimento (cod_atendimento, FK_cod_estagiario, data_atendimento, hora_chegada, hora_atendimento, info_servico, pessoa_pf_pj, resumo_caso, materia_relacionada, violencia_domestica, pessoa_enquadrada) values (8, 8, '2024-03-26', '6:43:11', '1:42:32', 'Cras non velit nec nisi vulputate nonummy. Maecenas tincidunt lacus at velit. Vivamus vel nulla eget eros elementum pellentesque.', 'PF', 'Maecenas leo odio, condimentum id, luctus nec, molestie sed, justo. Pellentesque viverra pede ac diam. Cras pellentesque volutpat dui.', 'Outro', 'Sim', 'Sim');
insert into atendimento (cod_atendimento, FK_cod_estagiario, data_atendimento, hora_chegada, hora_atendimento, info_servico, pessoa_pf_pj, resumo_caso, materia_relacionada, violencia_domestica, pessoa_enquadrada) values (9, 9, '2023-09-09', '18:52:08', '4:12:39', 'Duis consequat dui nec nisi volutpat eleifend. Donec ut dolor. Morbi vel lectus in quam fringilla rhoncus.', 'PF', 'Duis bibendum, felis sed interdum venenatis, turpis enim blandit mi, in porttitor pede justo eu massa. Donec dapibus. Duis at velit eu est congue elementum.', 'Previdenciário', 'Não', 'Sim');
insert into atendimento (cod_atendimento, FK_cod_estagiario, data_atendimento, hora_chegada, hora_atendimento, info_servico, pessoa_pf_pj, resumo_caso, materia_relacionada, violencia_domestica, pessoa_enquadrada) values (10, 10, '2024-04-23', '1:37:40', '6:50:40', 'Praesent blandit. Nam nulla. Integer pede justo, lacinia eget, tincidunt eget, tempus vel, pede.', 'PF', 'Aenean lectus. Pellentesque eget nunc. Donec quis orci eget orci vehicula condimentum.', 'Trabalhista', 'Sim', 'Não');
insert into atendimento (cod_atendimento, FK_cod_estagiario, data_atendimento, hora_chegada, hora_atendimento, info_servico, pessoa_pf_pj, resumo_caso, materia_relacionada, violencia_domestica, pessoa_enquadrada) values (11, 11, '2023-10-28', '6:21:51', '11:08:00', 'Mauris enim leo, rhoncus sed, vestibulum sit amet, cursus id, turpis. Integer aliquet, massa id lobortis convallis, tortor risus dapibus augue, vel accumsan tellus nisi eu orci. Mauris lacinia sapien quis libero.', 'PF', 'Curabitur at ipsum ac tellus semper interdum. Mauris ullamcorper purus sit amet nulla. Quisque arcu libero, rutrum ac, lobortis vel, dapibus at, diam.', 'Família e Sucessões', 'Sim', 'Sim');
insert into atendimento (cod_atendimento, FK_cod_estagiario, data_atendimento, hora_chegada, hora_atendimento, info_servico, pessoa_pf_pj, resumo_caso, materia_relacionada, violencia_domestica, pessoa_enquadrada) values (12, 12, '2024-06-22', '18:58:29', '3:55:25', 'Nulla ut erat id mauris vulputate elementum. Nullam varius. Nulla facilisi.', 'PF', 'Vestibulum quam sapien, varius ut, blandit non, interdum in, ante. Vestibulum ante ipsum primis in faucibus orci luctus et ultrices posuere cubilia Curae; Duis faucibus accumsan odio. Curabitur convallis.', 'Outro', 'Sim', 'Sim');
insert into atendimento (cod_atendimento, FK_cod_estagiario, data_atendimento, hora_chegada, hora_atendimento, info_servico, pessoa_pf_pj, resumo_caso, materia_relacionada, violencia_domestica, pessoa_enquadrada) values (13, 13, '2024-02-03', '8:51:02', '23:03:33', 'Duis bibendum, felis sed interdum venenatis, turpis enim blandit mi, in porttitor pede justo eu massa. Donec dapibus. Duis at velit eu est congue elementum.', 'PF', 'Fusce posuere felis sed lacus. Morbi sem mauris, laoreet ut, rhoncus aliquet, pulvinar sed, nisl. Nunc rhoncus dui vel sem.', 'Previdenciário', 'Sim', 'Não');
insert into atendimento (cod_atendimento, FK_cod_estagiario, data_atendimento, hora_chegada, hora_atendimento, info_servico, pessoa_pf_pj, resumo_caso, materia_relacionada, violencia_domestica, pessoa_enquadrada) values (14, 14, '2024-06-15', '10:20:03', '10:12:55', 'Proin leo odio, porttitor id, consequat in, consequat ut, nulla. Sed accumsan felis. Ut at dolor quis odio consequat varius.', 'PF', 'Morbi non lectus. Aliquam sit amet diam in magna bibendum imperdiet. Nullam orci pede, venenatis non, sodales sed, tincidunt eu, felis.', 'Trabalhista', 'Não', 'Não');
insert into atendimento (cod_atendimento, FK_cod_estagiario, data_atendimento, hora_chegada, hora_atendimento, info_servico, pessoa_pf_pj, resumo_caso, materia_relacionada, violencia_domestica, pessoa_enquadrada) values (15, 15, '2024-07-07', '6:01:44', '9:28:03', 'Curabitur in libero ut massa volutpat convallis. Morbi odio odio, elementum eu, interdum eu, tincidunt in, leo. Maecenas pulvinar lobortis est.', 'PJ', 'Phasellus sit amet erat. Nulla tempus. Vivamus in felis eu sapien cursus vestibulum.', 'Outro', 'Sim', 'Sim');
insert into atendimento (cod_atendimento, FK_cod_estagiario, data_atendimento, hora_chegada, hora_atendimento, info_servico, pessoa_pf_pj, resumo_caso, materia_relacionada, violencia_domestica, pessoa_enquadrada) values (16, 16, '2024-02-26', '7:10:48', '2:50:44', 'Duis aliquam convallis nunc. Proin at turpis a pede posuere nonummy. Integer non velit.', 'PJ', 'Duis bibendum, felis sed interdum venenatis, turpis enim blandit mi, in porttitor pede justo eu massa. Donec dapibus. Duis at velit eu est congue elementum.', 'Penal', 'Sim', 'Sim');
insert into atendimento (cod_atendimento, FK_cod_estagiario, data_atendimento, hora_chegada, hora_atendimento, info_servico, pessoa_pf_pj, resumo_caso, materia_relacionada, violencia_domestica, pessoa_enquadrada) values (17, 17, '2023-11-21', '22:50:33', '1:55:50', 'Aliquam quis turpis eget elit sodales scelerisque. Mauris sit amet eros. Suspendisse accumsan tortor quis turpis.', 'PF', 'Morbi non lectus. Aliquam sit amet diam in magna bibendum imperdiet. Nullam orci pede, venenatis non, sodales sed, tincidunt eu, felis.', 'Previdenciário', 'Não', 'Não');
insert into atendimento (cod_atendimento, FK_cod_estagiario, data_atendimento, hora_chegada, hora_atendimento, info_servico, pessoa_pf_pj, resumo_caso, materia_relacionada, violencia_domestica, pessoa_enquadrada) values (18, 18, '2023-09-18', '15:17:51', '18:08:08', 'Maecenas ut massa quis augue luctus tincidunt. Nulla mollis molestie lorem. Quisque ut erat.', 'PF', 'Morbi porttitor lorem id ligula. Suspendisse ornare consequat lectus. In est risus, auctor sed, tristique in, tempus sit amet, sem.', 'Cível', 'Sim', 'Não');
insert into atendimento (cod_atendimento, FK_cod_estagiario, data_atendimento, hora_chegada, hora_atendimento, info_servico, pessoa_pf_pj, resumo_caso, materia_relacionada, violencia_domestica, pessoa_enquadrada) values (19, 19, '2024-05-02', '18:29:27', '23:08:22', 'In quis justo. Maecenas rhoncus aliquam lacus. Morbi quis tortor id nulla ultrices aliquet.', 'PF', 'Proin interdum mauris non ligula pellentesque ultrices. Phasellus id sapien in sapien iaculis congue. Vivamus metus arcu, adipiscing molestie, hendrerit at, vulputate vitae, nisl.', 'Penal', 'Sim', 'Sim');
insert into atendimento (cod_atendimento, FK_cod_estagiario, data_atendimento, hora_chegada, hora_atendimento, info_servico, pessoa_pf_pj, resumo_caso, materia_relacionada, violencia_domestica, pessoa_enquadrada) values (20, 20, '2024-03-07', '22:22:53', '17:48:28', 'Sed ante. Vivamus tortor. Duis mattis egestas metus.', 'PF', 'Mauris enim leo, rhoncus sed, vestibulum sit amet, cursus id, turpis. Integer aliquet, massa id lobortis convallis, tortor risus dapibus augue, vel accumsan tellus nisi eu orci. Mauris lacinia sapien quis libero.', 'Trabalhista', 'Não', 'Sim');
insert into atendimento (cod_atendimento, FK_cod_estagiario, data_atendimento, hora_chegada, hora_atendimento, info_servico, pessoa_pf_pj, resumo_caso, materia_relacionada, violencia_domestica, pessoa_enquadrada) values (21, 21, '2024-04-04', '19:15:11', '16:35:51', 'Proin interdum mauris non ligula pellentesque ultrices. Phasellus id sapien in sapien iaculis congue. Vivamus metus arcu, adipiscing molestie, hendrerit at, vulputate vitae, nisl.', 'PF', 'Vestibulum quam sapien, varius ut, blandit non, interdum in, ante. Vestibulum ante ipsum primis in faucibus orci luctus et ultrices posuere cubilia Curae; Duis faucibus accumsan odio. Curabitur convallis.', 'Trabalhista', 'Sim', 'Não');
insert into atendimento (cod_atendimento, FK_cod_estagiario, data_atendimento, hora_chegada, hora_atendimento, info_servico, pessoa_pf_pj, resumo_caso, materia_relacionada, violencia_domestica, pessoa_enquadrada) values (22, 22, '2024-02-09', '16:24:04', '1:40:12', 'Proin eu mi. Nulla ac enim. In tempor, turpis nec euismod scelerisque, quam turpis adipiscing lorem, vitae mattis nibh ligula nec sem.', 'PF', 'Curabitur gravida nisi at nibh. In hac habitasse platea dictumst. Aliquam augue quam, sollicitudin vitae, consectetuer eget, rutrum at, lorem.', 'Cível', 'Não', 'Sim');
insert into atendimento (cod_atendimento, FK_cod_estagiario, data_atendimento, hora_chegada, hora_atendimento, info_servico, pessoa_pf_pj, resumo_caso, materia_relacionada, violencia_domestica, pessoa_enquadrada) values (23, 23, '2024-08-08', '0:38:18', '4:27:29', 'Vestibulum quam sapien, varius ut, blandit non, interdum in, ante. Vestibulum ante ipsum primis in faucibus orci luctus et ultrices posuere cubilia Curae; Duis faucibus accumsan odio. Curabitur convallis.', 'PF', 'Duis aliquam convallis nunc. Proin at turpis a pede posuere nonummy. Integer non velit.', 'Outro', 'Não', 'Sim');
insert into atendimento (cod_atendimento, FK_cod_estagiario, data_atendimento, hora_chegada, hora_atendimento, info_servico, pessoa_pf_pj, resumo_caso, materia_relacionada, violencia_domestica, pessoa_enquadrada) values (24, 24, '2023-09-04', '4:47:53', '14:06:35', 'In sagittis dui vel nisl. Duis ac nibh. Fusce lacus purus, aliquet at, feugiat non, pretium quis, lectus.', 'PF', 'Phasellus in felis. Donec semper sapien a libero. Nam dui.', 'Cível', 'Sim', 'Não');
insert into atendimento (cod_atendimento, FK_cod_estagiario, data_atendimento, hora_chegada, hora_atendimento, info_servico, pessoa_pf_pj, resumo_caso, materia_relacionada, violencia_domestica, pessoa_enquadrada) values (25, 25, '2023-11-21', '22:22:26', '20:31:28', 'Etiam vel augue. Vestibulum rutrum rutrum neque. Aenean auctor gravida sem.', 'PJ', 'In quis justo. Maecenas rhoncus aliquam lacus. Morbi quis tortor id nulla ultrices aliquet.', 'Outro', 'Sim', 'Não');
insert into atendimento (cod_atendimento, FK_cod_estagiario, data_atendimento, hora_chegada, hora_atendimento, info_servico, pessoa_pf_pj, resumo_caso, materia_relacionada, violencia_domestica, pessoa_enquadrada) values (26, 26, '2024-01-07', '17:44:11', '16:16:01', 'Maecenas tristique, est et tempus semper, est quam pharetra magna, ac consequat metus sapien ut nunc. Vestibulum ante ipsum primis in faucibus orci luctus et ultrices posuere cubilia Curae; Mauris viverra diam vitae quam. Suspendisse potenti.', 'PF', 'Phasellus sit amet erat. Nulla tempus. Vivamus in felis eu sapien cursus vestibulum.', 'Trabalhista', 'Sim', 'Sim');
insert into atendimento (cod_atendimento, FK_cod_estagiario, data_atendimento, hora_chegada, hora_atendimento, info_servico, pessoa_pf_pj, resumo_caso, materia_relacionada, violencia_domestica, pessoa_enquadrada) values (27, 27, '2024-06-17', '20:36:57', '5:16:19', 'Praesent blandit. Nam nulla. Integer pede justo, lacinia eget, tincidunt eget, tempus vel, pede.', 'PF', 'Nulla ut erat id mauris vulputate elementum. Nullam varius. Nulla facilisi.', 'Previdenciário', 'Sim', 'Sim');
insert into atendimento (cod_atendimento, FK_cod_estagiario, data_atendimento, hora_chegada, hora_atendimento, info_servico, pessoa_pf_pj, resumo_caso, materia_relacionada, violencia_domestica, pessoa_enquadrada) values (28, 28, '2024-01-07', '7:49:52', '19:50:44', 'Cum sociis natoque penatibus et magnis dis parturient montes, nascetur ridiculus mus. Vivamus vestibulum sagittis sapien. Cum sociis natoque penatibus et magnis dis parturient montes, nascetur ridiculus mus.', 'PF', 'Proin interdum mauris non ligula pellentesque ultrices. Phasellus id sapien in sapien iaculis congue. Vivamus metus arcu, adipiscing molestie, hendrerit at, vulputate vitae, nisl.', 'Trabalhista', 'Não', 'Não');
insert into atendimento (cod_atendimento, FK_cod_estagiario, data_atendimento, hora_chegada, hora_atendimento, info_servico, pessoa_pf_pj, resumo_caso, materia_relacionada, violencia_domestica, pessoa_enquadrada) values (29, 29, '2024-01-09', '19:38:54', '4:22:09', 'Morbi non lectus. Aliquam sit amet diam in magna bibendum imperdiet. Nullam orci pede, venenatis non, sodales sed, tincidunt eu, felis.', 'PF', 'In congue. Etiam justo. Etiam pretium iaculis justo.', 'Outro', 'Não', 'Não');
insert into atendimento (cod_atendimento, FK_cod_estagiario, data_atendimento, hora_chegada, hora_atendimento, info_servico, pessoa_pf_pj, resumo_caso, materia_relacionada, violencia_domestica, pessoa_enquadrada) values (30, 30, '2024-05-15', '2:27:32', '17:50:44', 'Nulla ut erat id mauris vulputate elementum. Nullam varius. Nulla facilisi.', 'PF', 'Pellentesque at nulla. Suspendisse potenti. Cras in purus eu magna vulputate luctus.', 'Trabalhista', 'Não', 'Sim');
insert into atendimento (cod_atendimento, FK_cod_estagiario, data_atendimento, hora_chegada, hora_atendimento, info_servico, pessoa_pf_pj, resumo_caso, materia_relacionada, violencia_domestica, pessoa_enquadrada) values (31, 31, '2024-01-10', '20:29:04', '16:28:58', 'In quis justo. Maecenas rhoncus aliquam lacus. Morbi quis tortor id nulla ultrices aliquet.', 'PF', 'Integer ac leo. Pellentesque ultrices mattis odio. Donec vitae nisi.', 'Cível', 'Não', 'Sim');
insert into atendimento (cod_atendimento, FK_cod_estagiario, data_atendimento, hora_chegada, hora_atendimento, info_servico, pessoa_pf_pj, resumo_caso, materia_relacionada, violencia_domestica, pessoa_enquadrada) values (32, 32, '2023-10-25', '14:22:01', '22:23:13', 'Etiam vel augue. Vestibulum rutrum rutrum neque. Aenean auctor gravida sem.', 'PJ', 'Curabitur gravida nisi at nibh. In hac habitasse platea dictumst. Aliquam augue quam, sollicitudin vitae, consectetuer eget, rutrum at, lorem.', 'Previdenciário', 'Não', 'Não');
insert into atendimento (cod_atendimento, FK_cod_estagiario, data_atendimento, hora_chegada, hora_atendimento, info_servico, pessoa_pf_pj, resumo_caso, materia_relacionada, violencia_domestica, pessoa_enquadrada) values (33, 33, '2023-12-17', '17:09:55', '15:23:43', 'Vestibulum quam sapien, varius ut, blandit non, interdum in, ante. Vestibulum ante ipsum primis in faucibus orci luctus et ultrices posuere cubilia Curae; Duis faucibus accumsan odio. Curabitur convallis.', 'PF', 'Aliquam quis turpis eget elit sodales scelerisque. Mauris sit amet eros. Suspendisse accumsan tortor quis turpis.', 'Família e Sucessões', 'Sim', 'Sim');
insert into atendimento (cod_atendimento, FK_cod_estagiario, data_atendimento, hora_chegada, hora_atendimento, info_servico, pessoa_pf_pj, resumo_caso, materia_relacionada, violencia_domestica, pessoa_enquadrada) values (34, 34, '2024-05-02', '21:34:33', '11:50:14', 'Proin leo odio, porttitor id, consequat in, consequat ut, nulla. Sed accumsan felis. Ut at dolor quis odio consequat varius.', 'PF', 'Cum sociis natoque penatibus et magnis dis parturient montes, nascetur ridiculus mus. Vivamus vestibulum sagittis sapien. Cum sociis natoque penatibus et magnis dis parturient montes, nascetur ridiculus mus.', 'Cível', 'Sim', 'Sim');
insert into atendimento (cod_atendimento, FK_cod_estagiario, data_atendimento, hora_chegada, hora_atendimento, info_servico, pessoa_pf_pj, resumo_caso, materia_relacionada, violencia_domestica, pessoa_enquadrada) values (35, 35, '2024-08-19', '12:33:58', '21:48:46', 'In sagittis dui vel nisl. Duis ac nibh. Fusce lacus purus, aliquet at, feugiat non, pretium quis, lectus.', 'PF', 'Fusce consequat. Nulla nisl. Nunc nisl.', 'Penal', 'Não', 'Sim');
insert into atendimento (cod_atendimento, FK_cod_estagiario, data_atendimento, hora_chegada, hora_atendimento, info_servico, pessoa_pf_pj, resumo_caso, materia_relacionada, violencia_domestica, pessoa_enquadrada) values (36, 36, '2024-06-03', '21:50:56', '11:01:13', 'Phasellus in felis. Donec semper sapien a libero. Nam dui.', 'PF', 'Phasellus in felis. Donec semper sapien a libero. Nam dui.', 'Penal', 'Não', 'Sim');
insert into atendimento (cod_atendimento, FK_cod_estagiario, data_atendimento, hora_chegada, hora_atendimento, info_servico, pessoa_pf_pj, resumo_caso, materia_relacionada, violencia_domestica, pessoa_enquadrada) values (37, 37, '2023-12-23', '16:03:09', '17:46:10', 'Vestibulum ac est lacinia nisi venenatis tristique. Fusce congue, diam id ornare imperdiet, sapien urna pretium nisl, ut volutpat sapien arcu sed augue. Aliquam erat volutpat.', 'PJ', 'Sed sagittis. Nam congue, risus semper porta volutpat, quam pede lobortis ligula, sit amet eleifend pede libero quis orci. Nullam molestie nibh in lectus.', 'Previdenciário', 'Sim', 'Não');
insert into atendimento (cod_atendimento, FK_cod_estagiario, data_atendimento, hora_chegada, hora_atendimento, info_servico, pessoa_pf_pj, resumo_caso, materia_relacionada, violencia_domestica, pessoa_enquadrada) values (38, 38, '2024-05-31', '3:15:33', '10:49:03', 'Proin eu mi. Nulla ac enim. In tempor, turpis nec euismod scelerisque, quam turpis adipiscing lorem, vitae mattis nibh ligula nec sem.', 'PF', 'Curabitur in libero ut massa volutpat convallis. Morbi odio odio, elementum eu, interdum eu, tincidunt in, leo. Maecenas pulvinar lobortis est.', 'Família e Sucessões', 'Não', 'Não');
insert into atendimento (cod_atendimento, FK_cod_estagiario, data_atendimento, hora_chegada, hora_atendimento, info_servico, pessoa_pf_pj, resumo_caso, materia_relacionada, violencia_domestica, pessoa_enquadrada) values (39, 39, '2023-10-25', '15:24:47', '21:08:27', 'Suspendisse potenti. In eleifend quam a odio. In hac habitasse platea dictumst.', 'PF', 'Cum sociis natoque penatibus et magnis dis parturient montes, nascetur ridiculus mus. Vivamus vestibulum sagittis sapien. Cum sociis natoque penatibus et magnis dis parturient montes, nascetur ridiculus mus.', 'Previdenciário', 'Não', 'Não');
insert into atendimento (cod_atendimento, FK_cod_estagiario, data_atendimento, hora_chegada, hora_atendimento, info_servico, pessoa_pf_pj, resumo_caso, materia_relacionada, violencia_domestica, pessoa_enquadrada) values (40, 40, '2024-07-21', '15:30:25', '12:14:29', 'Suspendisse potenti. In eleifend quam a odio. In hac habitasse platea dictumst.', 'PF', 'In congue. Etiam justo. Etiam pretium iaculis justo.', 'Família e Sucessões', 'Não', 'Não');
insert into atendimento (cod_atendimento, FK_cod_estagiario, data_atendimento, hora_chegada, hora_atendimento, info_servico, pessoa_pf_pj, resumo_caso, materia_relacionada, violencia_domestica, pessoa_enquadrada) values (41, 41, '2024-08-08', '19:26:02', '23:10:20', 'Aenean fermentum. Donec ut mauris eget massa tempor convallis. Nulla neque libero, convallis eget, eleifend luctus, ultricies eu, nibh.', 'PF', 'Nulla ut erat id mauris vulputate elementum. Nullam varius. Nulla facilisi.', 'Cível', 'Não', 'Não');
insert into atendimento (cod_atendimento, FK_cod_estagiario, data_atendimento, hora_chegada, hora_atendimento, info_servico, pessoa_pf_pj, resumo_caso, materia_relacionada, violencia_domestica, pessoa_enquadrada) values (42, 42, '2023-11-03', '1:25:41', '4:51:13', 'Aenean fermentum. Donec ut mauris eget massa tempor convallis. Nulla neque libero, convallis eget, eleifend luctus, ultricies eu, nibh.', 'PJ', 'Praesent blandit. Nam nulla. Integer pede justo, lacinia eget, tincidunt eget, tempus vel, pede.', 'Outro', 'Não', 'Sim');
insert into atendimento (cod_atendimento, FK_cod_estagiario, data_atendimento, hora_chegada, hora_atendimento, info_servico, pessoa_pf_pj, resumo_caso, materia_relacionada, violencia_domestica, pessoa_enquadrada) values (43, 43, '2024-05-24', '19:07:41', '22:34:39', 'Phasellus sit amet erat. Nulla tempus. Vivamus in felis eu sapien cursus vestibulum.', 'PF', 'In hac habitasse platea dictumst. Etiam faucibus cursus urna. Ut tellus.', 'Família e Sucessões', 'Sim', 'Não');
insert into atendimento (cod_atendimento, FK_cod_estagiario, data_atendimento, hora_chegada, hora_atendimento, info_servico, pessoa_pf_pj, resumo_caso, materia_relacionada, violencia_domestica, pessoa_enquadrada) values (44, 44, '2024-04-18', '18:41:07', '5:18:02', 'Integer tincidunt ante vel ipsum. Praesent blandit lacinia erat. Vestibulum sed magna at nunc commodo placerat.', 'PF', 'Proin interdum mauris non ligula pellentesque ultrices. Phasellus id sapien in sapien iaculis congue. Vivamus metus arcu, adipiscing molestie, hendrerit at, vulputate vitae, nisl.', 'Previdenciário', 'Sim', 'Sim');
insert into atendimento (cod_atendimento, FK_cod_estagiario, data_atendimento, hora_chegada, hora_atendimento, info_servico, pessoa_pf_pj, resumo_caso, materia_relacionada, violencia_domestica, pessoa_enquadrada) values (45, 45, '2023-09-14', '13:00:53', '2:16:19', 'Praesent blandit. Nam nulla. Integer pede justo, lacinia eget, tincidunt eget, tempus vel, pede.', 'PF', 'Donec diam neque, vestibulum eget, vulputate ut, ultrices vel, augue. Vestibulum ante ipsum primis in faucibus orci luctus et ultrices posuere cubilia Curae; Donec pharetra, magna vestibulum aliquet ultrices, erat tortor sollicitudin mi, sit amet lobortis sapien sapien non mi. Integer ac neque.', 'Família e Sucessões', 'Não', 'Sim');
insert into atendimento (cod_atendimento, FK_cod_estagiario, data_atendimento, hora_chegada, hora_atendimento, info_servico, pessoa_pf_pj, resumo_caso, materia_relacionada, violencia_domestica, pessoa_enquadrada) values (46, 46, '2023-09-08', '6:55:37', '18:53:47', 'Quisque porta volutpat erat. Quisque erat eros, viverra eget, congue eget, semper rutrum, nulla. Nunc purus.', 'PF', 'Duis consequat dui nec nisi volutpat eleifend. Donec ut dolor. Morbi vel lectus in quam fringilla rhoncus.', 'Trabalhista', 'Não', 'Não');
insert into atendimento (cod_atendimento, FK_cod_estagiario, data_atendimento, hora_chegada, hora_atendimento, info_servico, pessoa_pf_pj, resumo_caso, materia_relacionada, violencia_domestica, pessoa_enquadrada) values (47, 47, '2024-06-05', '16:06:33', '2:04:55', 'Curabitur at ipsum ac tellus semper interdum. Mauris ullamcorper purus sit amet nulla. Quisque arcu libero, rutrum ac, lobortis vel, dapibus at, diam.', 'PF', 'In hac habitasse platea dictumst. Morbi vestibulum, velit id pretium iaculis, diam erat fermentum justo, nec condimentum neque sapien placerat ante. Nulla justo.', 'Penal', 'Não', 'Sim');
insert into atendimento (cod_atendimento, FK_cod_estagiario, data_atendimento, hora_chegada, hora_atendimento, info_servico, pessoa_pf_pj, resumo_caso, materia_relacionada, violencia_domestica, pessoa_enquadrada) values (48, 48, '2024-06-02', '20:25:07', '14:59:50', 'Fusce posuere felis sed lacus. Morbi sem mauris, laoreet ut, rhoncus aliquet, pulvinar sed, nisl. Nunc rhoncus dui vel sem.', 'PF', 'Curabitur in libero ut massa volutpat convallis. Morbi odio odio, elementum eu, interdum eu, tincidunt in, leo. Maecenas pulvinar lobortis est.', 'Penal', 'Não', 'Sim');
insert into atendimento (cod_atendimento, FK_cod_estagiario, data_atendimento, hora_chegada, hora_atendimento, info_servico, pessoa_pf_pj, resumo_caso, materia_relacionada, violencia_domestica, pessoa_enquadrada) values (49, 49, '2023-10-27', '9:54:32', '17:17:09', 'Nam ultrices, libero non mattis pulvinar, nulla pede ullamcorper augue, a suscipit nulla elit ac nulla. Sed vel enim sit amet nunc viverra dapibus. Nulla suscipit ligula in lacus.', 'PF', 'Aenean fermentum. Donec ut mauris eget massa tempor convallis. Nulla neque libero, convallis eget, eleifend luctus, ultricies eu, nibh.', 'Penal', 'Não', 'Não');
insert into atendimento (cod_atendimento, FK_cod_estagiario, data_atendimento, hora_chegada, hora_atendimento, info_servico, pessoa_pf_pj, resumo_caso, materia_relacionada, violencia_domestica, pessoa_enquadrada) values (50, 50, '2023-11-28', '6:44:18', '20:26:10', 'Fusce posuere felis sed lacus. Morbi sem mauris, laoreet ut, rhoncus aliquet, pulvinar sed, nisl. Nunc rhoncus dui vel sem.', 'PF', 'Nullam sit amet turpis elementum ligula vehicula consequat. Morbi a ipsum. Integer a nibh.', 'Previdenciário', 'Sim', 'Sim');
insert into atendimento (cod_atendimento, FK_cod_estagiario, data_atendimento, hora_chegada, hora_atendimento, info_servico, pessoa_pf_pj, resumo_caso, materia_relacionada, violencia_domestica, pessoa_enquadrada) values (51, 51, '2024-06-07', '19:05:39', '2:18:55', 'Fusce consequat. Nulla nisl. Nunc nisl.', 'PF', 'Pellentesque at nulla. Suspendisse potenti. Cras in purus eu magna vulputate luctus.', 'Trabalhista', 'Não', 'Não');
insert into atendimento (cod_atendimento, FK_cod_estagiario, data_atendimento, hora_chegada, hora_atendimento, info_servico, pessoa_pf_pj, resumo_caso, materia_relacionada, violencia_domestica, pessoa_enquadrada) values (52, 52, '2023-11-06', '23:43:11', '19:28:05', 'Duis aliquam convallis nunc. Proin at turpis a pede posuere nonummy. Integer non velit.', 'PF', 'Nullam sit amet turpis elementum ligula vehicula consequat. Morbi a ipsum. Integer a nibh.', 'Previdenciário', 'Sim', 'Sim');
insert into atendimento (cod_atendimento, FK_cod_estagiario, data_atendimento, hora_chegada, hora_atendimento, info_servico, pessoa_pf_pj, resumo_caso, materia_relacionada, violencia_domestica, pessoa_enquadrada) values (53, 53, '2023-09-14', '9:21:51', '19:36:27', 'Nulla ut erat id mauris vulputate elementum. Nullam varius. Nulla facilisi.', 'PF', 'In hac habitasse platea dictumst. Etiam faucibus cursus urna. Ut tellus.', 'Outro', 'Não', 'Sim');
insert into atendimento (cod_atendimento, FK_cod_estagiario, data_atendimento, hora_chegada, hora_atendimento, info_servico, pessoa_pf_pj, resumo_caso, materia_relacionada, violencia_domestica, pessoa_enquadrada) values (54, 54, '2023-09-25', '11:19:53', '2:03:46', 'Morbi non lectus. Aliquam sit amet diam in magna bibendum imperdiet. Nullam orci pede, venenatis non, sodales sed, tincidunt eu, felis.', 'PF', 'In sagittis dui vel nisl. Duis ac nibh. Fusce lacus purus, aliquet at, feugiat non, pretium quis, lectus.', 'Penal', 'Não', 'Não');
insert into atendimento (cod_atendimento, FK_cod_estagiario, data_atendimento, hora_chegada, hora_atendimento, info_servico, pessoa_pf_pj, resumo_caso, materia_relacionada, violencia_domestica, pessoa_enquadrada) values (55, 55, '2024-04-01', '6:41:47', '18:41:45', 'In congue. Etiam justo. Etiam pretium iaculis justo.', 'PJ', 'Cras mi pede, malesuada in, imperdiet et, commodo vulputate, justo. In blandit ultrices enim. Lorem ipsum dolor sit amet, consectetuer adipiscing elit.', 'Outro', 'Não', 'Não');
insert into atendimento (cod_atendimento, FK_cod_estagiario, data_atendimento, hora_chegada, hora_atendimento, info_servico, pessoa_pf_pj, resumo_caso, materia_relacionada, violencia_domestica, pessoa_enquadrada) values (56, 56, '2023-12-11', '0:51:39', '17:27:53', 'Maecenas tristique, est et tempus semper, est quam pharetra magna, ac consequat metus sapien ut nunc. Vestibulum ante ipsum primis in faucibus orci luctus et ultrices posuere cubilia Curae; Mauris viverra diam vitae quam. Suspendisse potenti.', 'PF', 'Maecenas tristique, est et tempus semper, est quam pharetra magna, ac consequat metus sapien ut nunc. Vestibulum ante ipsum primis in faucibus orci luctus et ultrices posuere cubilia Curae; Mauris viverra diam vitae quam. Suspendisse potenti.', 'Trabalhista', 'Não', 'Não');
insert into atendimento (cod_atendimento, FK_cod_estagiario, data_atendimento, hora_chegada, hora_atendimento, info_servico, pessoa_pf_pj, resumo_caso, materia_relacionada, violencia_domestica, pessoa_enquadrada) values (57, 57, '2024-01-04', '3:40:23', '2:02:34', 'Quisque porta volutpat erat. Quisque erat eros, viverra eget, congue eget, semper rutrum, nulla. Nunc purus.', 'PF', 'Curabitur at ipsum ac tellus semper interdum. Mauris ullamcorper purus sit amet nulla. Quisque arcu libero, rutrum ac, lobortis vel, dapibus at, diam.', 'Família e Sucessões', 'Sim', 'Não');
insert into atendimento (cod_atendimento, FK_cod_estagiario, data_atendimento, hora_chegada, hora_atendimento, info_servico, pessoa_pf_pj, resumo_caso, materia_relacionada, violencia_domestica, pessoa_enquadrada) values (58, 58, '2024-03-04', '17:14:03', '9:57:38', 'Proin interdum mauris non ligula pellentesque ultrices. Phasellus id sapien in sapien iaculis congue. Vivamus metus arcu, adipiscing molestie, hendrerit at, vulputate vitae, nisl.', 'PF', 'In hac habitasse platea dictumst. Morbi vestibulum, velit id pretium iaculis, diam erat fermentum justo, nec condimentum neque sapien placerat ante. Nulla justo.', 'Penal', 'Sim', 'Sim');
insert into atendimento (cod_atendimento, FK_cod_estagiario, data_atendimento, hora_chegada, hora_atendimento, info_servico, pessoa_pf_pj, resumo_caso, materia_relacionada, violencia_domestica, pessoa_enquadrada) values (59, 59, '2023-12-05', '10:22:09', '10:21:07', 'Aenean lectus. Pellentesque eget nunc. Donec quis orci eget orci vehicula condimentum.', 'PF', 'Sed sagittis. Nam congue, risus semper porta volutpat, quam pede lobortis ligula, sit amet eleifend pede libero quis orci. Nullam molestie nibh in lectus.', 'Penal', 'Sim', 'Sim');
insert into atendimento (cod_atendimento, FK_cod_estagiario, data_atendimento, hora_chegada, hora_atendimento, info_servico, pessoa_pf_pj, resumo_caso, materia_relacionada, violencia_domestica, pessoa_enquadrada) values (60, 60, '2024-06-10', '13:59:16', '2:40:28', 'Sed ante. Vivamus tortor. Duis mattis egestas metus.', 'PF', 'Proin interdum mauris non ligula pellentesque ultrices. Phasellus id sapien in sapien iaculis congue. Vivamus metus arcu, adipiscing molestie, hendrerit at, vulputate vitae, nisl.', 'Penal', 'Não', 'Não');
insert into atendimento (cod_atendimento, FK_cod_estagiario, data_atendimento, hora_chegada, hora_atendimento, info_servico, pessoa_pf_pj, resumo_caso, materia_relacionada, violencia_domestica, pessoa_enquadrada) values (61, 61, '2023-11-18', '19:45:59', '10:13:23', 'Duis bibendum, felis sed interdum venenatis, turpis enim blandit mi, in porttitor pede justo eu massa. Donec dapibus. Duis at velit eu est congue elementum.', 'PF', 'Duis consequat dui nec nisi volutpat eleifend. Donec ut dolor. Morbi vel lectus in quam fringilla rhoncus.', 'Trabalhista', 'Não', 'Não');
insert into atendimento (cod_atendimento, FK_cod_estagiario, data_atendimento, hora_chegada, hora_atendimento, info_servico, pessoa_pf_pj, resumo_caso, materia_relacionada, violencia_domestica, pessoa_enquadrada) values (62, 62, '2024-04-30', '0:03:06', '4:41:36', 'Vestibulum quam sapien, varius ut, blandit non, interdum in, ante. Vestibulum ante ipsum primis in faucibus orci luctus et ultrices posuere cubilia Curae; Duis faucibus accumsan odio. Curabitur convallis.', 'PF', 'Integer ac leo. Pellentesque ultrices mattis odio. Donec vitae nisi.', 'Penal', 'Não', 'Sim');
insert into atendimento (cod_atendimento, FK_cod_estagiario, data_atendimento, hora_chegada, hora_atendimento, info_servico, pessoa_pf_pj, resumo_caso, materia_relacionada, violencia_domestica, pessoa_enquadrada) values (63, 63, '2024-07-24', '14:14:57', '16:34:26', 'Aenean fermentum. Donec ut mauris eget massa tempor convallis. Nulla neque libero, convallis eget, eleifend luctus, ultricies eu, nibh.', 'PF', 'Phasellus in felis. Donec semper sapien a libero. Nam dui.', 'Outro', 'Não', 'Sim');
insert into atendimento (cod_atendimento, FK_cod_estagiario, data_atendimento, hora_chegada, hora_atendimento, info_servico, pessoa_pf_pj, resumo_caso, materia_relacionada, violencia_domestica, pessoa_enquadrada) values (64, 64, '2023-12-20', '22:11:44', '16:16:45', 'Maecenas ut massa quis augue luctus tincidunt. Nulla mollis molestie lorem. Quisque ut erat.', 'PF', 'Phasellus sit amet erat. Nulla tempus. Vivamus in felis eu sapien cursus vestibulum.', 'Família e Sucessões', 'Sim', 'Não');
insert into atendimento (cod_atendimento, FK_cod_estagiario, data_atendimento, hora_chegada, hora_atendimento, info_servico, pessoa_pf_pj, resumo_caso, materia_relacionada, violencia_domestica, pessoa_enquadrada) values (65, 65, '2024-01-04', '3:56:04', '12:38:33', 'Nulla ut erat id mauris vulputate elementum. Nullam varius. Nulla facilisi.', 'PF', 'Vestibulum quam sapien, varius ut, blandit non, interdum in, ante. Vestibulum ante ipsum primis in faucibus orci luctus et ultrices posuere cubilia Curae; Duis faucibus accumsan odio. Curabitur convallis.', 'Penal', 'Não', 'Sim');
insert into atendimento (cod_atendimento, FK_cod_estagiario, data_atendimento, hora_chegada, hora_atendimento, info_servico, pessoa_pf_pj, resumo_caso, materia_relacionada, violencia_domestica, pessoa_enquadrada) values (66, 66, '2024-02-29', '17:33:56', '6:21:16', 'Quisque porta volutpat erat. Quisque erat eros, viverra eget, congue eget, semper rutrum, nulla. Nunc purus.', 'PF', 'Curabitur at ipsum ac tellus semper interdum. Mauris ullamcorper purus sit amet nulla. Quisque arcu libero, rutrum ac, lobortis vel, dapibus at, diam.', 'Cível', 'Sim', 'Sim');
insert into atendimento (cod_atendimento, FK_cod_estagiario, data_atendimento, hora_chegada, hora_atendimento, info_servico, pessoa_pf_pj, resumo_caso, materia_relacionada, violencia_domestica, pessoa_enquadrada) values (67, 67, '2023-09-11', '14:35:18', '0:01:40', 'Duis consequat dui nec nisi volutpat eleifend. Donec ut dolor. Morbi vel lectus in quam fringilla rhoncus.', 'PF', 'Praesent id massa id nisl venenatis lacinia. Aenean sit amet justo. Morbi ut odio.', 'Família e Sucessões', 'Não', 'Não');
insert into atendimento (cod_atendimento, FK_cod_estagiario, data_atendimento, hora_chegada, hora_atendimento, info_servico, pessoa_pf_pj, resumo_caso, materia_relacionada, violencia_domestica, pessoa_enquadrada) values (68, 68, '2024-07-07', '4:23:51', '1:15:10', 'Cras non velit nec nisi vulputate nonummy. Maecenas tincidunt lacus at velit. Vivamus vel nulla eget eros elementum pellentesque.', 'PF', 'Proin leo odio, porttitor id, consequat in, consequat ut, nulla. Sed accumsan felis. Ut at dolor quis odio consequat varius.', 'Família e Sucessões', 'Sim', 'Não');
insert into atendimento (cod_atendimento, FK_cod_estagiario, data_atendimento, hora_chegada, hora_atendimento, info_servico, pessoa_pf_pj, resumo_caso, materia_relacionada, violencia_domestica, pessoa_enquadrada) values (69, 69, '2024-04-18', '11:02:55', '0:05:07', 'In congue. Etiam justo. Etiam pretium iaculis justo.', 'PF', 'Nam ultrices, libero non mattis pulvinar, nulla pede ullamcorper augue, a suscipit nulla elit ac nulla. Sed vel enim sit amet nunc viverra dapibus. Nulla suscipit ligula in lacus.', 'Penal', 'Sim', 'Não');
insert into atendimento (cod_atendimento, FK_cod_estagiario, data_atendimento, hora_chegada, hora_atendimento, info_servico, pessoa_pf_pj, resumo_caso, materia_relacionada, violencia_domestica, pessoa_enquadrada) values (70, 70, '2024-02-16', '8:35:49', '19:28:31', 'Aenean lectus. Pellentesque eget nunc. Donec quis orci eget orci vehicula condimentum.', 'PF', 'Lorem ipsum dolor sit amet, consectetuer adipiscing elit. Proin risus. Praesent lectus.', 'Outro', 'Sim', 'Não');
insert into atendimento (cod_atendimento, FK_cod_estagiario, data_atendimento, hora_chegada, hora_atendimento, info_servico, pessoa_pf_pj, resumo_caso, materia_relacionada, violencia_domestica, pessoa_enquadrada) values (71, 71, '2023-10-25', '5:41:49', '17:58:11', 'Aenean fermentum. Donec ut mauris eget massa tempor convallis. Nulla neque libero, convallis eget, eleifend luctus, ultricies eu, nibh.', 'PF', 'Integer ac leo. Pellentesque ultrices mattis odio. Donec vitae nisi.', 'Família e Sucessões', 'Não', 'Sim');
insert into atendimento (cod_atendimento, FK_cod_estagiario, data_atendimento, hora_chegada, hora_atendimento, info_servico, pessoa_pf_pj, resumo_caso, materia_relacionada, violencia_domestica, pessoa_enquadrada) values (72, 72, '2024-02-03', '20:22:58', '8:14:09', 'Mauris enim leo, rhoncus sed, vestibulum sit amet, cursus id, turpis. Integer aliquet, massa id lobortis convallis, tortor risus dapibus augue, vel accumsan tellus nisi eu orci. Mauris lacinia sapien quis libero.', 'PF', 'Phasellus in felis. Donec semper sapien a libero. Nam dui.', 'Trabalhista', 'Não', 'Sim');
insert into atendimento (cod_atendimento, FK_cod_estagiario, data_atendimento, hora_chegada, hora_atendimento, info_servico, pessoa_pf_pj, resumo_caso, materia_relacionada, violencia_domestica, pessoa_enquadrada) values (73, 73, '2024-08-11', '2:50:58', '15:25:45', 'Integer ac leo. Pellentesque ultrices mattis odio. Donec vitae nisi.', 'PF', 'Etiam vel augue. Vestibulum rutrum rutrum neque. Aenean auctor gravida sem.', 'Trabalhista', 'Não', 'Não');
insert into atendimento (cod_atendimento, FK_cod_estagiario, data_atendimento, hora_chegada, hora_atendimento, info_servico, pessoa_pf_pj, resumo_caso, materia_relacionada, violencia_domestica, pessoa_enquadrada) values (74, 74, '2024-04-17', '6:42:56', '22:18:11', 'Vestibulum ac est lacinia nisi venenatis tristique. Fusce congue, diam id ornare imperdiet, sapien urna pretium nisl, ut volutpat sapien arcu sed augue. Aliquam erat volutpat.', 'PF', 'Phasellus in felis. Donec semper sapien a libero. Nam dui.', 'Penal', 'Não', 'Sim');
insert into atendimento (cod_atendimento, FK_cod_estagiario, data_atendimento, hora_chegada, hora_atendimento, info_servico, pessoa_pf_pj, resumo_caso, materia_relacionada, violencia_domestica, pessoa_enquadrada) values (75, 75, '2024-03-21', '15:45:33', '16:45:09', 'Aenean lectus. Pellentesque eget nunc. Donec quis orci eget orci vehicula condimentum.', 'PF', 'Fusce posuere felis sed lacus. Morbi sem mauris, laoreet ut, rhoncus aliquet, pulvinar sed, nisl. Nunc rhoncus dui vel sem.', 'Família e Sucessões', 'Não', 'Não');
insert into atendimento (cod_atendimento, FK_cod_estagiario, data_atendimento, hora_chegada, hora_atendimento, info_servico, pessoa_pf_pj, resumo_caso, materia_relacionada, violencia_domestica, pessoa_enquadrada) values (76, 76, '2024-05-06', '10:45:08', '7:39:33', 'In hac habitasse platea dictumst. Morbi vestibulum, velit id pretium iaculis, diam erat fermentum justo, nec condimentum neque sapien placerat ante. Nulla justo.', 'PF', 'Aliquam quis turpis eget elit sodales scelerisque. Mauris sit amet eros. Suspendisse accumsan tortor quis turpis.', 'Cível', 'Não', 'Sim');
insert into atendimento (cod_atendimento, FK_cod_estagiario, data_atendimento, hora_chegada, hora_atendimento, info_servico, pessoa_pf_pj, resumo_caso, materia_relacionada, violencia_domestica, pessoa_enquadrada) values (77, 77, '2023-08-29', '6:18:31', '0:23:03', 'Nullam sit amet turpis elementum ligula vehicula consequat. Morbi a ipsum. Integer a nibh.', 'PF', 'Maecenas ut massa quis augue luctus tincidunt. Nulla mollis molestie lorem. Quisque ut erat.', 'Cível', 'Sim', 'Não');
insert into atendimento (cod_atendimento, FK_cod_estagiario, data_atendimento, hora_chegada, hora_atendimento, info_servico, pessoa_pf_pj, resumo_caso, materia_relacionada, violencia_domestica, pessoa_enquadrada) values (78, 78, '2024-07-03', '15:26:23', '13:17:40', 'Maecenas leo odio, condimentum id, luctus nec, molestie sed, justo. Pellentesque viverra pede ac diam. Cras pellentesque volutpat dui.', 'PJ', 'Phasellus in felis. Donec semper sapien a libero. Nam dui.', 'Previdenciário', 'Sim', 'Sim');
insert into atendimento (cod_atendimento, FK_cod_estagiario, data_atendimento, hora_chegada, hora_atendimento, info_servico, pessoa_pf_pj, resumo_caso, materia_relacionada, violencia_domestica, pessoa_enquadrada) values (79, 79, '2024-08-06', '6:05:13', '17:02:57', 'Nullam porttitor lacus at turpis. Donec posuere metus vitae ipsum. Aliquam non mauris.', 'PF', 'Pellentesque at nulla. Suspendisse potenti. Cras in purus eu magna vulputate luctus.', 'Penal', 'Sim', 'Não');
insert into atendimento (cod_atendimento, FK_cod_estagiario, data_atendimento, hora_chegada, hora_atendimento, info_servico, pessoa_pf_pj, resumo_caso, materia_relacionada, violencia_domestica, pessoa_enquadrada) values (80, 80, '2023-10-14', '2:21:57', '8:26:06', 'Vestibulum ac est lacinia nisi venenatis tristique. Fusce congue, diam id ornare imperdiet, sapien urna pretium nisl, ut volutpat sapien arcu sed augue. Aliquam erat volutpat.', 'PJ', 'Fusce consequat. Nulla nisl. Nunc nisl.', 'Previdenciário', 'Sim', 'Não');
insert into atendimento (cod_atendimento, FK_cod_estagiario, data_atendimento, hora_chegada, hora_atendimento, info_servico, pessoa_pf_pj, resumo_caso, materia_relacionada, violencia_domestica, pessoa_enquadrada) values (81, 81, '2023-10-29', '15:20:12', '1:34:28', 'Proin interdum mauris non ligula pellentesque ultrices. Phasellus id sapien in sapien iaculis congue. Vivamus metus arcu, adipiscing molestie, hendrerit at, vulputate vitae, nisl.', 'PJ', 'Pellentesque at nulla. Suspendisse potenti. Cras in purus eu magna vulputate luctus.', 'Previdenciário', 'Não', 'Não');
insert into atendimento (cod_atendimento, FK_cod_estagiario, data_atendimento, hora_chegada, hora_atendimento, info_servico, pessoa_pf_pj, resumo_caso, materia_relacionada, violencia_domestica, pessoa_enquadrada) values (82, 82, '2023-11-10', '19:37:06', '3:21:49', 'Nullam sit amet turpis elementum ligula vehicula consequat. Morbi a ipsum. Integer a nibh.', 'PF', 'Quisque porta volutpat erat. Quisque erat eros, viverra eget, congue eget, semper rutrum, nulla. Nunc purus.', 'Previdenciário', 'Sim', 'Não');
insert into atendimento (cod_atendimento, FK_cod_estagiario, data_atendimento, hora_chegada, hora_atendimento, info_servico, pessoa_pf_pj, resumo_caso, materia_relacionada, violencia_domestica, pessoa_enquadrada) values (83, 83, '2023-12-17', '22:32:05', '8:35:46', 'Morbi non lectus. Aliquam sit amet diam in magna bibendum imperdiet. Nullam orci pede, venenatis non, sodales sed, tincidunt eu, felis.', 'PF', 'Etiam vel augue. Vestibulum rutrum rutrum neque. Aenean auctor gravida sem.', 'Família e Sucessões', 'Não', 'Sim');
insert into atendimento (cod_atendimento, FK_cod_estagiario, data_atendimento, hora_chegada, hora_atendimento, info_servico, pessoa_pf_pj, resumo_caso, materia_relacionada, violencia_domestica, pessoa_enquadrada) values (84, 84, '2024-05-24', '16:21:49', '14:53:22', 'Morbi non lectus. Aliquam sit amet diam in magna bibendum imperdiet. Nullam orci pede, venenatis non, sodales sed, tincidunt eu, felis.', 'PF', 'Lorem ipsum dolor sit amet, consectetuer adipiscing elit. Proin risus. Praesent lectus.', 'Família e Sucessões', 'Sim', 'Sim');
insert into atendimento (cod_atendimento, FK_cod_estagiario, data_atendimento, hora_chegada, hora_atendimento, info_servico, pessoa_pf_pj, resumo_caso, materia_relacionada, violencia_domestica, pessoa_enquadrada) values (85, 85, '2023-11-03', '0:36:14', '21:50:30', 'Sed ante. Vivamus tortor. Duis mattis egestas metus.', 'PF', 'Proin leo odio, porttitor id, consequat in, consequat ut, nulla. Sed accumsan felis. Ut at dolor quis odio consequat varius.', 'Outro', 'Sim', 'Não');
insert into atendimento (cod_atendimento, FK_cod_estagiario, data_atendimento, hora_chegada, hora_atendimento, info_servico, pessoa_pf_pj, resumo_caso, materia_relacionada, violencia_domestica, pessoa_enquadrada) values (86, 86, '2024-02-15', '6:37:33', '6:32:23', 'Nam ultrices, libero non mattis pulvinar, nulla pede ullamcorper augue, a suscipit nulla elit ac nulla. Sed vel enim sit amet nunc viverra dapibus. Nulla suscipit ligula in lacus.', 'PF', 'Cras mi pede, malesuada in, imperdiet et, commodo vulputate, justo. In blandit ultrices enim. Lorem ipsum dolor sit amet, consectetuer adipiscing elit.', 'Cível', 'Não', 'Não');
insert into atendimento (cod_atendimento, FK_cod_estagiario, data_atendimento, hora_chegada, hora_atendimento, info_servico, pessoa_pf_pj, resumo_caso, materia_relacionada, violencia_domestica, pessoa_enquadrada) values (87, 87, '2023-09-03', '18:29:08', '14:44:15', 'Duis bibendum. Morbi non quam nec dui luctus rutrum. Nulla tellus.', 'PF', 'Vestibulum ac est lacinia nisi venenatis tristique. Fusce congue, diam id ornare imperdiet, sapien urna pretium nisl, ut volutpat sapien arcu sed augue. Aliquam erat volutpat.', 'Outro', 'Não', 'Não');
insert into atendimento (cod_atendimento, FK_cod_estagiario, data_atendimento, hora_chegada, hora_atendimento, info_servico, pessoa_pf_pj, resumo_caso, materia_relacionada, violencia_domestica, pessoa_enquadrada) values (88, 88, '2024-07-21', '12:45:42', '14:06:18', 'Duis bibendum, felis sed interdum venenatis, turpis enim blandit mi, in porttitor pede justo eu massa. Donec dapibus. Duis at velit eu est congue elementum.', 'PF', 'Sed sagittis. Nam congue, risus semper porta volutpat, quam pede lobortis ligula, sit amet eleifend pede libero quis orci. Nullam molestie nibh in lectus.', 'Trabalhista', 'Não', 'Sim');
insert into atendimento (cod_atendimento, FK_cod_estagiario, data_atendimento, hora_chegada, hora_atendimento, info_servico, pessoa_pf_pj, resumo_caso, materia_relacionada, violencia_domestica, pessoa_enquadrada) values (89, 89, '2024-06-25', '22:01:46', '6:02:34', 'Morbi porttitor lorem id ligula. Suspendisse ornare consequat lectus. In est risus, auctor sed, tristique in, tempus sit amet, sem.', 'PF', 'In sagittis dui vel nisl. Duis ac nibh. Fusce lacus purus, aliquet at, feugiat non, pretium quis, lectus.', 'Previdenciário', 'Sim', 'Não');
insert into atendimento (cod_atendimento, FK_cod_estagiario, data_atendimento, hora_chegada, hora_atendimento, info_servico, pessoa_pf_pj, resumo_caso, materia_relacionada, violencia_domestica, pessoa_enquadrada) values (90, 90, '2024-07-27', '16:44:06', '18:05:33', 'Proin eu mi. Nulla ac enim. In tempor, turpis nec euismod scelerisque, quam turpis adipiscing lorem, vitae mattis nibh ligula nec sem.', 'PF', 'Sed sagittis. Nam congue, risus semper porta volutpat, quam pede lobortis ligula, sit amet eleifend pede libero quis orci. Nullam molestie nibh in lectus.', 'Previdenciário', 'Não', 'Sim');
insert into atendimento (cod_atendimento, FK_cod_estagiario, data_atendimento, hora_chegada, hora_atendimento, info_servico, pessoa_pf_pj, resumo_caso, materia_relacionada, violencia_domestica, pessoa_enquadrada) values (91, 91, '2024-02-27', '0:19:07', '6:31:56', 'Sed sagittis. Nam congue, risus semper porta volutpat, quam pede lobortis ligula, sit amet eleifend pede libero quis orci. Nullam molestie nibh in lectus.', 'PF', 'Suspendisse potenti. In eleifend quam a odio. In hac habitasse platea dictumst.', 'Família e Sucessões', 'Não', 'Não');
insert into atendimento (cod_atendimento, FK_cod_estagiario, data_atendimento, hora_chegada, hora_atendimento, info_servico, pessoa_pf_pj, resumo_caso, materia_relacionada, violencia_domestica, pessoa_enquadrada) values (92, 92, '2024-05-06', '12:43:56', '14:47:02', 'Etiam vel augue. Vestibulum rutrum rutrum neque. Aenean auctor gravida sem.', 'PF', 'Duis bibendum, felis sed interdum venenatis, turpis enim blandit mi, in porttitor pede justo eu massa. Donec dapibus. Duis at velit eu est congue elementum.', 'Previdenciário', 'Não', 'Sim');
insert into atendimento (cod_atendimento, FK_cod_estagiario, data_atendimento, hora_chegada, hora_atendimento, info_servico, pessoa_pf_pj, resumo_caso, materia_relacionada, violencia_domestica, pessoa_enquadrada) values (93, 93, '2024-01-03', '11:35:08', '7:29:01', 'Aenean lectus. Pellentesque eget nunc. Donec quis orci eget orci vehicula condimentum.', 'PF', 'Quisque id justo sit amet sapien dignissim vestibulum. Vestibulum ante ipsum primis in faucibus orci luctus et ultrices posuere cubilia Curae; Nulla dapibus dolor vel est. Donec odio justo, sollicitudin ut, suscipit a, feugiat et, eros.', 'Outro', 'Sim', 'Não');
insert into atendimento (cod_atendimento, FK_cod_estagiario, data_atendimento, hora_chegada, hora_atendimento, info_servico, pessoa_pf_pj, resumo_caso, materia_relacionada, violencia_domestica, pessoa_enquadrada) values (94, 94, '2023-10-06', '6:32:32', '0:58:59', 'Proin leo odio, porttitor id, consequat in, consequat ut, nulla. Sed accumsan felis. Ut at dolor quis odio consequat varius.', 'PF', 'Duis aliquam convallis nunc. Proin at turpis a pede posuere nonummy. Integer non velit.', 'Cível', 'Não', 'Não');
insert into atendimento (cod_atendimento, FK_cod_estagiario, data_atendimento, hora_chegada, hora_atendimento, info_servico, pessoa_pf_pj, resumo_caso, materia_relacionada, violencia_domestica, pessoa_enquadrada) values (95, 95, '2023-11-13', '12:48:09', '21:56:17', 'Fusce consequat. Nulla nisl. Nunc nisl.', 'PJ', 'Praesent id massa id nisl venenatis lacinia. Aenean sit amet justo. Morbi ut odio.', 'Previdenciário', 'Sim', 'Sim');
insert into atendimento (cod_atendimento, FK_cod_estagiario, data_atendimento, hora_chegada, hora_atendimento, info_servico, pessoa_pf_pj, resumo_caso, materia_relacionada, violencia_domestica, pessoa_enquadrada) values (96, 96, '2023-09-19', '15:40:30', '1:36:16', 'Duis aliquam convallis nunc. Proin at turpis a pede posuere nonummy. Integer non velit.', 'PJ', 'Nullam porttitor lacus at turpis. Donec posuere metus vitae ipsum. Aliquam non mauris.', 'Trabalhista', 'Sim', 'Não');
insert into atendimento (cod_atendimento, FK_cod_estagiario, data_atendimento, hora_chegada, hora_atendimento, info_servico, pessoa_pf_pj, resumo_caso, materia_relacionada, violencia_domestica, pessoa_enquadrada) values (97, 97, '2023-12-28', '5:03:06', '11:04:57', 'Nullam sit amet turpis elementum ligula vehicula consequat. Morbi a ipsum. Integer a nibh.', 'PF', 'Praesent blandit. Nam nulla. Integer pede justo, lacinia eget, tincidunt eget, tempus vel, pede.', 'Outro', 'Sim', 'Sim');
insert into atendimento (cod_atendimento, FK_cod_estagiario, data_atendimento, hora_chegada, hora_atendimento, info_servico, pessoa_pf_pj, resumo_caso, materia_relacionada, violencia_domestica, pessoa_enquadrada) values (98, 98, '2023-09-28', '17:37:02', '1:30:02', 'Maecenas tristique, est et tempus semper, est quam pharetra magna, ac consequat metus sapien ut nunc. Vestibulum ante ipsum primis in faucibus orci luctus et ultrices posuere cubilia Curae; Mauris viverra diam vitae quam. Suspendisse potenti.', 'PJ', 'In hac habitasse platea dictumst. Etiam faucibus cursus urna. Ut tellus.', 'Trabalhista', 'Não', 'Não');
insert into atendimento (cod_atendimento, FK_cod_estagiario, data_atendimento, hora_chegada, hora_atendimento, info_servico, pessoa_pf_pj, resumo_caso, materia_relacionada, violencia_domestica, pessoa_enquadrada) values (99, 99, '2023-10-12', '10:41:25', '23:06:54', 'Etiam vel augue. Vestibulum rutrum rutrum neque. Aenean auctor gravida sem.', 'PF', 'Proin eu mi. Nulla ac enim. In tempor, turpis nec euismod scelerisque, quam turpis adipiscing lorem, vitae mattis nibh ligula nec sem.', 'Penal', 'Não', 'Sim');
insert into atendimento (cod_atendimento, FK_cod_estagiario, data_atendimento, hora_chegada, hora_atendimento, info_servico, pessoa_pf_pj, resumo_caso, materia_relacionada, violencia_domestica, pessoa_enquadrada) values (100, 100, '2024-07-31', '1:03:34', '7:46:06', 'Vestibulum quam sapien, varius ut, blandit non, interdum in, ante. Vestibulum ante ipsum primis in faucibus orci luctus et ultrices posuere cubilia Curae; Duis faucibus accumsan odio. Curabitur convallis.', 'PF', 'Proin interdum mauris non ligula pellentesque ultrices. Phasellus id sapien in sapien iaculis congue. Vivamus metus arcu, adipiscing molestie, hendrerit at, vulputate vitae, nisl.', 'Família e Sucessões', 'Sim', 'Não');

insert into processo (cod_processo, FK_cpf_pessoa, tema, polo, prox_data_controle, prox_atividade, deferido_prazo_dobro, obs_prazo, marcada_audiencia, dados_audiencia, data_prazo_simples, data_prazo_dobro, registro_movi_processual, qntd_dias_prox_controle, data_proposicao_acao, data_protocolo_judicial) values (1, '44556677044', 'Duis bibendum, felis sed interdum venenatis, turpis enim blandit mi, in porttitor pede justo eu massa. Donec dapibus. Duis at velit eu est congue elementum.', 'exequente/executado', '2024-04-29', '2023-10-17', 'Não', 'Pellentesque at nulla. Suspendisse potenti. Cras in purus eu magna vulputate luctus.', 'Praesent id massa id nisl venenatis lacinia. Aenean sit amet justo. Morbi ut odio.', 'Fusce consequat. Nulla nisl. Nunc nisl.', '2023-09-26', '2023-12-29', 'Proin leo odio, porttitor id, consequat in, consequat ut, nulla. Sed accumsan felis. Ut at dolor quis odio consequat varius.', 28, '2023-12-25', '2024-01-01');
insert into processo (cod_processo, FK_cpf_pessoa, tema, polo, prox_data_controle, prox_atividade, deferido_prazo_dobro, obs_prazo, marcada_audiencia, dados_audiencia, data_prazo_simples, data_prazo_dobro, registro_movi_processual, qntd_dias_prox_controle, data_proposicao_acao, data_protocolo_judicial) values (2, '89012345678', 'Curabitur gravida nisi at nibh. In hac habitasse platea dictumst. Aliquam augue quam, sollicitudin vitae, consectetuer eget, rutrum at, lorem.', 'reclamante/reclamado', '2024-02-26', '2024-04-17', 'Não', 'Morbi non lectus. Aliquam sit amet diam in magna bibendum imperdiet. Nullam orci pede, venenatis non, sodales sed, tincidunt eu, felis.', 'Duis consequat dui nec nisi volutpat eleifend. Donec ut dolor. Morbi vel lectus in quam fringilla rhoncus.', 'Morbi non lectus. Aliquam sit amet diam in magna bibendum imperdiet. Nullam orci pede, venenatis non, sodales sed, tincidunt eu, felis.', '2023-12-19', '2024-08-20', 'Quisque id justo sit amet sapien dignissim vestibulum. Vestibulum ante ipsum primis in faucibus orci luctus et ultrices posuere cubilia Curae; Nulla dapibus dolor vel est. Donec odio justo, sollicitudin ut, suscipit a, feugiat et, eros.', 14, '2023-09-02', '2024-07-20');
insert into processo (cod_processo, FK_cpf_pessoa, tema, polo, prox_data_controle, prox_atividade, deferido_prazo_dobro, obs_prazo, marcada_audiencia, dados_audiencia, data_prazo_simples, data_prazo_dobro, registro_movi_processual, qntd_dias_prox_controle, data_proposicao_acao, data_protocolo_judicial) values (3, '77889900145', 'Duis bibendum. Morbi non quam nec dui luctus rutrum. Nulla tellus.', 'reclamante/reclamado', '2024-08-14', '2024-04-24', 'Sim', 'Nulla ut erat id mauris vulputate elementum. Nullam varius. Nulla facilisi.', 'Curabitur at ipsum ac tellus semper interdum. Mauris ullamcorper purus sit amet nulla. Quisque arcu libero, rutrum ac, lobortis vel, dapibus at, diam.', 'In hac habitasse platea dictumst. Morbi vestibulum, velit id pretium iaculis, diam erat fermentum justo, nec condimentum neque sapien placerat ante. Nulla justo.', '2024-01-14', '2023-11-22', 'Aenean lectus. Pellentesque eget nunc. Donec quis orci eget orci vehicula condimentum.', 8, '2024-04-09', '2024-03-26');
insert into processo (cod_processo, FK_cpf_pessoa, tema, polo, prox_data_controle, prox_atividade, deferido_prazo_dobro, obs_prazo, marcada_audiencia, dados_audiencia, data_prazo_simples, data_prazo_dobro, registro_movi_processual, qntd_dias_prox_controle, data_proposicao_acao, data_protocolo_judicial) values (4, '77889900123', 'Sed sagittis. Nam congue, risus semper porta volutpat, quam pede lobortis ligula, sit amet eleifend pede libero quis orci. Nullam molestie nibh in lectus.', 'reclamante/reclamado', '2023-10-05', '2024-05-30', 'Sim', 'Praesent blandit. Nam nulla. Integer pede justo, lacinia eget, tincidunt eget, tempus vel, pede.', 'Sed ante. Vivamus tortor. Duis mattis egestas metus.', 'Aenean lectus. Pellentesque eget nunc. Donec quis orci eget orci vehicula condimentum.', '2023-10-15', '2023-11-12', 'Aenean lectus. Pellentesque eget nunc. Donec quis orci eget orci vehicula condimentum.', 30, '2024-07-08', '2024-03-04');
insert into processo (cod_processo, FK_cpf_pessoa, tema, polo, prox_data_controle, prox_atividade, deferido_prazo_dobro, obs_prazo, marcada_audiencia, dados_audiencia, data_prazo_simples, data_prazo_dobro, registro_movi_processual, qntd_dias_prox_controle, data_proposicao_acao, data_protocolo_judicial) values (5, '66778899034', 'Proin eu mi. Nulla ac enim. In tempor, turpis nec euismod scelerisque, quam turpis adipiscing lorem, vitae mattis nibh ligula nec sem.', 'exequente/executado', '2024-07-18', '2024-01-30', 'Sim', 'Maecenas tristique, est et tempus semper, est quam pharetra magna, ac consequat metus sapien ut nunc. Vestibulum ante ipsum primis in faucibus orci luctus et ultrices posuere cubilia Curae; Mauris viverra diam vitae quam. Suspendisse potenti.', 'Praesent id massa id nisl venenatis lacinia. Aenean sit amet justo. Morbi ut odio.', 'Duis consequat dui nec nisi volutpat eleifend. Donec ut dolor. Morbi vel lectus in quam fringilla rhoncus.', '2023-10-10', '2023-10-18', 'Phasellus sit amet erat. Nulla tempus. Vivamus in felis eu sapien cursus vestibulum.', 50, '2024-06-08', '2023-09-12');
insert into processo (cod_processo, FK_cpf_pessoa, tema, polo, prox_data_controle, prox_atividade, deferido_prazo_dobro, obs_prazo, marcada_audiencia, dados_audiencia, data_prazo_simples, data_prazo_dobro, registro_movi_processual, qntd_dias_prox_controle, data_proposicao_acao, data_protocolo_judicial) values (6, '67890123456', 'Aenean fermentum. Donec ut mauris eget massa tempor convallis. Nulla neque libero, convallis eget, eleifend luctus, ultricies eu, nibh.', 'exequente/executado', '2024-05-15', '2023-10-08', 'Sim', 'Duis consequat dui nec nisi volutpat eleifend. Donec ut dolor. Morbi vel lectus in quam fringilla rhoncus.', 'Nulla ut erat id mauris vulputate elementum. Nullam varius. Nulla facilisi.', 'Sed ante. Vivamus tortor. Duis mattis egestas metus.', '2023-10-23', '2024-08-04', 'Proin interdum mauris non ligula pellentesque ultrices. Phasellus id sapien in sapien iaculis congue. Vivamus metus arcu, adipiscing molestie, hendrerit at, vulputate vitae, nisl.', 18, '2024-05-17', '2024-04-18');
insert into processo (cod_processo, FK_cpf_pessoa, tema, polo, prox_data_controle, prox_atividade, deferido_prazo_dobro, obs_prazo, marcada_audiencia, dados_audiencia, data_prazo_simples, data_prazo_dobro, registro_movi_processual, qntd_dias_prox_controle, data_proposicao_acao, data_protocolo_judicial) values (7, '00112233456', 'Proin leo odio, porttitor id, consequat in, consequat ut, nulla. Sed accumsan felis. Ut at dolor quis odio consequat varius.', 'exequente/executado', '2023-10-21', '2023-09-24', 'Sim', 'Donec diam neque, vestibulum eget, vulputate ut, ultrices vel, augue. Vestibulum ante ipsum primis in faucibus orci luctus et ultrices posuere cubilia Curae; Donec pharetra, magna vestibulum aliquet ultrices, erat tortor sollicitudin mi, sit amet lobortis sapien sapien non mi. Integer ac neque.', 'Maecenas leo odio, condimentum id, luctus nec, molestie sed, justo. Pellentesque viverra pede ac diam. Cras pellentesque volutpat dui.', 'Phasellus in felis. Donec semper sapien a libero. Nam dui.', '2024-03-08', '2024-03-15', 'Duis bibendum. Morbi non quam nec dui luctus rutrum. Nulla tellus.', 37, '2024-07-23', '2024-04-12');
insert into processo (cod_processo, FK_cpf_pessoa, tema, polo, prox_data_controle, prox_atividade, deferido_prazo_dobro, obs_prazo, marcada_audiencia, dados_audiencia, data_prazo_simples, data_prazo_dobro, registro_movi_processual, qntd_dias_prox_controle, data_proposicao_acao, data_protocolo_judicial) values (8, '77889900123', 'Lorem ipsum dolor sit amet, consectetuer adipiscing elit. Proin risus. Praesent lectus.', 'exequente/executado', '2024-03-28', '2023-10-30', 'Sim', 'Nullam porttitor lacus at turpis. Donec posuere metus vitae ipsum. Aliquam non mauris.', 'Duis aliquam convallis nunc. Proin at turpis a pede posuere nonummy. Integer non velit.', 'In hac habitasse platea dictumst. Morbi vestibulum, velit id pretium iaculis, diam erat fermentum justo, nec condimentum neque sapien placerat ante. Nulla justo.', '2023-10-22', '2024-02-22', 'Proin leo odio, porttitor id, consequat in, consequat ut, nulla. Sed accumsan felis. Ut at dolor quis odio consequat varius.', 26, '2024-03-28', '2023-10-13');
insert into processo (cod_processo, FK_cpf_pessoa, tema, polo, prox_data_controle, prox_atividade, deferido_prazo_dobro, obs_prazo, marcada_audiencia, dados_audiencia, data_prazo_simples, data_prazo_dobro, registro_movi_processual, qntd_dias_prox_controle, data_proposicao_acao, data_protocolo_judicial) values (9, '90123456789', 'Morbi non lectus. Aliquam sit amet diam in magna bibendum imperdiet. Nullam orci pede, venenatis non, sodales sed, tincidunt eu, felis.', 'exequente/executado', '2023-08-30', '2023-12-22', 'Sim', 'Morbi non lectus. Aliquam sit amet diam in magna bibendum imperdiet. Nullam orci pede, venenatis non, sodales sed, tincidunt eu, felis.', 'Curabitur in libero ut massa volutpat convallis. Morbi odio odio, elementum eu, interdum eu, tincidunt in, leo. Maecenas pulvinar lobortis est.', 'Aenean lectus. Pellentesque eget nunc. Donec quis orci eget orci vehicula condimentum.', '2024-02-16', '2024-08-26', 'Sed ante. Vivamus tortor. Duis mattis egestas metus.', 13, '2024-04-13', '2023-10-10');
insert into processo (cod_processo, FK_cpf_pessoa, tema, polo, prox_data_controle, prox_atividade, deferido_prazo_dobro, obs_prazo, marcada_audiencia, dados_audiencia, data_prazo_simples, data_prazo_dobro, registro_movi_processual, qntd_dias_prox_controle, data_proposicao_acao, data_protocolo_judicial) values (10, '77889900145', 'Aliquam quis turpis eget elit sodales scelerisque. Mauris sit amet eros. Suspendisse accumsan tortor quis turpis.', 'reclamante/reclamado', '2024-04-04', '2023-09-15', 'Não', 'Duis consequat dui nec nisi volutpat eleifend. Donec ut dolor. Morbi vel lectus in quam fringilla rhoncus.', 'Integer tincidunt ante vel ipsum. Praesent blandit lacinia erat. Vestibulum sed magna at nunc commodo placerat.', 'Fusce posuere felis sed lacus. Morbi sem mauris, laoreet ut, rhoncus aliquet, pulvinar sed, nisl. Nunc rhoncus dui vel sem.', '2023-10-04', '2024-08-20', 'Curabitur gravida nisi at nibh. In hac habitasse platea dictumst. Aliquam augue quam, sollicitudin vitae, consectetuer eget, rutrum at, lorem.', 22, '2024-01-06', '2024-04-17');
insert into processo (cod_processo, FK_cpf_pessoa, tema, polo, prox_data_controle, prox_atividade, deferido_prazo_dobro, obs_prazo, marcada_audiencia, dados_audiencia, data_prazo_simples, data_prazo_dobro, registro_movi_processual, qntd_dias_prox_controle, data_proposicao_acao, data_protocolo_judicial) values (11, '33445566822', 'Pellentesque at nulla. Suspendisse potenti. Cras in purus eu magna vulputate luctus.', 'exequente/executado', '2023-10-28', '2024-03-12', 'Sim', 'Aenean lectus. Pellentesque eget nunc. Donec quis orci eget orci vehicula condimentum.', 'Sed sagittis. Nam congue, risus semper porta volutpat, quam pede lobortis ligula, sit amet eleifend pede libero quis orci. Nullam molestie nibh in lectus.', 'Etiam vel augue. Vestibulum rutrum rutrum neque. Aenean auctor gravida sem.', '2024-04-04', '2024-03-29', 'Curabitur gravida nisi at nibh. In hac habitasse platea dictumst. Aliquam augue quam, sollicitudin vitae, consectetuer eget, rutrum at, lorem.', 14, '2024-02-09', '2023-10-06');
insert into processo (cod_processo, FK_cpf_pessoa, tema, polo, prox_data_controle, prox_atividade, deferido_prazo_dobro, obs_prazo, marcada_audiencia, dados_audiencia, data_prazo_simples, data_prazo_dobro, registro_movi_processual, qntd_dias_prox_controle, data_proposicao_acao, data_protocolo_judicial) values (12, '22334455667', 'Sed ante. Vivamus tortor. Duis mattis egestas metus.', 'reclamante/reclamado', '2024-07-07', '2024-06-01', 'Sim', 'Mauris enim leo, rhoncus sed, vestibulum sit amet, cursus id, turpis. Integer aliquet, massa id lobortis convallis, tortor risus dapibus augue, vel accumsan tellus nisi eu orci. Mauris lacinia sapien quis libero.', 'Mauris enim leo, rhoncus sed, vestibulum sit amet, cursus id, turpis. Integer aliquet, massa id lobortis convallis, tortor risus dapibus augue, vel accumsan tellus nisi eu orci. Mauris lacinia sapien quis libero.', 'Phasellus sit amet erat. Nulla tempus. Vivamus in felis eu sapien cursus vestibulum.', '2023-11-06', '2023-10-24', 'Maecenas leo odio, condimentum id, luctus nec, molestie sed, justo. Pellentesque viverra pede ac diam. Cras pellentesque volutpat dui.', 1, '2023-10-23', '2024-03-21');
insert into processo (cod_processo, FK_cpf_pessoa, tema, polo, prox_data_controle, prox_atividade, deferido_prazo_dobro, obs_prazo, marcada_audiencia, dados_audiencia, data_prazo_simples, data_prazo_dobro, registro_movi_processual, qntd_dias_prox_controle, data_proposicao_acao, data_protocolo_judicial) values (13, '88990011234', 'Duis aliquam convallis nunc. Proin at turpis a pede posuere nonummy. Integer non velit.', 'reclamante/reclamado', '2023-09-07', '2024-02-02', 'Sim', 'Suspendisse potenti. In eleifend quam a odio. In hac habitasse platea dictumst.', 'Praesent blandit. Nam nulla. Integer pede justo, lacinia eget, tincidunt eget, tempus vel, pede.', 'Morbi porttitor lorem id ligula. Suspendisse ornare consequat lectus. In est risus, auctor sed, tristique in, tempus sit amet, sem.', '2024-03-20', '2024-04-12', 'Phasellus in felis. Donec semper sapien a libero. Nam dui.', 29, '2024-04-22', '2023-10-27');
insert into processo (cod_processo, FK_cpf_pessoa, tema, polo, prox_data_controle, prox_atividade, deferido_prazo_dobro, obs_prazo, marcada_audiencia, dados_audiencia, data_prazo_simples, data_prazo_dobro, registro_movi_processual, qntd_dias_prox_controle, data_proposicao_acao, data_protocolo_judicial) values (14, '22334455689', 'Vestibulum ac est lacinia nisi venenatis tristique. Fusce congue, diam id ornare imperdiet, sapien urna pretium nisl, ut volutpat sapien arcu sed augue. Aliquam erat volutpat.', 'reclamante/reclamado', '2023-10-24', '2024-01-18', 'Sim', 'Maecenas leo odio, condimentum id, luctus nec, molestie sed, justo. Pellentesque viverra pede ac diam. Cras pellentesque volutpat dui.', 'Phasellus in felis. Donec semper sapien a libero. Nam dui.', 'Mauris enim leo, rhoncus sed, vestibulum sit amet, cursus id, turpis. Integer aliquet, massa id lobortis convallis, tortor risus dapibus augue, vel accumsan tellus nisi eu orci. Mauris lacinia sapien quis libero.', '2024-04-02', '2023-12-21', 'Integer ac leo. Pellentesque ultrices mattis odio. Donec vitae nisi.', 23, '2024-08-13', '2023-12-17');
insert into processo (cod_processo, FK_cpf_pessoa, tema, polo, prox_data_controle, prox_atividade, deferido_prazo_dobro, obs_prazo, marcada_audiencia, dados_audiencia, data_prazo_simples, data_prazo_dobro, registro_movi_processual, qntd_dias_prox_controle, data_proposicao_acao, data_protocolo_judicial) values (15, '55667788990', 'Nullam sit amet turpis elementum ligula vehicula consequat. Morbi a ipsum. Integer a nibh.', 'exequente/executado', '2023-11-17', '2024-05-30', 'Não', 'Maecenas ut massa quis augue luctus tincidunt. Nulla mollis molestie lorem. Quisque ut erat.', 'Quisque id justo sit amet sapien dignissim vestibulum. Vestibulum ante ipsum primis in faucibus orci luctus et ultrices posuere cubilia Curae; Nulla dapibus dolor vel est. Donec odio justo, sollicitudin ut, suscipit a, feugiat et, eros.', 'Morbi porttitor lorem id ligula. Suspendisse ornare consequat lectus. In est risus, auctor sed, tristique in, tempus sit amet, sem.', '2023-11-12', '2023-12-01', 'Nulla ut erat id mauris vulputate elementum. Nullam varius. Nulla facilisi.', 47, '2024-01-03', '2023-11-28');
insert into processo (cod_processo, FK_cpf_pessoa, tema, polo, prox_data_controle, prox_atividade, deferido_prazo_dobro, obs_prazo, marcada_audiencia, dados_audiencia, data_prazo_simples, data_prazo_dobro, registro_movi_processual, qntd_dias_prox_controle, data_proposicao_acao, data_protocolo_judicial) values (16, '66778899001', 'Sed sagittis. Nam congue, risus semper porta volutpat, quam pede lobortis ligula, sit amet eleifend pede libero quis orci. Nullam molestie nibh in lectus.', 'reclamante/reclamado', '2024-06-10', '2024-02-20', 'Sim', 'Nulla ut erat id mauris vulputate elementum. Nullam varius. Nulla facilisi.', 'Etiam vel augue. Vestibulum rutrum rutrum neque. Aenean auctor gravida sem.', 'Proin eu mi. Nulla ac enim. In tempor, turpis nec euismod scelerisque, quam turpis adipiscing lorem, vitae mattis nibh ligula nec sem.', '2023-10-08', '2024-01-12', 'Pellentesque at nulla. Suspendisse potenti. Cras in purus eu magna vulputate luctus.', 39, '2024-07-21', '2023-09-03');
insert into processo (cod_processo, FK_cpf_pessoa, tema, polo, prox_data_controle, prox_atividade, deferido_prazo_dobro, obs_prazo, marcada_audiencia, dados_audiencia, data_prazo_simples, data_prazo_dobro, registro_movi_processual, qntd_dias_prox_controle, data_proposicao_acao, data_protocolo_judicial) values (17, '11223344822', 'Cras non velit nec nisi vulputate nonummy. Maecenas tincidunt lacus at velit. Vivamus vel nulla eget eros elementum pellentesque.', 'reclamante/reclamado', '2023-10-31', '2024-05-28', 'Não', 'Integer ac leo. Pellentesque ultrices mattis odio. Donec vitae nisi.', 'Quisque id justo sit amet sapien dignissim vestibulum. Vestibulum ante ipsum primis in faucibus orci luctus et ultrices posuere cubilia Curae; Nulla dapibus dolor vel est. Donec odio justo, sollicitudin ut, suscipit a, feugiat et, eros.', 'Phasellus sit amet erat. Nulla tempus. Vivamus in felis eu sapien cursus vestibulum.', '2024-06-06', '2023-10-01', 'Phasellus sit amet erat. Nulla tempus. Vivamus in felis eu sapien cursus vestibulum.', 13, '2024-01-04', '2023-09-24');
insert into processo (cod_processo, FK_cpf_pessoa, tema, polo, prox_data_controle, prox_atividade, deferido_prazo_dobro, obs_prazo, marcada_audiencia, dados_audiencia, data_prazo_simples, data_prazo_dobro, registro_movi_processual, qntd_dias_prox_controle, data_proposicao_acao, data_protocolo_judicial) values (18, '90123456789', 'Curabitur gravida nisi at nibh. In hac habitasse platea dictumst. Aliquam augue quam, sollicitudin vitae, consectetuer eget, rutrum at, lorem.', 'exequente/executado', '2023-09-15', '2024-06-20', 'Sim', 'In hac habitasse platea dictumst. Etiam faucibus cursus urna. Ut tellus.', 'Praesent id massa id nisl venenatis lacinia. Aenean sit amet justo. Morbi ut odio.', 'Cras non velit nec nisi vulputate nonummy. Maecenas tincidunt lacus at velit. Vivamus vel nulla eget eros elementum pellentesque.', '2024-07-28', '2023-09-10', 'Nam ultrices, libero non mattis pulvinar, nulla pede ullamcorper augue, a suscipit nulla elit ac nulla. Sed vel enim sit amet nunc viverra dapibus. Nulla suscipit ligula in lacus.', 42, '2023-10-08', '2023-12-20');
insert into processo (cod_processo, FK_cpf_pessoa, tema, polo, prox_data_controle, prox_atividade, deferido_prazo_dobro, obs_prazo, marcada_audiencia, dados_audiencia, data_prazo_simples, data_prazo_dobro, registro_movi_processual, qntd_dias_prox_controle, data_proposicao_acao, data_protocolo_judicial) values (19, '44556677890', 'Etiam vel augue. Vestibulum rutrum rutrum neque. Aenean auctor gravida sem.', 'reclamante/reclamado', '2024-02-12', '2024-04-29', 'Não', 'Cum sociis natoque penatibus et magnis dis parturient montes, nascetur ridiculus mus. Vivamus vestibulum sagittis sapien. Cum sociis natoque penatibus et magnis dis parturient montes, nascetur ridiculus mus.', 'Duis bibendum. Morbi non quam nec dui luctus rutrum. Nulla tellus.', 'Sed sagittis. Nam congue, risus semper porta volutpat, quam pede lobortis ligula, sit amet eleifend pede libero quis orci. Nullam molestie nibh in lectus.', '2024-06-24', '2024-03-25', 'Curabitur at ipsum ac tellus semper interdum. Mauris ullamcorper purus sit amet nulla. Quisque arcu libero, rutrum ac, lobortis vel, dapibus at, diam.', 50, '2024-01-26', '2023-11-11');
insert into processo (cod_processo, FK_cpf_pessoa, tema, polo, prox_data_controle, prox_atividade, deferido_prazo_dobro, obs_prazo, marcada_audiencia, dados_audiencia, data_prazo_simples, data_prazo_dobro, registro_movi_processual, qntd_dias_prox_controle, data_proposicao_acao, data_protocolo_judicial) values (20, '11223344567', 'Sed ante. Vivamus tortor. Duis mattis egestas metus.', 'reclamante/reclamado', '2023-11-12', '2024-08-13', 'Sim', 'Duis bibendum. Morbi non quam nec dui luctus rutrum. Nulla tellus.', 'In sagittis dui vel nisl. Duis ac nibh. Fusce lacus purus, aliquet at, feugiat non, pretium quis, lectus.', 'Fusce consequat. Nulla nisl. Nunc nisl.', '2024-01-21', '2024-08-04', 'Curabitur in libero ut massa volutpat convallis. Morbi odio odio, elementum eu, interdum eu, tincidunt in, leo. Maecenas pulvinar lobortis est.', 38, '2023-09-29', '2024-06-18');
insert into processo (cod_processo, FK_cpf_pessoa, tema, polo, prox_data_controle, prox_atividade, deferido_prazo_dobro, obs_prazo, marcada_audiencia, dados_audiencia, data_prazo_simples, data_prazo_dobro, registro_movi_processual, qntd_dias_prox_controle, data_proposicao_acao, data_protocolo_judicial) values (21, '44556677155', 'Quisque porta volutpat erat. Quisque erat eros, viverra eget, congue eget, semper rutrum, nulla. Nunc purus.', 'reclamante/reclamado', '2023-11-01', '2024-04-18', 'Não', 'Vestibulum quam sapien, varius ut, blandit non, interdum in, ante. Vestibulum ante ipsum primis in faucibus orci luctus et ultrices posuere cubilia Curae; Duis faucibus accumsan odio. Curabitur convallis.', 'Aenean fermentum. Donec ut mauris eget massa tempor convallis. Nulla neque libero, convallis eget, eleifend luctus, ultricies eu, nibh.', 'Morbi non lectus. Aliquam sit amet diam in magna bibendum imperdiet. Nullam orci pede, venenatis non, sodales sed, tincidunt eu, felis.', '2023-12-09', '2023-10-17', 'In hac habitasse platea dictumst. Morbi vestibulum, velit id pretium iaculis, diam erat fermentum justo, nec condimentum neque sapien placerat ante. Nulla justo.', 18, '2023-08-29', '2024-05-15');
insert into processo (cod_processo, FK_cpf_pessoa, tema, polo, prox_data_controle, prox_atividade, deferido_prazo_dobro, obs_prazo, marcada_audiencia, dados_audiencia, data_prazo_simples, data_prazo_dobro, registro_movi_processual, qntd_dias_prox_controle, data_proposicao_acao, data_protocolo_judicial) values (22, '11223344822', 'Nam ultrices, libero non mattis pulvinar, nulla pede ullamcorper augue, a suscipit nulla elit ac nulla. Sed vel enim sit amet nunc viverra dapibus. Nulla suscipit ligula in lacus.', 'reclamante/reclamado', '2024-03-07', '2023-12-29', 'Sim', 'Cras non velit nec nisi vulputate nonummy. Maecenas tincidunt lacus at velit. Vivamus vel nulla eget eros elementum pellentesque.', 'Etiam vel augue. Vestibulum rutrum rutrum neque. Aenean auctor gravida sem.', 'In congue. Etiam justo. Etiam pretium iaculis justo.', '2024-05-12', '2024-07-28', 'Lorem ipsum dolor sit amet, consectetuer adipiscing elit. Proin risus. Praesent lectus.', 18, '2023-10-15', '2024-07-03');
insert into processo (cod_processo, FK_cpf_pessoa, tema, polo, prox_data_controle, prox_atividade, deferido_prazo_dobro, obs_prazo, marcada_audiencia, dados_audiencia, data_prazo_simples, data_prazo_dobro, registro_movi_processual, qntd_dias_prox_controle, data_proposicao_acao, data_protocolo_judicial) values (23, '33445566790', 'Cras mi pede, malesuada in, imperdiet et, commodo vulputate, justo. In blandit ultrices enim. Lorem ipsum dolor sit amet, consectetuer adipiscing elit.', 'reclamante/reclamado', '2024-01-10', '2023-08-27', 'Sim', 'Fusce posuere felis sed lacus. Morbi sem mauris, laoreet ut, rhoncus aliquet, pulvinar sed, nisl. Nunc rhoncus dui vel sem.', 'Duis consequat dui nec nisi volutpat eleifend. Donec ut dolor. Morbi vel lectus in quam fringilla rhoncus.', 'Cras non velit nec nisi vulputate nonummy. Maecenas tincidunt lacus at velit. Vivamus vel nulla eget eros elementum pellentesque.', '2024-05-05', '2023-11-23', 'Cras mi pede, malesuada in, imperdiet et, commodo vulputate, justo. In blandit ultrices enim. Lorem ipsum dolor sit amet, consectetuer adipiscing elit.', 18, '2024-01-31', '2023-10-17');
insert into processo (cod_processo, FK_cpf_pessoa, tema, polo, prox_data_controle, prox_atividade, deferido_prazo_dobro, obs_prazo, marcada_audiencia, dados_audiencia, data_prazo_simples, data_prazo_dobro, registro_movi_processual, qntd_dias_prox_controle, data_proposicao_acao, data_protocolo_judicial) values (24, '77889900599', 'Proin interdum mauris non ligula pellentesque ultrices. Phasellus id sapien in sapien iaculis congue. Vivamus metus arcu, adipiscing molestie, hendrerit at, vulputate vitae, nisl.', 'reclamante/reclamado', '2024-08-04', '2024-07-11', 'Não', 'Vestibulum ac est lacinia nisi venenatis tristique. Fusce congue, diam id ornare imperdiet, sapien urna pretium nisl, ut volutpat sapien arcu sed augue. Aliquam erat volutpat.', 'Proin eu mi. Nulla ac enim. In tempor, turpis nec euismod scelerisque, quam turpis adipiscing lorem, vitae mattis nibh ligula nec sem.', 'Duis bibendum. Morbi non quam nec dui luctus rutrum. Nulla tellus.', '2023-09-12', '2024-06-21', 'Etiam vel augue. Vestibulum rutrum rutrum neque. Aenean auctor gravida sem.', 3, '2024-03-08', '2024-03-08');
insert into processo (cod_processo, FK_cpf_pessoa, tema, polo, prox_data_controle, prox_atividade, deferido_prazo_dobro, obs_prazo, marcada_audiencia, dados_audiencia, data_prazo_simples, data_prazo_dobro, registro_movi_processual, qntd_dias_prox_controle, data_proposicao_acao, data_protocolo_judicial) values (25, '66778899155', 'Phasellus sit amet erat. Nulla tempus. Vivamus in felis eu sapien cursus vestibulum.', 'exequente/executado', '2023-10-21', '2024-03-15', 'Não', 'Morbi non lectus. Aliquam sit amet diam in magna bibendum imperdiet. Nullam orci pede, venenatis non, sodales sed, tincidunt eu, felis.', 'Curabitur gravida nisi at nibh. In hac habitasse platea dictumst. Aliquam augue quam, sollicitudin vitae, consectetuer eget, rutrum at, lorem.', 'Nullam porttitor lacus at turpis. Donec posuere metus vitae ipsum. Aliquam non mauris.', '2024-07-23', '2024-05-13', 'Praesent id massa id nisl venenatis lacinia. Aenean sit amet justo. Morbi ut odio.', 25, '2024-04-12', '2024-02-23');
insert into processo (cod_processo, FK_cpf_pessoa, tema, polo, prox_data_controle, prox_atividade, deferido_prazo_dobro, obs_prazo, marcada_audiencia, dados_audiencia, data_prazo_simples, data_prazo_dobro, registro_movi_processual, qntd_dias_prox_controle, data_proposicao_acao, data_protocolo_judicial) values (26, '00112233456', 'Suspendisse potenti. In eleifend quam a odio. In hac habitasse platea dictumst.', 'reclamante/reclamado', '2023-08-31', '2024-03-28', 'Não', 'Etiam vel augue. Vestibulum rutrum rutrum neque. Aenean auctor gravida sem.', 'Curabitur gravida nisi at nibh. In hac habitasse platea dictumst. Aliquam augue quam, sollicitudin vitae, consectetuer eget, rutrum at, lorem.', 'Donec diam neque, vestibulum eget, vulputate ut, ultrices vel, augue. Vestibulum ante ipsum primis in faucibus orci luctus et ultrices posuere cubilia Curae; Donec pharetra, magna vestibulum aliquet ultrices, erat tortor sollicitudin mi, sit amet lobortis sapien sapien non mi. Integer ac neque.', '2023-12-22', '2024-06-30', 'Curabitur gravida nisi at nibh. In hac habitasse platea dictumst. Aliquam augue quam, sollicitudin vitae, consectetuer eget, rutrum at, lorem.', 33, '2024-02-13', '2024-07-20');
insert into processo (cod_processo, FK_cpf_pessoa, tema, polo, prox_data_controle, prox_atividade, deferido_prazo_dobro, obs_prazo, marcada_audiencia, dados_audiencia, data_prazo_simples, data_prazo_dobro, registro_movi_processual, qntd_dias_prox_controle, data_proposicao_acao, data_protocolo_judicial) values (27, '22334455689', 'Morbi porttitor lorem id ligula. Suspendisse ornare consequat lectus. In est risus, auctor sed, tristique in, tempus sit amet, sem.', 'reclamante/reclamado', '2024-07-16', '2023-09-23', 'Sim', 'Praesent blandit. Nam nulla. Integer pede justo, lacinia eget, tincidunt eget, tempus vel, pede.', 'In quis justo. Maecenas rhoncus aliquam lacus. Morbi quis tortor id nulla ultrices aliquet.', 'Vestibulum quam sapien, varius ut, blandit non, interdum in, ante. Vestibulum ante ipsum primis in faucibus orci luctus et ultrices posuere cubilia Curae; Duis faucibus accumsan odio. Curabitur convallis.', '2024-05-19', '2024-05-18', 'In hac habitasse platea dictumst. Etiam faucibus cursus urna. Ut tellus.', 33, '2023-09-17', '2023-09-10');
insert into processo (cod_processo, FK_cpf_pessoa, tema, polo, prox_data_controle, prox_atividade, deferido_prazo_dobro, obs_prazo, marcada_audiencia, dados_audiencia, data_prazo_simples, data_prazo_dobro, registro_movi_processual, qntd_dias_prox_controle, data_proposicao_acao, data_protocolo_judicial) values (28, '89012345678', 'Fusce posuere felis sed lacus. Morbi sem mauris, laoreet ut, rhoncus aliquet, pulvinar sed, nisl. Nunc rhoncus dui vel sem.', 'exequente/executado', '2023-11-03', '2023-08-27', 'Não', 'Etiam vel augue. Vestibulum rutrum rutrum neque. Aenean auctor gravida sem.', 'Praesent id massa id nisl venenatis lacinia. Aenean sit amet justo. Morbi ut odio.', 'Aenean fermentum. Donec ut mauris eget massa tempor convallis. Nulla neque libero, convallis eget, eleifend luctus, ultricies eu, nibh.', '2024-05-15', '2024-08-20', 'Fusce posuere felis sed lacus. Morbi sem mauris, laoreet ut, rhoncus aliquet, pulvinar sed, nisl. Nunc rhoncus dui vel sem.', 40, '2024-03-12', '2023-11-26');
insert into processo (cod_processo, FK_cpf_pessoa, tema, polo, prox_data_controle, prox_atividade, deferido_prazo_dobro, obs_prazo, marcada_audiencia, dados_audiencia, data_prazo_simples, data_prazo_dobro, registro_movi_processual, qntd_dias_prox_controle, data_proposicao_acao, data_protocolo_judicial) values (29, '99001122367', 'Morbi non lectus. Aliquam sit amet diam in magna bibendum imperdiet. Nullam orci pede, venenatis non, sodales sed, tincidunt eu, felis.', 'reclamante/reclamado', '2024-05-04', '2024-01-12', 'Não', 'Aenean fermentum. Donec ut mauris eget massa tempor convallis. Nulla neque libero, convallis eget, eleifend luctus, ultricies eu, nibh.', 'Aliquam quis turpis eget elit sodales scelerisque. Mauris sit amet eros. Suspendisse accumsan tortor quis turpis.', 'Phasellus in felis. Donec semper sapien a libero. Nam dui.', '2023-11-28', '2023-09-08', 'Fusce posuere felis sed lacus. Morbi sem mauris, laoreet ut, rhoncus aliquet, pulvinar sed, nisl. Nunc rhoncus dui vel sem.', 31, '2024-06-08', '2024-07-12');
insert into processo (cod_processo, FK_cpf_pessoa, tema, polo, prox_data_controle, prox_atividade, deferido_prazo_dobro, obs_prazo, marcada_audiencia, dados_audiencia, data_prazo_simples, data_prazo_dobro, registro_movi_processual, qntd_dias_prox_controle, data_proposicao_acao, data_protocolo_judicial) values (30, '11223344589', 'Phasellus in felis. Donec semper sapien a libero. Nam dui.', 'reclamante/reclamado', '2024-08-07', '2023-12-04', 'Sim', 'Vestibulum ac est lacinia nisi venenatis tristique. Fusce congue, diam id ornare imperdiet, sapien urna pretium nisl, ut volutpat sapien arcu sed augue. Aliquam erat volutpat.', 'Mauris enim leo, rhoncus sed, vestibulum sit amet, cursus id, turpis. Integer aliquet, massa id lobortis convallis, tortor risus dapibus augue, vel accumsan tellus nisi eu orci. Mauris lacinia sapien quis libero.', 'Nulla ut erat id mauris vulputate elementum. Nullam varius. Nulla facilisi.', '2024-05-25', '2023-10-12', 'Pellentesque at nulla. Suspendisse potenti. Cras in purus eu magna vulputate luctus.', 20, '2023-11-09', '2024-01-14');
insert into processo (cod_processo, FK_cpf_pessoa, tema, polo, prox_data_controle, prox_atividade, deferido_prazo_dobro, obs_prazo, marcada_audiencia, dados_audiencia, data_prazo_simples, data_prazo_dobro, registro_movi_processual, qntd_dias_prox_controle, data_proposicao_acao, data_protocolo_judicial) values (31, '44556677266', 'Nullam porttitor lacus at turpis. Donec posuere metus vitae ipsum. Aliquam non mauris.', 'exequente/executado', '2023-09-12', '2023-09-19', 'Não', 'Quisque porta volutpat erat. Quisque erat eros, viverra eget, congue eget, semper rutrum, nulla. Nunc purus.', 'Proin eu mi. Nulla ac enim. In tempor, turpis nec euismod scelerisque, quam turpis adipiscing lorem, vitae mattis nibh ligula nec sem.', 'Cras mi pede, malesuada in, imperdiet et, commodo vulputate, justo. In blandit ultrices enim. Lorem ipsum dolor sit amet, consectetuer adipiscing elit.', '2024-03-12', '2024-04-03', 'Morbi porttitor lorem id ligula. Suspendisse ornare consequat lectus. In est risus, auctor sed, tristique in, tempus sit amet, sem.', 22, '2024-07-16', '2024-01-23');
insert into processo (cod_processo, FK_cpf_pessoa, tema, polo, prox_data_controle, prox_atividade, deferido_prazo_dobro, obs_prazo, marcada_audiencia, dados_audiencia, data_prazo_simples, data_prazo_dobro, registro_movi_processual, qntd_dias_prox_controle, data_proposicao_acao, data_protocolo_judicial) values (32, '11223344567', 'Pellentesque at nulla. Suspendisse potenti. Cras in purus eu magna vulputate luctus.', 'exequente/executado', '2024-04-07', '2023-10-03', 'Sim', 'Duis consequat dui nec nisi volutpat eleifend. Donec ut dolor. Morbi vel lectus in quam fringilla rhoncus.', 'In quis justo. Maecenas rhoncus aliquam lacus. Morbi quis tortor id nulla ultrices aliquet.', 'In congue. Etiam justo. Etiam pretium iaculis justo.', '2023-12-07', '2024-07-01', 'Praesent id massa id nisl venenatis lacinia. Aenean sit amet justo. Morbi ut odio.', 39, '2023-10-16', '2024-05-28');
insert into processo (cod_processo, FK_cpf_pessoa, tema, polo, prox_data_controle, prox_atividade, deferido_prazo_dobro, obs_prazo, marcada_audiencia, dados_audiencia, data_prazo_simples, data_prazo_dobro, registro_movi_processual, qntd_dias_prox_controle, data_proposicao_acao, data_protocolo_judicial) values (33, '33445566790', 'Phasellus in felis. Donec semper sapien a libero. Nam dui.', 'exequente/executado', '2024-01-28', '2024-08-01', 'Não', 'Etiam vel augue. Vestibulum rutrum rutrum neque. Aenean auctor gravida sem.', 'Aliquam quis turpis eget elit sodales scelerisque. Mauris sit amet eros. Suspendisse accumsan tortor quis turpis.', 'Cum sociis natoque penatibus et magnis dis parturient montes, nascetur ridiculus mus. Vivamus vestibulum sagittis sapien. Cum sociis natoque penatibus et magnis dis parturient montes, nascetur ridiculus mus.', '2024-06-14', '2024-07-16', 'Integer tincidunt ante vel ipsum. Praesent blandit lacinia erat. Vestibulum sed magna at nunc commodo placerat.', 9, '2023-12-18', '2024-04-12');
insert into processo (cod_processo, FK_cpf_pessoa, tema, polo, prox_data_controle, prox_atividade, deferido_prazo_dobro, obs_prazo, marcada_audiencia, dados_audiencia, data_prazo_simples, data_prazo_dobro, registro_movi_processual, qntd_dias_prox_controle, data_proposicao_acao, data_protocolo_judicial) values (34, '44556677801', 'Quisque porta volutpat erat. Quisque erat eros, viverra eget, congue eget, semper rutrum, nulla. Nunc purus.', 'reclamante/reclamado', '2024-04-11', '2024-01-15', 'Sim', 'Curabitur at ipsum ac tellus semper interdum. Mauris ullamcorper purus sit amet nulla. Quisque arcu libero, rutrum ac, lobortis vel, dapibus at, diam.', 'Maecenas ut massa quis augue luctus tincidunt. Nulla mollis molestie lorem. Quisque ut erat.', 'Donec diam neque, vestibulum eget, vulputate ut, ultrices vel, augue. Vestibulum ante ipsum primis in faucibus orci luctus et ultrices posuere cubilia Curae; Donec pharetra, magna vestibulum aliquet ultrices, erat tortor sollicitudin mi, sit amet lobortis sapien sapien non mi. Integer ac neque.', '2024-04-26', '2024-02-11', 'Phasellus sit amet erat. Nulla tempus. Vivamus in felis eu sapien cursus vestibulum.', 48, '2024-06-16', '2024-08-13');
insert into processo (cod_processo, FK_cpf_pessoa, tema, polo, prox_data_controle, prox_atividade, deferido_prazo_dobro, obs_prazo, marcada_audiencia, dados_audiencia, data_prazo_simples, data_prazo_dobro, registro_movi_processual, qntd_dias_prox_controle, data_proposicao_acao, data_protocolo_judicial) values (35, '33445567266', 'Curabitur gravida nisi at nibh. In hac habitasse platea dictumst. Aliquam augue quam, sollicitudin vitae, consectetuer eget, rutrum at, lorem.', 'exequente/executado', '2023-09-03', '2024-01-02', 'Não', 'Morbi porttitor lorem id ligula. Suspendisse ornare consequat lectus. In est risus, auctor sed, tristique in, tempus sit amet, sem.', 'Cras non velit nec nisi vulputate nonummy. Maecenas tincidunt lacus at velit. Vivamus vel nulla eget eros elementum pellentesque.', 'Vestibulum ac est lacinia nisi venenatis tristique. Fusce congue, diam id ornare imperdiet, sapien urna pretium nisl, ut volutpat sapien arcu sed augue. Aliquam erat volutpat.', '2024-01-19', '2024-04-02', 'Maecenas leo odio, condimentum id, luctus nec, molestie sed, justo. Pellentesque viverra pede ac diam. Cras pellentesque volutpat dui.', 33, '2023-10-02', '2024-02-24');
insert into processo (cod_processo, FK_cpf_pessoa, tema, polo, prox_data_controle, prox_atividade, deferido_prazo_dobro, obs_prazo, marcada_audiencia, dados_audiencia, data_prazo_simples, data_prazo_dobro, registro_movi_processual, qntd_dias_prox_controle, data_proposicao_acao, data_protocolo_judicial) values (36, '22334456044', 'Quisque id justo sit amet sapien dignissim vestibulum. Vestibulum ante ipsum primis in faucibus orci luctus et ultrices posuere cubilia Curae; Nulla dapibus dolor vel est. Donec odio justo, sollicitudin ut, suscipit a, feugiat et, eros.', 'exequente/executado', '2023-12-13', '2024-01-07', 'Não', 'Sed ante. Vivamus tortor. Duis mattis egestas metus.', 'In hac habitasse platea dictumst. Etiam faucibus cursus urna. Ut tellus.', 'In sagittis dui vel nisl. Duis ac nibh. Fusce lacus purus, aliquet at, feugiat non, pretium quis, lectus.', '2023-10-07', '2023-10-25', 'Proin eu mi. Nulla ac enim. In tempor, turpis nec euismod scelerisque, quam turpis adipiscing lorem, vitae mattis nibh ligula nec sem.', 37, '2023-10-02', '2024-05-11');
insert into processo (cod_processo, FK_cpf_pessoa, tema, polo, prox_data_controle, prox_atividade, deferido_prazo_dobro, obs_prazo, marcada_audiencia, dados_audiencia, data_prazo_simples, data_prazo_dobro, registro_movi_processual, qntd_dias_prox_controle, data_proposicao_acao, data_protocolo_judicial) values (37, '44556677801', 'Integer ac leo. Pellentesque ultrices mattis odio. Donec vitae nisi.', 'exequente/executado', '2023-09-24', '2024-06-06', 'Não', 'Praesent blandit. Nam nulla. Integer pede justo, lacinia eget, tincidunt eget, tempus vel, pede.', 'Vestibulum quam sapien, varius ut, blandit non, interdum in, ante. Vestibulum ante ipsum primis in faucibus orci luctus et ultrices posuere cubilia Curae; Duis faucibus accumsan odio. Curabitur convallis.', 'Maecenas leo odio, condimentum id, luctus nec, molestie sed, justo. Pellentesque viverra pede ac diam. Cras pellentesque volutpat dui.', '2024-01-27', '2024-06-02', 'In hac habitasse platea dictumst. Etiam faucibus cursus urna. Ut tellus.', 16, '2023-09-30', '2024-07-08');
insert into processo (cod_processo, FK_cpf_pessoa, tema, polo, prox_data_controle, prox_atividade, deferido_prazo_dobro, obs_prazo, marcada_audiencia, dados_audiencia, data_prazo_simples, data_prazo_dobro, registro_movi_processual, qntd_dias_prox_controle, data_proposicao_acao, data_protocolo_judicial) values (38, '66778899034', 'In hac habitasse platea dictumst. Etiam faucibus cursus urna. Ut tellus.', 'reclamante/reclamado', '2024-03-23', '2024-05-24', 'Sim', 'Praesent id massa id nisl venenatis lacinia. Aenean sit amet justo. Morbi ut odio.', 'Morbi non lectus. Aliquam sit amet diam in magna bibendum imperdiet. Nullam orci pede, venenatis non, sodales sed, tincidunt eu, felis.', 'Nam ultrices, libero non mattis pulvinar, nulla pede ullamcorper augue, a suscipit nulla elit ac nulla. Sed vel enim sit amet nunc viverra dapibus. Nulla suscipit ligula in lacus.', '2024-08-01', '2024-01-01', 'Fusce posuere felis sed lacus. Morbi sem mauris, laoreet ut, rhoncus aliquet, pulvinar sed, nisl. Nunc rhoncus dui vel sem.', 39, '2024-05-17', '2023-08-30');
insert into processo (cod_processo, FK_cpf_pessoa, tema, polo, prox_data_controle, prox_atividade, deferido_prazo_dobro, obs_prazo, marcada_audiencia, dados_audiencia, data_prazo_simples, data_prazo_dobro, registro_movi_processual, qntd_dias_prox_controle, data_proposicao_acao, data_protocolo_judicial) values (39, '99001122356', 'In sagittis dui vel nisl. Duis ac nibh. Fusce lacus purus, aliquet at, feugiat non, pretium quis, lectus.', 'reclamante/reclamado', '2023-12-17', '2024-01-28', 'Não', 'Mauris enim leo, rhoncus sed, vestibulum sit amet, cursus id, turpis. Integer aliquet, massa id lobortis convallis, tortor risus dapibus augue, vel accumsan tellus nisi eu orci. Mauris lacinia sapien quis libero.', 'Sed ante. Vivamus tortor. Duis mattis egestas metus.', 'Quisque porta volutpat erat. Quisque erat eros, viverra eget, congue eget, semper rutrum, nulla. Nunc purus.', '2024-05-29', '2024-06-02', 'Aenean fermentum. Donec ut mauris eget massa tempor convallis. Nulla neque libero, convallis eget, eleifend luctus, ultricies eu, nibh.', 36, '2024-01-05', '2024-05-26');
insert into processo (cod_processo, FK_cpf_pessoa, tema, polo, prox_data_controle, prox_atividade, deferido_prazo_dobro, obs_prazo, marcada_audiencia, dados_audiencia, data_prazo_simples, data_prazo_dobro, registro_movi_processual, qntd_dias_prox_controle, data_proposicao_acao, data_protocolo_judicial) values (40, '00112233445', 'Sed ante. Vivamus tortor. Duis mattis egestas metus.', 'exequente/executado', '2024-06-20', '2024-07-06', 'Não', 'Morbi non lectus. Aliquam sit amet diam in magna bibendum imperdiet. Nullam orci pede, venenatis non, sodales sed, tincidunt eu, felis.', 'Quisque id justo sit amet sapien dignissim vestibulum. Vestibulum ante ipsum primis in faucibus orci luctus et ultrices posuere cubilia Curae; Nulla dapibus dolor vel est. Donec odio justo, sollicitudin ut, suscipit a, feugiat et, eros.', 'Morbi non lectus. Aliquam sit amet diam in magna bibendum imperdiet. Nullam orci pede, venenatis non, sodales sed, tincidunt eu, felis.', '2023-12-25', '2024-06-29', 'Aenean fermentum. Donec ut mauris eget massa tempor convallis. Nulla neque libero, convallis eget, eleifend luctus, ultricies eu, nibh.', 42, '2024-06-03', '2024-06-26');
insert into processo (cod_processo, FK_cpf_pessoa, tema, polo, prox_data_controle, prox_atividade, deferido_prazo_dobro, obs_prazo, marcada_audiencia, dados_audiencia, data_prazo_simples, data_prazo_dobro, registro_movi_processual, qntd_dias_prox_controle, data_proposicao_acao, data_protocolo_judicial) values (41, '33445567266', 'Pellentesque at nulla. Suspendisse potenti. Cras in purus eu magna vulputate luctus.', 'exequente/executado', '2024-07-25', '2024-06-04', 'Sim', 'Phasellus in felis. Donec semper sapien a libero. Nam dui.', 'Integer tincidunt ante vel ipsum. Praesent blandit lacinia erat. Vestibulum sed magna at nunc commodo placerat.', 'Morbi non lectus. Aliquam sit amet diam in magna bibendum imperdiet. Nullam orci pede, venenatis non, sodales sed, tincidunt eu, felis.', '2023-12-28', '2023-09-06', 'Pellentesque at nulla. Suspendisse potenti. Cras in purus eu magna vulputate luctus.', 20, '2024-07-09', '2024-05-30');
insert into processo (cod_processo, FK_cpf_pessoa, tema, polo, prox_data_controle, prox_atividade, deferido_prazo_dobro, obs_prazo, marcada_audiencia, dados_audiencia, data_prazo_simples, data_prazo_dobro, registro_movi_processual, qntd_dias_prox_controle, data_proposicao_acao, data_protocolo_judicial) values (42, '88990011256', 'Nullam sit amet turpis elementum ligula vehicula consequat. Morbi a ipsum. Integer a nibh.', 'reclamante/reclamado', '2024-04-23', '2024-01-05', 'Sim', 'Vestibulum ac est lacinia nisi venenatis tristique. Fusce congue, diam id ornare imperdiet, sapien urna pretium nisl, ut volutpat sapien arcu sed augue. Aliquam erat volutpat.', 'Mauris enim leo, rhoncus sed, vestibulum sit amet, cursus id, turpis. Integer aliquet, massa id lobortis convallis, tortor risus dapibus augue, vel accumsan tellus nisi eu orci. Mauris lacinia sapien quis libero.', 'Praesent id massa id nisl venenatis lacinia. Aenean sit amet justo. Morbi ut odio.', '2024-03-13', '2024-05-01', 'Lorem ipsum dolor sit amet, consectetuer adipiscing elit. Proin risus. Praesent lectus.', 49, '2023-10-03', '2024-01-26');
insert into processo (cod_processo, FK_cpf_pessoa, tema, polo, prox_data_controle, prox_atividade, deferido_prazo_dobro, obs_prazo, marcada_audiencia, dados_audiencia, data_prazo_simples, data_prazo_dobro, registro_movi_processual, qntd_dias_prox_controle, data_proposicao_acao, data_protocolo_judicial) values (43, '99001122356', 'Fusce consequat. Nulla nisl. Nunc nisl.', 'reclamante/reclamado', '2023-11-28', '2024-04-11', 'Sim', 'Integer ac leo. Pellentesque ultrices mattis odio. Donec vitae nisi.', 'Proin leo odio, porttitor id, consequat in, consequat ut, nulla. Sed accumsan felis. Ut at dolor quis odio consequat varius.', 'Integer tincidunt ante vel ipsum. Praesent blandit lacinia erat. Vestibulum sed magna at nunc commodo placerat.', '2023-12-04', '2024-04-13', 'In congue. Etiam justo. Etiam pretium iaculis justo.', 24, '2024-08-07', '2024-06-02');
insert into processo (cod_processo, FK_cpf_pessoa, tema, polo, prox_data_controle, prox_atividade, deferido_prazo_dobro, obs_prazo, marcada_audiencia, dados_audiencia, data_prazo_simples, data_prazo_dobro, registro_movi_processual, qntd_dias_prox_controle, data_proposicao_acao, data_protocolo_judicial) values (44, '34567890123', 'Duis bibendum, felis sed interdum venenatis, turpis enim blandit mi, in porttitor pede justo eu massa. Donec dapibus. Duis at velit eu est congue elementum.', 'exequente/executado', '2024-07-11', '2023-11-18', 'Sim', 'Integer ac leo. Pellentesque ultrices mattis odio. Donec vitae nisi.', 'Praesent id massa id nisl venenatis lacinia. Aenean sit amet justo. Morbi ut odio.', 'Aliquam quis turpis eget elit sodales scelerisque. Mauris sit amet eros. Suspendisse accumsan tortor quis turpis.', '2023-11-19', '2023-11-21', 'Aliquam quis turpis eget elit sodales scelerisque. Mauris sit amet eros. Suspendisse accumsan tortor quis turpis.', 47, '2024-03-30', '2024-04-20');
insert into processo (cod_processo, FK_cpf_pessoa, tema, polo, prox_data_controle, prox_atividade, deferido_prazo_dobro, obs_prazo, marcada_audiencia, dados_audiencia, data_prazo_simples, data_prazo_dobro, registro_movi_processual, qntd_dias_prox_controle, data_proposicao_acao, data_protocolo_judicial) values (45, '77889900266', 'Donec diam neque, vestibulum eget, vulputate ut, ultrices vel, augue. Vestibulum ante ipsum primis in faucibus orci luctus et ultrices posuere cubilia Curae; Donec pharetra, magna vestibulum aliquet ultrices, erat tortor sollicitudin mi, sit amet lobortis sapien sapien non mi. Integer ac neque.', 'reclamante/reclamado', '2024-02-26', '2024-03-13', 'Sim', 'Proin leo odio, porttitor id, consequat in, consequat ut, nulla. Sed accumsan felis. Ut at dolor quis odio consequat varius.', 'Quisque id justo sit amet sapien dignissim vestibulum. Vestibulum ante ipsum primis in faucibus orci luctus et ultrices posuere cubilia Curae; Nulla dapibus dolor vel est. Donec odio justo, sollicitudin ut, suscipit a, feugiat et, eros.', 'Pellentesque at nulla. Suspendisse potenti. Cras in purus eu magna vulputate luctus.', '2023-12-20', '2024-01-03', 'Integer tincidunt ante vel ipsum. Praesent blandit lacinia erat. Vestibulum sed magna at nunc commodo placerat.', 21, '2023-09-21', '2024-04-08');
insert into processo (cod_processo, FK_cpf_pessoa, tema, polo, prox_data_controle, prox_atividade, deferido_prazo_dobro, obs_prazo, marcada_audiencia, dados_audiencia, data_prazo_simples, data_prazo_dobro, registro_movi_processual, qntd_dias_prox_controle, data_proposicao_acao, data_protocolo_judicial) values (46, '01234567890', 'Morbi non lectus. Aliquam sit amet diam in magna bibendum imperdiet. Nullam orci pede, venenatis non, sodales sed, tincidunt eu, felis.', 'exequente/executado', '2024-05-26', '2024-04-10', 'Sim', 'Duis bibendum, felis sed interdum venenatis, turpis enim blandit mi, in porttitor pede justo eu massa. Donec dapibus. Duis at velit eu est congue elementum.', 'Aenean lectus. Pellentesque eget nunc. Donec quis orci eget orci vehicula condimentum.', 'Phasellus sit amet erat. Nulla tempus. Vivamus in felis eu sapien cursus vestibulum.', '2024-08-11', '2023-11-23', 'Nullam sit amet turpis elementum ligula vehicula consequat. Morbi a ipsum. Integer a nibh.', 35, '2023-10-28', '2024-06-02');
insert into processo (cod_processo, FK_cpf_pessoa, tema, polo, prox_data_controle, prox_atividade, deferido_prazo_dobro, obs_prazo, marcada_audiencia, dados_audiencia, data_prazo_simples, data_prazo_dobro, registro_movi_processual, qntd_dias_prox_controle, data_proposicao_acao, data_protocolo_judicial) values (47, '44556677377', 'Morbi non lectus. Aliquam sit amet diam in magna bibendum imperdiet. Nullam orci pede, venenatis non, sodales sed, tincidunt eu, felis.', 'reclamante/reclamado', '2023-11-04', '2024-08-16', 'Não', 'In hac habitasse platea dictumst. Etiam faucibus cursus urna. Ut tellus.', 'Aenean lectus. Pellentesque eget nunc. Donec quis orci eget orci vehicula condimentum.', 'Duis consequat dui nec nisi volutpat eleifend. Donec ut dolor. Morbi vel lectus in quam fringilla rhoncus.', '2023-09-28', '2024-01-31', 'Integer tincidunt ante vel ipsum. Praesent blandit lacinia erat. Vestibulum sed magna at nunc commodo placerat.', 25, '2023-09-17', '2024-01-29');
insert into processo (cod_processo, FK_cpf_pessoa, tema, polo, prox_data_controle, prox_atividade, deferido_prazo_dobro, obs_prazo, marcada_audiencia, dados_audiencia, data_prazo_simples, data_prazo_dobro, registro_movi_processual, qntd_dias_prox_controle, data_proposicao_acao, data_protocolo_judicial) values (48, '88990011223', 'Pellentesque at nulla. Suspendisse potenti. Cras in purus eu magna vulputate luctus.', 'exequente/executado', '2024-06-17', '2024-02-06', 'Sim', 'Phasellus sit amet erat. Nulla tempus. Vivamus in felis eu sapien cursus vestibulum.', 'Etiam vel augue. Vestibulum rutrum rutrum neque. Aenean auctor gravida sem.', 'Curabitur gravida nisi at nibh. In hac habitasse platea dictumst. Aliquam augue quam, sollicitudin vitae, consectetuer eget, rutrum at, lorem.', '2024-05-23', '2023-11-21', 'Phasellus in felis. Donec semper sapien a libero. Nam dui.', 48, '2024-03-18', '2023-11-22');
insert into processo (cod_processo, FK_cpf_pessoa, tema, polo, prox_data_controle, prox_atividade, deferido_prazo_dobro, obs_prazo, marcada_audiencia, dados_audiencia, data_prazo_simples, data_prazo_dobro, registro_movi_processual, qntd_dias_prox_controle, data_proposicao_acao, data_protocolo_judicial) values (49, '66778899599', 'Quisque id justo sit amet sapien dignissim vestibulum. Vestibulum ante ipsum primis in faucibus orci luctus et ultrices posuere cubilia Curae; Nulla dapibus dolor vel est. Donec odio justo, sollicitudin ut, suscipit a, feugiat et, eros.', 'reclamante/reclamado', '2024-05-04', '2024-03-18', 'Sim', 'Phasellus in felis. Donec semper sapien a libero. Nam dui.', 'Maecenas tristique, est et tempus semper, est quam pharetra magna, ac consequat metus sapien ut nunc. Vestibulum ante ipsum primis in faucibus orci luctus et ultrices posuere cubilia Curae; Mauris viverra diam vitae quam. Suspendisse potenti.', 'Duis bibendum, felis sed interdum venenatis, turpis enim blandit mi, in porttitor pede justo eu massa. Donec dapibus. Duis at velit eu est congue elementum.', '2024-02-16', '2023-09-25', 'In sagittis dui vel nisl. Duis ac nibh. Fusce lacus purus, aliquet at, feugiat non, pretium quis, lectus.', 2, '2024-04-11', '2024-03-24');
insert into processo (cod_processo, FK_cpf_pessoa, tema, polo, prox_data_controle, prox_atividade, deferido_prazo_dobro, obs_prazo, marcada_audiencia, dados_audiencia, data_prazo_simples, data_prazo_dobro, registro_movi_processual, qntd_dias_prox_controle, data_proposicao_acao, data_protocolo_judicial) values (50, '33445566790', 'Maecenas leo odio, condimentum id, luctus nec, molestie sed, justo. Pellentesque viverra pede ac diam. Cras pellentesque volutpat dui.', 'reclamante/reclamado', '2024-04-30', '2023-10-14', 'Sim', 'Sed sagittis. Nam congue, risus semper porta volutpat, quam pede lobortis ligula, sit amet eleifend pede libero quis orci. Nullam molestie nibh in lectus.', 'Aenean fermentum. Donec ut mauris eget massa tempor convallis. Nulla neque libero, convallis eget, eleifend luctus, ultricies eu, nibh.', 'Praesent id massa id nisl venenatis lacinia. Aenean sit amet justo. Morbi ut odio.', '2024-07-21', '2023-10-08', 'Phasellus sit amet erat. Nulla tempus. Vivamus in felis eu sapien cursus vestibulum.', 2, '2024-01-21', '2023-10-09');
insert into processo (cod_processo, FK_cpf_pessoa, tema, polo, prox_data_controle, prox_atividade, deferido_prazo_dobro, obs_prazo, marcada_audiencia, dados_audiencia, data_prazo_simples, data_prazo_dobro, registro_movi_processual, qntd_dias_prox_controle, data_proposicao_acao, data_protocolo_judicial) values (51, '34567890123', 'Cras mi pede, malesuada in, imperdiet et, commodo vulputate, justo. In blandit ultrices enim. Lorem ipsum dolor sit amet, consectetuer adipiscing elit.', 'reclamante/reclamado', '2024-04-25', '2023-09-05', 'Não', 'Praesent blandit. Nam nulla. Integer pede justo, lacinia eget, tincidunt eget, tempus vel, pede.', 'In hac habitasse platea dictumst. Morbi vestibulum, velit id pretium iaculis, diam erat fermentum justo, nec condimentum neque sapien placerat ante. Nulla justo.', 'In sagittis dui vel nisl. Duis ac nibh. Fusce lacus purus, aliquet at, feugiat non, pretium quis, lectus.', '2024-08-01', '2024-08-13', 'Donec diam neque, vestibulum eget, vulputate ut, ultrices vel, augue. Vestibulum ante ipsum primis in faucibus orci luctus et ultrices posuere cubilia Curae; Donec pharetra, magna vestibulum aliquet ultrices, erat tortor sollicitudin mi, sit amet lobortis sapien sapien non mi. Integer ac neque.', 44, '2024-04-28', '2024-01-15');
insert into processo (cod_processo, FK_cpf_pessoa, tema, polo, prox_data_controle, prox_atividade, deferido_prazo_dobro, obs_prazo, marcada_audiencia, dados_audiencia, data_prazo_simples, data_prazo_dobro, registro_movi_processual, qntd_dias_prox_controle, data_proposicao_acao, data_protocolo_judicial) values (52, '33445566933', 'Integer ac leo. Pellentesque ultrices mattis odio. Donec vitae nisi.', 'reclamante/reclamado', '2023-09-27', '2023-08-30', 'Não', 'Praesent id massa id nisl venenatis lacinia. Aenean sit amet justo. Morbi ut odio.', 'In quis justo. Maecenas rhoncus aliquam lacus. Morbi quis tortor id nulla ultrices aliquet.', 'Maecenas ut massa quis augue luctus tincidunt. Nulla mollis molestie lorem. Quisque ut erat.', '2023-09-20', '2024-02-06', 'Fusce posuere felis sed lacus. Morbi sem mauris, laoreet ut, rhoncus aliquet, pulvinar sed, nisl. Nunc rhoncus dui vel sem.', 37, '2024-02-21', '2024-07-27');
insert into processo (cod_processo, FK_cpf_pessoa, tema, polo, prox_data_controle, prox_atividade, deferido_prazo_dobro, obs_prazo, marcada_audiencia, dados_audiencia, data_prazo_simples, data_prazo_dobro, registro_movi_processual, qntd_dias_prox_controle, data_proposicao_acao, data_protocolo_judicial) values (53, '22334456155', 'Donec diam neque, vestibulum eget, vulputate ut, ultrices vel, augue. Vestibulum ante ipsum primis in faucibus orci luctus et ultrices posuere cubilia Curae; Donec pharetra, magna vestibulum aliquet ultrices, erat tortor sollicitudin mi, sit amet lobortis sapien sapien non mi. Integer ac neque.', 'exequente/executado', '2023-10-06', '2024-02-29', 'Sim', 'Quisque porta volutpat erat. Quisque erat eros, viverra eget, congue eget, semper rutrum, nulla. Nunc purus.', 'Morbi non lectus. Aliquam sit amet diam in magna bibendum imperdiet. Nullam orci pede, venenatis non, sodales sed, tincidunt eu, felis.', 'Praesent blandit. Nam nulla. Integer pede justo, lacinia eget, tincidunt eget, tempus vel, pede.', '2024-07-11', '2024-07-13', 'Maecenas ut massa quis augue luctus tincidunt. Nulla mollis molestie lorem. Quisque ut erat.', 43, '2023-08-29', '2023-12-21');
insert into processo (cod_processo, FK_cpf_pessoa, tema, polo, prox_data_controle, prox_atividade, deferido_prazo_dobro, obs_prazo, marcada_audiencia, dados_audiencia, data_prazo_simples, data_prazo_dobro, registro_movi_processual, qntd_dias_prox_controle, data_proposicao_acao, data_protocolo_judicial) values (54, '22334455678', 'Proin leo odio, porttitor id, consequat in, consequat ut, nulla. Sed accumsan felis. Ut at dolor quis odio consequat varius.', 'exequente/executado', '2024-04-16', '2024-07-11', 'Não', 'Nullam porttitor lacus at turpis. Donec posuere metus vitae ipsum. Aliquam non mauris.', 'Duis consequat dui nec nisi volutpat eleifend. Donec ut dolor. Morbi vel lectus in quam fringilla rhoncus.', 'Vestibulum quam sapien, varius ut, blandit non, interdum in, ante. Vestibulum ante ipsum primis in faucibus orci luctus et ultrices posuere cubilia Curae; Duis faucibus accumsan odio. Curabitur convallis.', '2024-07-11', '2024-04-05', 'Nullam porttitor lacus at turpis. Donec posuere metus vitae ipsum. Aliquam non mauris.', 9, '2023-12-25', '2024-01-14');
insert into processo (cod_processo, FK_cpf_pessoa, tema, polo, prox_data_controle, prox_atividade, deferido_prazo_dobro, obs_prazo, marcada_audiencia, dados_audiencia, data_prazo_simples, data_prazo_dobro, registro_movi_processual, qntd_dias_prox_controle, data_proposicao_acao, data_protocolo_judicial) values (55, '55667788377', 'Praesent id massa id nisl venenatis lacinia. Aenean sit amet justo. Morbi ut odio.', 'reclamante/reclamado', '2024-05-01', '2023-09-04', 'Não', 'Mauris enim leo, rhoncus sed, vestibulum sit amet, cursus id, turpis. Integer aliquet, massa id lobortis convallis, tortor risus dapibus augue, vel accumsan tellus nisi eu orci. Mauris lacinia sapien quis libero.', 'Integer tincidunt ante vel ipsum. Praesent blandit lacinia erat. Vestibulum sed magna at nunc commodo placerat.', 'Suspendisse potenti. In eleifend quam a odio. In hac habitasse platea dictumst.', '2024-04-11', '2023-10-03', 'Sed ante. Vivamus tortor. Duis mattis egestas metus.', 9, '2023-09-16', '2023-12-08');
insert into processo (cod_processo, FK_cpf_pessoa, tema, polo, prox_data_controle, prox_atividade, deferido_prazo_dobro, obs_prazo, marcada_audiencia, dados_audiencia, data_prazo_simples, data_prazo_dobro, registro_movi_processual, qntd_dias_prox_controle, data_proposicao_acao, data_protocolo_judicial) values (56, '11223344822', 'Quisque porta volutpat erat. Quisque erat eros, viverra eget, congue eget, semper rutrum, nulla. Nunc purus.', 'reclamante/reclamado', '2024-03-24', '2024-05-08', 'Sim', 'Morbi non lectus. Aliquam sit amet diam in magna bibendum imperdiet. Nullam orci pede, venenatis non, sodales sed, tincidunt eu, felis.', 'Aenean fermentum. Donec ut mauris eget massa tempor convallis. Nulla neque libero, convallis eget, eleifend luctus, ultricies eu, nibh.', 'Curabitur at ipsum ac tellus semper interdum. Mauris ullamcorper purus sit amet nulla. Quisque arcu libero, rutrum ac, lobortis vel, dapibus at, diam.', '2024-04-14', '2024-05-28', 'Proin leo odio, porttitor id, consequat in, consequat ut, nulla. Sed accumsan felis. Ut at dolor quis odio consequat varius.', 23, '2024-02-13', '2024-08-15');
insert into processo (cod_processo, FK_cpf_pessoa, tema, polo, prox_data_controle, prox_atividade, deferido_prazo_dobro, obs_prazo, marcada_audiencia, dados_audiencia, data_prazo_simples, data_prazo_dobro, registro_movi_processual, qntd_dias_prox_controle, data_proposicao_acao, data_protocolo_judicial) values (57, '44556677044', 'Curabitur in libero ut massa volutpat convallis. Morbi odio odio, elementum eu, interdum eu, tincidunt in, leo. Maecenas pulvinar lobortis est.', 'exequente/executado', '2023-09-30', '2023-09-02', 'Sim', 'Curabitur at ipsum ac tellus semper interdum. Mauris ullamcorper purus sit amet nulla. Quisque arcu libero, rutrum ac, lobortis vel, dapibus at, diam.', 'Proin eu mi. Nulla ac enim. In tempor, turpis nec euismod scelerisque, quam turpis adipiscing lorem, vitae mattis nibh ligula nec sem.', 'Nam ultrices, libero non mattis pulvinar, nulla pede ullamcorper augue, a suscipit nulla elit ac nulla. Sed vel enim sit amet nunc viverra dapibus. Nulla suscipit ligula in lacus.', '2024-06-11', '2023-12-29', 'Integer tincidunt ante vel ipsum. Praesent blandit lacinia erat. Vestibulum sed magna at nunc commodo placerat.', 5, '2024-07-24', '2023-11-14');
insert into processo (cod_processo, FK_cpf_pessoa, tema, polo, prox_data_controle, prox_atividade, deferido_prazo_dobro, obs_prazo, marcada_audiencia, dados_audiencia, data_prazo_simples, data_prazo_dobro, registro_movi_processual, qntd_dias_prox_controle, data_proposicao_acao, data_protocolo_judicial) values (58, '77889900112', 'Quisque id justo sit amet sapien dignissim vestibulum. Vestibulum ante ipsum primis in faucibus orci luctus et ultrices posuere cubilia Curae; Nulla dapibus dolor vel est. Donec odio justo, sollicitudin ut, suscipit a, feugiat et, eros.', 'reclamante/reclamado', '2024-04-18', '2023-09-24', 'Sim', 'Sed ante. Vivamus tortor. Duis mattis egestas metus.', 'Nam ultrices, libero non mattis pulvinar, nulla pede ullamcorper augue, a suscipit nulla elit ac nulla. Sed vel enim sit amet nunc viverra dapibus. Nulla suscipit ligula in lacus.', 'Integer tincidunt ante vel ipsum. Praesent blandit lacinia erat. Vestibulum sed magna at nunc commodo placerat.', '2024-03-30', '2023-12-30', 'Lorem ipsum dolor sit amet, consectetuer adipiscing elit. Proin risus. Praesent lectus.', 22, '2024-03-14', '2024-01-22');
insert into processo (cod_processo, FK_cpf_pessoa, tema, polo, prox_data_controle, prox_atividade, deferido_prazo_dobro, obs_prazo, marcada_audiencia, dados_audiencia, data_prazo_simples, data_prazo_dobro, registro_movi_processual, qntd_dias_prox_controle, data_proposicao_acao, data_protocolo_judicial) values (59, '66778899155', 'Vestibulum ac est lacinia nisi venenatis tristique. Fusce congue, diam id ornare imperdiet, sapien urna pretium nisl, ut volutpat sapien arcu sed augue. Aliquam erat volutpat.', 'exequente/executado', '2024-03-14', '2024-01-12', 'Não', 'Duis consequat dui nec nisi volutpat eleifend. Donec ut dolor. Morbi vel lectus in quam fringilla rhoncus.', 'Proin interdum mauris non ligula pellentesque ultrices. Phasellus id sapien in sapien iaculis congue. Vivamus metus arcu, adipiscing molestie, hendrerit at, vulputate vitae, nisl.', 'Donec diam neque, vestibulum eget, vulputate ut, ultrices vel, augue. Vestibulum ante ipsum primis in faucibus orci luctus et ultrices posuere cubilia Curae; Donec pharetra, magna vestibulum aliquet ultrices, erat tortor sollicitudin mi, sit amet lobortis sapien sapien non mi. Integer ac neque.', '2024-05-28', '2024-03-08', 'Proin leo odio, porttitor id, consequat in, consequat ut, nulla. Sed accumsan felis. Ut at dolor quis odio consequat varius.', 11, '2023-11-24', '2024-06-13');
insert into processo (cod_processo, FK_cpf_pessoa, tema, polo, prox_data_controle, prox_atividade, deferido_prazo_dobro, obs_prazo, marcada_audiencia, dados_audiencia, data_prazo_simples, data_prazo_dobro, registro_movi_processual, qntd_dias_prox_controle, data_proposicao_acao, data_protocolo_judicial) values (60, '77889900377', 'Quisque id justo sit amet sapien dignissim vestibulum. Vestibulum ante ipsum primis in faucibus orci luctus et ultrices posuere cubilia Curae; Nulla dapibus dolor vel est. Donec odio justo, sollicitudin ut, suscipit a, feugiat et, eros.', 'reclamante/reclamado', '2024-02-23', '2023-12-02', 'Sim', 'Donec diam neque, vestibulum eget, vulputate ut, ultrices vel, augue. Vestibulum ante ipsum primis in faucibus orci luctus et ultrices posuere cubilia Curae; Donec pharetra, magna vestibulum aliquet ultrices, erat tortor sollicitudin mi, sit amet lobortis sapien sapien non mi. Integer ac neque.', 'Cras non velit nec nisi vulputate nonummy. Maecenas tincidunt lacus at velit. Vivamus vel nulla eget eros elementum pellentesque.', 'Pellentesque at nulla. Suspendisse potenti. Cras in purus eu magna vulputate luctus.', '2024-03-21', '2024-01-19', 'In sagittis dui vel nisl. Duis ac nibh. Fusce lacus purus, aliquet at, feugiat non, pretium quis, lectus.', 24, '2024-08-25', '2023-09-14');
insert into processo (cod_processo, FK_cpf_pessoa, tema, polo, prox_data_controle, prox_atividade, deferido_prazo_dobro, obs_prazo, marcada_audiencia, dados_audiencia, data_prazo_simples, data_prazo_dobro, registro_movi_processual, qntd_dias_prox_controle, data_proposicao_acao, data_protocolo_judicial) values (61, '77889900266', 'Fusce consequat. Nulla nisl. Nunc nisl.', 'reclamante/reclamado', '2024-06-28', '2024-07-18', 'Sim', 'Curabitur at ipsum ac tellus semper interdum. Mauris ullamcorper purus sit amet nulla. Quisque arcu libero, rutrum ac, lobortis vel, dapibus at, diam.', 'Aliquam quis turpis eget elit sodales scelerisque. Mauris sit amet eros. Suspendisse accumsan tortor quis turpis.', 'Nam ultrices, libero non mattis pulvinar, nulla pede ullamcorper augue, a suscipit nulla elit ac nulla. Sed vel enim sit amet nunc viverra dapibus. Nulla suscipit ligula in lacus.', '2024-02-28', '2023-12-31', 'Vestibulum ac est lacinia nisi venenatis tristique. Fusce congue, diam id ornare imperdiet, sapien urna pretium nisl, ut volutpat sapien arcu sed augue. Aliquam erat volutpat.', 39, '2023-09-03', '2024-04-06');
insert into processo (cod_processo, FK_cpf_pessoa, tema, polo, prox_data_controle, prox_atividade, deferido_prazo_dobro, obs_prazo, marcada_audiencia, dados_audiencia, data_prazo_simples, data_prazo_dobro, registro_movi_processual, qntd_dias_prox_controle, data_proposicao_acao, data_protocolo_judicial) values (62, '77889900112', 'Integer ac leo. Pellentesque ultrices mattis odio. Donec vitae nisi.', 'exequente/executado', '2024-04-05', '2023-12-05', 'Não', 'Duis bibendum, felis sed interdum venenatis, turpis enim blandit mi, in porttitor pede justo eu massa. Donec dapibus. Duis at velit eu est congue elementum.', 'In hac habitasse platea dictumst. Morbi vestibulum, velit id pretium iaculis, diam erat fermentum justo, nec condimentum neque sapien placerat ante. Nulla justo.', 'Duis consequat dui nec nisi volutpat eleifend. Donec ut dolor. Morbi vel lectus in quam fringilla rhoncus.', '2023-09-05', '2024-07-17', 'Cum sociis natoque penatibus et magnis dis parturient montes, nascetur ridiculus mus. Vivamus vestibulum sagittis sapien. Cum sociis natoque penatibus et magnis dis parturient montes, nascetur ridiculus mus.', 13, '2024-07-10', '2023-12-08');
insert into processo (cod_processo, FK_cpf_pessoa, tema, polo, prox_data_controle, prox_atividade, deferido_prazo_dobro, obs_prazo, marcada_audiencia, dados_audiencia, data_prazo_simples, data_prazo_dobro, registro_movi_processual, qntd_dias_prox_controle, data_proposicao_acao, data_protocolo_judicial) values (63, '99001122599', 'Integer ac leo. Pellentesque ultrices mattis odio. Donec vitae nisi.', 'exequente/executado', '2024-01-28', '2024-07-17', 'Não', 'In quis justo. Maecenas rhoncus aliquam lacus. Morbi quis tortor id nulla ultrices aliquet.', 'Vestibulum ac est lacinia nisi venenatis tristique. Fusce congue, diam id ornare imperdiet, sapien urna pretium nisl, ut volutpat sapien arcu sed augue. Aliquam erat volutpat.', 'In quis justo. Maecenas rhoncus aliquam lacus. Morbi quis tortor id nulla ultrices aliquet.', '2024-08-25', '2024-05-18', 'Nullam sit amet turpis elementum ligula vehicula consequat. Morbi a ipsum. Integer a nibh.', 47, '2024-07-26', '2024-01-20');
insert into processo (cod_processo, FK_cpf_pessoa, tema, polo, prox_data_controle, prox_atividade, deferido_prazo_dobro, obs_prazo, marcada_audiencia, dados_audiencia, data_prazo_simples, data_prazo_dobro, registro_movi_processual, qntd_dias_prox_controle, data_proposicao_acao, data_protocolo_judicial) values (64, '00112233456', 'Aliquam quis turpis eget elit sodales scelerisque. Mauris sit amet eros. Suspendisse accumsan tortor quis turpis.', 'reclamante/reclamado', '2023-12-02', '2024-07-14', 'Sim', 'Cras mi pede, malesuada in, imperdiet et, commodo vulputate, justo. In blandit ultrices enim. Lorem ipsum dolor sit amet, consectetuer adipiscing elit.', 'Praesent id massa id nisl venenatis lacinia. Aenean sit amet justo. Morbi ut odio.', 'Pellentesque at nulla. Suspendisse potenti. Cras in purus eu magna vulputate luctus.', '2024-01-14', '2024-03-28', 'Lorem ipsum dolor sit amet, consectetuer adipiscing elit. Proin risus. Praesent lectus.', 18, '2024-07-29', '2024-06-08');
insert into processo (cod_processo, FK_cpf_pessoa, tema, polo, prox_data_controle, prox_atividade, deferido_prazo_dobro, obs_prazo, marcada_audiencia, dados_audiencia, data_prazo_simples, data_prazo_dobro, registro_movi_processual, qntd_dias_prox_controle, data_proposicao_acao, data_protocolo_judicial) values (65, '22334455690', 'Nullam sit amet turpis elementum ligula vehicula consequat. Morbi a ipsum. Integer a nibh.', 'reclamante/reclamado', '2023-12-30', '2024-08-04', 'Não', 'In sagittis dui vel nisl. Duis ac nibh. Fusce lacus purus, aliquet at, feugiat non, pretium quis, lectus.', 'Duis consequat dui nec nisi volutpat eleifend. Donec ut dolor. Morbi vel lectus in quam fringilla rhoncus.', 'Morbi porttitor lorem id ligula. Suspendisse ornare consequat lectus. In est risus, auctor sed, tristique in, tempus sit amet, sem.', '2023-12-04', '2024-01-27', 'Cum sociis natoque penatibus et magnis dis parturient montes, nascetur ridiculus mus. Vivamus vestibulum sagittis sapien. Cum sociis natoque penatibus et magnis dis parturient montes, nascetur ridiculus mus.', 13, '2024-02-24', '2024-04-07');
insert into processo (cod_processo, FK_cpf_pessoa, tema, polo, prox_data_controle, prox_atividade, deferido_prazo_dobro, obs_prazo, marcada_audiencia, dados_audiencia, data_prazo_simples, data_prazo_dobro, registro_movi_processual, qntd_dias_prox_controle, data_proposicao_acao, data_protocolo_judicial) values (66, '77889900377', 'Lorem ipsum dolor sit amet, consectetuer adipiscing elit. Proin risus. Praesent lectus.', 'reclamante/reclamado', '2024-01-22', '2024-02-26', 'Não', 'Lorem ipsum dolor sit amet, consectetuer adipiscing elit. Proin risus. Praesent lectus.', 'Morbi non lectus. Aliquam sit amet diam in magna bibendum imperdiet. Nullam orci pede, venenatis non, sodales sed, tincidunt eu, felis.', 'Suspendisse potenti. In eleifend quam a odio. In hac habitasse platea dictumst.', '2024-07-30', '2024-02-11', 'Curabitur in libero ut massa volutpat convallis. Morbi odio odio, elementum eu, interdum eu, tincidunt in, leo. Maecenas pulvinar lobortis est.', 12, '2024-02-04', '2024-05-18');
insert into processo (cod_processo, FK_cpf_pessoa, tema, polo, prox_data_controle, prox_atividade, deferido_prazo_dobro, obs_prazo, marcada_audiencia, dados_audiencia, data_prazo_simples, data_prazo_dobro, registro_movi_processual, qntd_dias_prox_controle, data_proposicao_acao, data_protocolo_judicial) values (67, '33445566701', 'Proin interdum mauris non ligula pellentesque ultrices. Phasellus id sapien in sapien iaculis congue. Vivamus metus arcu, adipiscing molestie, hendrerit at, vulputate vitae, nisl.', 'reclamante/reclamado', '2023-09-09', '2024-07-09', 'Não', 'Duis consequat dui nec nisi volutpat eleifend. Donec ut dolor. Morbi vel lectus in quam fringilla rhoncus.', 'Duis bibendum. Morbi non quam nec dui luctus rutrum. Nulla tellus.', 'Pellentesque at nulla. Suspendisse potenti. Cras in purus eu magna vulputate luctus.', '2023-09-19', '2024-01-23', 'Sed ante. Vivamus tortor. Duis mattis egestas metus.', 43, '2023-10-13', '2024-06-03');
insert into processo (cod_processo, FK_cpf_pessoa, tema, polo, prox_data_controle, prox_atividade, deferido_prazo_dobro, obs_prazo, marcada_audiencia, dados_audiencia, data_prazo_simples, data_prazo_dobro, registro_movi_processual, qntd_dias_prox_controle, data_proposicao_acao, data_protocolo_judicial) values (68, '88990011488', 'Maecenas tristique, est et tempus semper, est quam pharetra magna, ac consequat metus sapien ut nunc. Vestibulum ante ipsum primis in faucibus orci luctus et ultrices posuere cubilia Curae; Mauris viverra diam vitae quam. Suspendisse potenti.', 'reclamante/reclamado', '2023-11-19', '2024-07-16', 'Sim', 'Duis consequat dui nec nisi volutpat eleifend. Donec ut dolor. Morbi vel lectus in quam fringilla rhoncus.', 'Duis bibendum. Morbi non quam nec dui luctus rutrum. Nulla tellus.', 'Cras non velit nec nisi vulputate nonummy. Maecenas tincidunt lacus at velit. Vivamus vel nulla eget eros elementum pellentesque.', '2023-11-05', '2024-08-05', 'Curabitur gravida nisi at nibh. In hac habitasse platea dictumst. Aliquam augue quam, sollicitudin vitae, consectetuer eget, rutrum at, lorem.', 1, '2024-03-27', '2024-04-22');
insert into processo (cod_processo, FK_cpf_pessoa, tema, polo, prox_data_controle, prox_atividade, deferido_prazo_dobro, obs_prazo, marcada_audiencia, dados_audiencia, data_prazo_simples, data_prazo_dobro, registro_movi_processual, qntd_dias_prox_controle, data_proposicao_acao, data_protocolo_judicial) values (69, '00112233599', 'Nullam sit amet turpis elementum ligula vehicula consequat. Morbi a ipsum. Integer a nibh.', 'reclamante/reclamado', '2023-10-25', '2024-07-22', 'Não', 'Quisque porta volutpat erat. Quisque erat eros, viverra eget, congue eget, semper rutrum, nulla. Nunc purus.', 'Phasellus sit amet erat. Nulla tempus. Vivamus in felis eu sapien cursus vestibulum.', 'Morbi non lectus. Aliquam sit amet diam in magna bibendum imperdiet. Nullam orci pede, venenatis non, sodales sed, tincidunt eu, felis.', '2023-10-03', '2023-10-03', 'Duis aliquam convallis nunc. Proin at turpis a pede posuere nonummy. Integer non velit.', 24, '2024-01-10', '2024-04-15');
insert into processo (cod_processo, FK_cpf_pessoa, tema, polo, prox_data_controle, prox_atividade, deferido_prazo_dobro, obs_prazo, marcada_audiencia, dados_audiencia, data_prazo_simples, data_prazo_dobro, registro_movi_processual, qntd_dias_prox_controle, data_proposicao_acao, data_protocolo_judicial) values (70, '00112233599', 'Aenean lectus. Pellentesque eget nunc. Donec quis orci eget orci vehicula condimentum.', 'reclamante/reclamado', '2023-10-03', '2023-10-27', 'Sim', 'In hac habitasse platea dictumst. Morbi vestibulum, velit id pretium iaculis, diam erat fermentum justo, nec condimentum neque sapien placerat ante. Nulla justo.', 'Integer ac leo. Pellentesque ultrices mattis odio. Donec vitae nisi.', 'Morbi non lectus. Aliquam sit amet diam in magna bibendum imperdiet. Nullam orci pede, venenatis non, sodales sed, tincidunt eu, felis.', '2024-02-01', '2024-03-28', 'In quis justo. Maecenas rhoncus aliquam lacus. Morbi quis tortor id nulla ultrices aliquet.', 27, '2024-01-15', '2024-08-03');
insert into processo (cod_processo, FK_cpf_pessoa, tema, polo, prox_data_controle, prox_atividade, deferido_prazo_dobro, obs_prazo, marcada_audiencia, dados_audiencia, data_prazo_simples, data_prazo_dobro, registro_movi_processual, qntd_dias_prox_controle, data_proposicao_acao, data_protocolo_judicial) values (71, '88990011223', 'Mauris enim leo, rhoncus sed, vestibulum sit amet, cursus id, turpis. Integer aliquet, massa id lobortis convallis, tortor risus dapibus augue, vel accumsan tellus nisi eu orci. Mauris lacinia sapien quis libero.', 'reclamante/reclamado', '2023-11-12', '2024-07-05', 'Não', 'Phasellus in felis. Donec semper sapien a libero. Nam dui.', 'In congue. Etiam justo. Etiam pretium iaculis justo.', 'Donec diam neque, vestibulum eget, vulputate ut, ultrices vel, augue. Vestibulum ante ipsum primis in faucibus orci luctus et ultrices posuere cubilia Curae; Donec pharetra, magna vestibulum aliquet ultrices, erat tortor sollicitudin mi, sit amet lobortis sapien sapien non mi. Integer ac neque.', '2023-11-19', '2023-09-13', 'Curabitur in libero ut massa volutpat convallis. Morbi odio odio, elementum eu, interdum eu, tincidunt in, leo. Maecenas pulvinar lobortis est.', 23, '2024-05-31', '2024-05-10');
insert into processo (cod_processo, FK_cpf_pessoa, tema, polo, prox_data_controle, prox_atividade, deferido_prazo_dobro, obs_prazo, marcada_audiencia, dados_audiencia, data_prazo_simples, data_prazo_dobro, registro_movi_processual, qntd_dias_prox_controle, data_proposicao_acao, data_protocolo_judicial) values (72, '22334455667', 'Integer ac leo. Pellentesque ultrices mattis odio. Donec vitae nisi.', 'exequente/executado', '2024-07-02', '2024-01-07', 'Sim', 'Suspendisse potenti. In eleifend quam a odio. In hac habitasse platea dictumst.', 'Proin leo odio, porttitor id, consequat in, consequat ut, nulla. Sed accumsan felis. Ut at dolor quis odio consequat varius.', 'Nullam sit amet turpis elementum ligula vehicula consequat. Morbi a ipsum. Integer a nibh.', '2024-07-19', '2024-01-31', 'Vestibulum quam sapien, varius ut, blandit non, interdum in, ante. Vestibulum ante ipsum primis in faucibus orci luctus et ultrices posuere cubilia Curae; Duis faucibus accumsan odio. Curabitur convallis.', 43, '2024-03-07', '2024-07-31');
insert into processo (cod_processo, FK_cpf_pessoa, tema, polo, prox_data_controle, prox_atividade, deferido_prazo_dobro, obs_prazo, marcada_audiencia, dados_audiencia, data_prazo_simples, data_prazo_dobro, registro_movi_processual, qntd_dias_prox_controle, data_proposicao_acao, data_protocolo_judicial) values (73, '33445567155', 'Suspendisse potenti. In eleifend quam a odio. In hac habitasse platea dictumst.', 'exequente/executado', '2024-05-23', '2024-01-02', 'Sim', 'Duis consequat dui nec nisi volutpat eleifend. Donec ut dolor. Morbi vel lectus in quam fringilla rhoncus.', 'Praesent id massa id nisl venenatis lacinia. Aenean sit amet justo. Morbi ut odio.', 'Lorem ipsum dolor sit amet, consectetuer adipiscing elit. Proin risus. Praesent lectus.', '2024-04-24', '2024-07-27', 'Duis aliquam convallis nunc. Proin at turpis a pede posuere nonummy. Integer non velit.', 33, '2023-09-13', '2024-04-18');
insert into processo (cod_processo, FK_cpf_pessoa, tema, polo, prox_data_controle, prox_atividade, deferido_prazo_dobro, obs_prazo, marcada_audiencia, dados_audiencia, data_prazo_simples, data_prazo_dobro, registro_movi_processual, qntd_dias_prox_controle, data_proposicao_acao, data_protocolo_judicial) values (74, '55667788923', 'Maecenas leo odio, condimentum id, luctus nec, molestie sed, justo. Pellentesque viverra pede ac diam. Cras pellentesque volutpat dui.', 'reclamante/reclamado', '2024-03-13', '2024-03-12', 'Sim', 'Nulla ut erat id mauris vulputate elementum. Nullam varius. Nulla facilisi.', 'Fusce consequat. Nulla nisl. Nunc nisl.', 'Duis bibendum, felis sed interdum venenatis, turpis enim blandit mi, in porttitor pede justo eu massa. Donec dapibus. Duis at velit eu est congue elementum.', '2024-06-25', '2023-12-08', 'Proin leo odio, porttitor id, consequat in, consequat ut, nulla. Sed accumsan felis. Ut at dolor quis odio consequat varius.', 42, '2023-12-23', '2023-12-23');
insert into processo (cod_processo, FK_cpf_pessoa, tema, polo, prox_data_controle, prox_atividade, deferido_prazo_dobro, obs_prazo, marcada_audiencia, dados_audiencia, data_prazo_simples, data_prazo_dobro, registro_movi_processual, qntd_dias_prox_controle, data_proposicao_acao, data_protocolo_judicial) values (75, '77889900145', 'Quisque porta volutpat erat. Quisque erat eros, viverra eget, congue eget, semper rutrum, nulla. Nunc purus.', 'exequente/executado', '2024-01-25', '2024-01-22', 'Sim', 'Sed ante. Vivamus tortor. Duis mattis egestas metus.', 'Maecenas leo odio, condimentum id, luctus nec, molestie sed, justo. Pellentesque viverra pede ac diam. Cras pellentesque volutpat dui.', 'Duis bibendum, felis sed interdum venenatis, turpis enim blandit mi, in porttitor pede justo eu massa. Donec dapibus. Duis at velit eu est congue elementum.', '2023-11-04', '2023-09-17', 'Suspendisse potenti. In eleifend quam a odio. In hac habitasse platea dictumst.', 41, '2024-02-23', '2024-05-09');
insert into processo (cod_processo, FK_cpf_pessoa, tema, polo, prox_data_controle, prox_atividade, deferido_prazo_dobro, obs_prazo, marcada_audiencia, dados_audiencia, data_prazo_simples, data_prazo_dobro, registro_movi_processual, qntd_dias_prox_controle, data_proposicao_acao, data_protocolo_judicial) values (76, '33445567266', 'Morbi non lectus. Aliquam sit amet diam in magna bibendum imperdiet. Nullam orci pede, venenatis non, sodales sed, tincidunt eu, felis.', 'exequente/executado', '2023-11-17', '2023-10-02', 'Sim', 'Praesent blandit. Nam nulla. Integer pede justo, lacinia eget, tincidunt eget, tempus vel, pede.', 'Lorem ipsum dolor sit amet, consectetuer adipiscing elit. Proin risus. Praesent lectus.', 'In hac habitasse platea dictumst. Morbi vestibulum, velit id pretium iaculis, diam erat fermentum justo, nec condimentum neque sapien placerat ante. Nulla justo.', '2024-07-22', '2024-04-14', 'Integer tincidunt ante vel ipsum. Praesent blandit lacinia erat. Vestibulum sed magna at nunc commodo placerat.', 33, '2024-06-26', '2023-08-28');
insert into processo (cod_processo, FK_cpf_pessoa, tema, polo, prox_data_controle, prox_atividade, deferido_prazo_dobro, obs_prazo, marcada_audiencia, dados_audiencia, data_prazo_simples, data_prazo_dobro, registro_movi_processual, qntd_dias_prox_controle, data_proposicao_acao, data_protocolo_judicial) values (77, '55667788901', 'Etiam vel augue. Vestibulum rutrum rutrum neque. Aenean auctor gravida sem.', 'exequente/executado', '2024-07-26', '2024-02-12', 'Sim', 'Duis consequat dui nec nisi volutpat eleifend. Donec ut dolor. Morbi vel lectus in quam fringilla rhoncus.', 'Duis aliquam convallis nunc. Proin at turpis a pede posuere nonummy. Integer non velit.', 'Curabitur in libero ut massa volutpat convallis. Morbi odio odio, elementum eu, interdum eu, tincidunt in, leo. Maecenas pulvinar lobortis est.', '2023-11-13', '2024-08-14', 'Vestibulum quam sapien, varius ut, blandit non, interdum in, ante. Vestibulum ante ipsum primis in faucibus orci luctus et ultrices posuere cubilia Curae; Duis faucibus accumsan odio. Curabitur convallis.', 27, '2024-08-08', '2024-04-25');
insert into processo (cod_processo, FK_cpf_pessoa, tema, polo, prox_data_controle, prox_atividade, deferido_prazo_dobro, obs_prazo, marcada_audiencia, dados_audiencia, data_prazo_simples, data_prazo_dobro, registro_movi_processual, qntd_dias_prox_controle, data_proposicao_acao, data_protocolo_judicial) values (78, '55667788901', 'Morbi non lectus. Aliquam sit amet diam in magna bibendum imperdiet. Nullam orci pede, venenatis non, sodales sed, tincidunt eu, felis.', 'reclamante/reclamado', '2024-02-27', '2024-02-18', 'Não', 'Fusce posuere felis sed lacus. Morbi sem mauris, laoreet ut, rhoncus aliquet, pulvinar sed, nisl. Nunc rhoncus dui vel sem.', 'Aliquam quis turpis eget elit sodales scelerisque. Mauris sit amet eros. Suspendisse accumsan tortor quis turpis.', 'Curabitur in libero ut massa volutpat convallis. Morbi odio odio, elementum eu, interdum eu, tincidunt in, leo. Maecenas pulvinar lobortis est.', '2024-05-07', '2023-10-04', 'Duis aliquam convallis nunc. Proin at turpis a pede posuere nonummy. Integer non velit.', 20, '2023-11-01', '2023-09-18');
insert into processo (cod_processo, FK_cpf_pessoa, tema, polo, prox_data_controle, prox_atividade, deferido_prazo_dobro, obs_prazo, marcada_audiencia, dados_audiencia, data_prazo_simples, data_prazo_dobro, registro_movi_processual, qntd_dias_prox_controle, data_proposicao_acao, data_protocolo_judicial) values (79, '66778899034', 'In congue. Etiam justo. Etiam pretium iaculis justo.', 'exequente/executado', '2024-02-11', '2023-11-23', 'Não', 'Lorem ipsum dolor sit amet, consectetuer adipiscing elit. Proin risus. Praesent lectus.', 'Cras non velit nec nisi vulputate nonummy. Maecenas tincidunt lacus at velit. Vivamus vel nulla eget eros elementum pellentesque.', 'Quisque id justo sit amet sapien dignissim vestibulum. Vestibulum ante ipsum primis in faucibus orci luctus et ultrices posuere cubilia Curae; Nulla dapibus dolor vel est. Donec odio justo, sollicitudin ut, suscipit a, feugiat et, eros.', '2023-12-27', '2024-04-21', 'In hac habitasse platea dictumst. Morbi vestibulum, velit id pretium iaculis, diam erat fermentum justo, nec condimentum neque sapien placerat ante. Nulla justo.', 17, '2023-09-04', '2024-05-08');
insert into processo (cod_processo, FK_cpf_pessoa, tema, polo, prox_data_controle, prox_atividade, deferido_prazo_dobro, obs_prazo, marcada_audiencia, dados_audiencia, data_prazo_simples, data_prazo_dobro, registro_movi_processual, qntd_dias_prox_controle, data_proposicao_acao, data_protocolo_judicial) values (80, '44556677889', 'Fusce posuere felis sed lacus. Morbi sem mauris, laoreet ut, rhoncus aliquet, pulvinar sed, nisl. Nunc rhoncus dui vel sem.', 'exequente/executado', '2024-03-21', '2023-10-01', 'Sim', 'In sagittis dui vel nisl. Duis ac nibh. Fusce lacus purus, aliquet at, feugiat non, pretium quis, lectus.', 'Mauris enim leo, rhoncus sed, vestibulum sit amet, cursus id, turpis. Integer aliquet, massa id lobortis convallis, tortor risus dapibus augue, vel accumsan tellus nisi eu orci. Mauris lacinia sapien quis libero.', 'Sed ante. Vivamus tortor. Duis mattis egestas metus.', '2024-06-13', '2024-04-13', 'Phasellus in felis. Donec semper sapien a libero. Nam dui.', 15, '2024-01-21', '2024-02-25');
insert into processo (cod_processo, FK_cpf_pessoa, tema, polo, prox_data_controle, prox_atividade, deferido_prazo_dobro, obs_prazo, marcada_audiencia, dados_audiencia, data_prazo_simples, data_prazo_dobro, registro_movi_processual, qntd_dias_prox_controle, data_proposicao_acao, data_protocolo_judicial) values (81, '55667788266', 'Vestibulum ac est lacinia nisi venenatis tristique. Fusce congue, diam id ornare imperdiet, sapien urna pretium nisl, ut volutpat sapien arcu sed augue. Aliquam erat volutpat.', 'exequente/executado', '2023-11-04', '2024-04-24', 'Sim', 'Duis aliquam convallis nunc. Proin at turpis a pede posuere nonummy. Integer non velit.', 'Integer ac leo. Pellentesque ultrices mattis odio. Donec vitae nisi.', 'Nullam porttitor lacus at turpis. Donec posuere metus vitae ipsum. Aliquam non mauris.', '2024-07-01', '2023-12-09', 'Morbi porttitor lorem id ligula. Suspendisse ornare consequat lectus. In est risus, auctor sed, tristique in, tempus sit amet, sem.', 23, '2023-09-10', '2024-08-04');
insert into processo (cod_processo, FK_cpf_pessoa, tema, polo, prox_data_controle, prox_atividade, deferido_prazo_dobro, obs_prazo, marcada_audiencia, dados_audiencia, data_prazo_simples, data_prazo_dobro, registro_movi_processual, qntd_dias_prox_controle, data_proposicao_acao, data_protocolo_judicial) values (82, '78901234567', 'Fusce consequat. Nulla nisl. Nunc nisl.', 'exequente/executado', '2024-08-08', '2023-10-14', 'Não', 'Phasellus in felis. Donec semper sapien a libero. Nam dui.', 'Donec diam neque, vestibulum eget, vulputate ut, ultrices vel, augue. Vestibulum ante ipsum primis in faucibus orci luctus et ultrices posuere cubilia Curae; Donec pharetra, magna vestibulum aliquet ultrices, erat tortor sollicitudin mi, sit amet lobortis sapien sapien non mi. Integer ac neque.', 'Duis bibendum, felis sed interdum venenatis, turpis enim blandit mi, in porttitor pede justo eu massa. Donec dapibus. Duis at velit eu est congue elementum.', '2024-03-08', '2024-05-24', 'Suspendisse potenti. In eleifend quam a odio. In hac habitasse platea dictumst.', 23, '2023-12-24', '2024-01-01');
insert into processo (cod_processo, FK_cpf_pessoa, tema, polo, prox_data_controle, prox_atividade, deferido_prazo_dobro, obs_prazo, marcada_audiencia, dados_audiencia, data_prazo_simples, data_prazo_dobro, registro_movi_processual, qntd_dias_prox_controle, data_proposicao_acao, data_protocolo_judicial) values (83, '55667788377', 'In congue. Etiam justo. Etiam pretium iaculis justo.', 'exequente/executado', '2024-07-26', '2023-09-11', 'Sim', 'Proin interdum mauris non ligula pellentesque ultrices. Phasellus id sapien in sapien iaculis congue. Vivamus metus arcu, adipiscing molestie, hendrerit at, vulputate vitae, nisl.', 'Aenean fermentum. Donec ut mauris eget massa tempor convallis. Nulla neque libero, convallis eget, eleifend luctus, ultricies eu, nibh.', 'Suspendisse potenti. In eleifend quam a odio. In hac habitasse platea dictumst.', '2024-05-27', '2024-07-22', 'Nulla ut erat id mauris vulputate elementum. Nullam varius. Nulla facilisi.', 33, '2023-10-23', '2023-11-03');
insert into processo (cod_processo, FK_cpf_pessoa, tema, polo, prox_data_controle, prox_atividade, deferido_prazo_dobro, obs_prazo, marcada_audiencia, dados_audiencia, data_prazo_simples, data_prazo_dobro, registro_movi_processual, qntd_dias_prox_controle, data_proposicao_acao, data_protocolo_judicial) values (84, '88990011711', 'Proin leo odio, porttitor id, consequat in, consequat ut, nulla. Sed accumsan felis. Ut at dolor quis odio consequat varius.', 'reclamante/reclamado', '2023-12-13', '2024-01-13', 'Sim', 'Curabitur gravida nisi at nibh. In hac habitasse platea dictumst. Aliquam augue quam, sollicitudin vitae, consectetuer eget, rutrum at, lorem.', 'Vestibulum ac est lacinia nisi venenatis tristique. Fusce congue, diam id ornare imperdiet, sapien urna pretium nisl, ut volutpat sapien arcu sed augue. Aliquam erat volutpat.', 'In hac habitasse platea dictumst. Etiam faucibus cursus urna. Ut tellus.', '2023-10-27', '2023-10-28', 'Maecenas ut massa quis augue luctus tincidunt. Nulla mollis molestie lorem. Quisque ut erat.', 11, '2023-09-30', '2024-03-03');
insert into processo (cod_processo, FK_cpf_pessoa, tema, polo, prox_data_controle, prox_atividade, deferido_prazo_dobro, obs_prazo, marcada_audiencia, dados_audiencia, data_prazo_simples, data_prazo_dobro, registro_movi_processual, qntd_dias_prox_controle, data_proposicao_acao, data_protocolo_judicial) values (85, '33445566822', 'Pellentesque at nulla. Suspendisse potenti. Cras in purus eu magna vulputate luctus.', 'exequente/executado', '2024-05-22', '2023-09-07', 'Não', 'Integer tincidunt ante vel ipsum. Praesent blandit lacinia erat. Vestibulum sed magna at nunc commodo placerat.', 'Suspendisse potenti. In eleifend quam a odio. In hac habitasse platea dictumst.', 'Aenean fermentum. Donec ut mauris eget massa tempor convallis. Nulla neque libero, convallis eget, eleifend luctus, ultricies eu, nibh.', '2024-08-18', '2023-09-08', 'Fusce consequat. Nulla nisl. Nunc nisl.', 39, '2024-02-27', '2024-04-05');
insert into processo (cod_processo, FK_cpf_pessoa, tema, polo, prox_data_controle, prox_atividade, deferido_prazo_dobro, obs_prazo, marcada_audiencia, dados_audiencia, data_prazo_simples, data_prazo_dobro, registro_movi_processual, qntd_dias_prox_controle, data_proposicao_acao, data_protocolo_judicial) values (86, '66778899488', 'Curabitur in libero ut massa volutpat convallis. Morbi odio odio, elementum eu, interdum eu, tincidunt in, leo. Maecenas pulvinar lobortis est.', 'exequente/executado', '2024-03-28', '2024-07-09', 'Não', 'In quis justo. Maecenas rhoncus aliquam lacus. Morbi quis tortor id nulla ultrices aliquet.', 'Sed sagittis. Nam congue, risus semper porta volutpat, quam pede lobortis ligula, sit amet eleifend pede libero quis orci. Nullam molestie nibh in lectus.', 'Proin interdum mauris non ligula pellentesque ultrices. Phasellus id sapien in sapien iaculis congue. Vivamus metus arcu, adipiscing molestie, hendrerit at, vulputate vitae, nisl.', '2023-11-21', '2023-09-19', 'Aenean fermentum. Donec ut mauris eget massa tempor convallis. Nulla neque libero, convallis eget, eleifend luctus, ultricies eu, nibh.', 15, '2024-03-25', '2023-11-18');
insert into processo (cod_processo, FK_cpf_pessoa, tema, polo, prox_data_controle, prox_atividade, deferido_prazo_dobro, obs_prazo, marcada_audiencia, dados_audiencia, data_prazo_simples, data_prazo_dobro, registro_movi_processual, qntd_dias_prox_controle, data_proposicao_acao, data_protocolo_judicial) values (87, '66778899155', 'Pellentesque at nulla. Suspendisse potenti. Cras in purus eu magna vulputate luctus.', 'reclamante/reclamado', '2024-08-11', '2023-11-27', 'Sim', 'Nulla ut erat id mauris vulputate elementum. Nullam varius. Nulla facilisi.', 'Pellentesque at nulla. Suspendisse potenti. Cras in purus eu magna vulputate luctus.', 'Maecenas ut massa quis augue luctus tincidunt. Nulla mollis molestie lorem. Quisque ut erat.', '2023-11-28', '2024-07-12', 'Praesent id massa id nisl venenatis lacinia. Aenean sit amet justo. Morbi ut odio.', 46, '2024-06-14', '2024-03-21');
insert into processo (cod_processo, FK_cpf_pessoa, tema, polo, prox_data_controle, prox_atividade, deferido_prazo_dobro, obs_prazo, marcada_audiencia, dados_audiencia, data_prazo_simples, data_prazo_dobro, registro_movi_processual, qntd_dias_prox_controle, data_proposicao_acao, data_protocolo_judicial) values (88, '66778899023', 'In sagittis dui vel nisl. Duis ac nibh. Fusce lacus purus, aliquet at, feugiat non, pretium quis, lectus.', 'reclamante/reclamado', '2023-12-30', '2024-03-13', 'Não', 'In quis justo. Maecenas rhoncus aliquam lacus. Morbi quis tortor id nulla ultrices aliquet.', 'Praesent id massa id nisl venenatis lacinia. Aenean sit amet justo. Morbi ut odio.', 'Maecenas tristique, est et tempus semper, est quam pharetra magna, ac consequat metus sapien ut nunc. Vestibulum ante ipsum primis in faucibus orci luctus et ultrices posuere cubilia Curae; Mauris viverra diam vitae quam. Suspendisse potenti.', '2023-09-27', '2024-02-19', 'Proin leo odio, porttitor id, consequat in, consequat ut, nulla. Sed accumsan felis. Ut at dolor quis odio consequat varius.', 2, '2023-09-12', '2024-03-19');
insert into processo (cod_processo, FK_cpf_pessoa, tema, polo, prox_data_controle, prox_atividade, deferido_prazo_dobro, obs_prazo, marcada_audiencia, dados_audiencia, data_prazo_simples, data_prazo_dobro, registro_movi_processual, qntd_dias_prox_controle, data_proposicao_acao, data_protocolo_judicial) values (89, '88990011256', 'Vestibulum ac est lacinia nisi venenatis tristique. Fusce congue, diam id ornare imperdiet, sapien urna pretium nisl, ut volutpat sapien arcu sed augue. Aliquam erat volutpat.', 'reclamante/reclamado', '2024-04-03', '2024-02-08', 'Não', 'Sed sagittis. Nam congue, risus semper porta volutpat, quam pede lobortis ligula, sit amet eleifend pede libero quis orci. Nullam molestie nibh in lectus.', 'In congue. Etiam justo. Etiam pretium iaculis justo.', 'Sed sagittis. Nam congue, risus semper porta volutpat, quam pede lobortis ligula, sit amet eleifend pede libero quis orci. Nullam molestie nibh in lectus.', '2023-12-26', '2024-06-28', 'In hac habitasse platea dictumst. Morbi vestibulum, velit id pretium iaculis, diam erat fermentum justo, nec condimentum neque sapien placerat ante. Nulla justo.', 29, '2024-04-14', '2024-07-21');
insert into processo (cod_processo, FK_cpf_pessoa, tema, polo, prox_data_controle, prox_atividade, deferido_prazo_dobro, obs_prazo, marcada_audiencia, dados_audiencia, data_prazo_simples, data_prazo_dobro, registro_movi_processual, qntd_dias_prox_controle, data_proposicao_acao, data_protocolo_judicial) values (90, '55667788266', 'Curabitur at ipsum ac tellus semper interdum. Mauris ullamcorper purus sit amet nulla. Quisque arcu libero, rutrum ac, lobortis vel, dapibus at, diam.', 'exequente/executado', '2023-12-14', '2023-11-11', 'Sim', 'Proin eu mi. Nulla ac enim. In tempor, turpis nec euismod scelerisque, quam turpis adipiscing lorem, vitae mattis nibh ligula nec sem.', 'Nullam sit amet turpis elementum ligula vehicula consequat. Morbi a ipsum. Integer a nibh.', 'Praesent id massa id nisl venenatis lacinia. Aenean sit amet justo. Morbi ut odio.', '2024-04-19', '2023-11-06', 'Etiam vel augue. Vestibulum rutrum rutrum neque. Aenean auctor gravida sem.', 15, '2023-10-09', '2023-10-19');
insert into processo (cod_processo, FK_cpf_pessoa, tema, polo, prox_data_controle, prox_atividade, deferido_prazo_dobro, obs_prazo, marcada_audiencia, dados_audiencia, data_prazo_simples, data_prazo_dobro, registro_movi_processual, qntd_dias_prox_controle, data_proposicao_acao, data_protocolo_judicial) values (91, '11223344578', 'Aenean lectus. Pellentesque eget nunc. Donec quis orci eget orci vehicula condimentum.', 'exequente/executado', '2023-10-16', '2024-02-03', 'Não', 'Maecenas ut massa quis augue luctus tincidunt. Nulla mollis molestie lorem. Quisque ut erat.', 'In hac habitasse platea dictumst. Morbi vestibulum, velit id pretium iaculis, diam erat fermentum justo, nec condimentum neque sapien placerat ante. Nulla justo.', 'Proin interdum mauris non ligula pellentesque ultrices. Phasellus id sapien in sapien iaculis congue. Vivamus metus arcu, adipiscing molestie, hendrerit at, vulputate vitae, nisl.', '2024-02-22', '2024-02-17', 'Suspendisse potenti. In eleifend quam a odio. In hac habitasse platea dictumst.', 37, '2024-02-19', '2024-06-21');
insert into processo (cod_processo, FK_cpf_pessoa, tema, polo, prox_data_controle, prox_atividade, deferido_prazo_dobro, obs_prazo, marcada_audiencia, dados_audiencia, data_prazo_simples, data_prazo_dobro, registro_movi_processual, qntd_dias_prox_controle, data_proposicao_acao, data_protocolo_judicial) values (92, '22334456044', 'Duis bibendum, felis sed interdum venenatis, turpis enim blandit mi, in porttitor pede justo eu massa. Donec dapibus. Duis at velit eu est congue elementum.', 'exequente/executado', '2024-05-28', '2024-02-25', 'Sim', 'Nulla ut erat id mauris vulputate elementum. Nullam varius. Nulla facilisi.', 'Praesent id massa id nisl venenatis lacinia. Aenean sit amet justo. Morbi ut odio.', 'Duis bibendum. Morbi non quam nec dui luctus rutrum. Nulla tellus.', '2024-05-30', '2023-09-24', 'Vestibulum quam sapien, varius ut, blandit non, interdum in, ante. Vestibulum ante ipsum primis in faucibus orci luctus et ultrices posuere cubilia Curae; Duis faucibus accumsan odio. Curabitur convallis.', 18, '2024-01-19', '2024-06-13');
insert into processo (cod_processo, FK_cpf_pessoa, tema, polo, prox_data_controle, prox_atividade, deferido_prazo_dobro, obs_prazo, marcada_audiencia, dados_audiencia, data_prazo_simples, data_prazo_dobro, registro_movi_processual, qntd_dias_prox_controle, data_proposicao_acao, data_protocolo_judicial) values (93, '77889900377', 'Etiam vel augue. Vestibulum rutrum rutrum neque. Aenean auctor gravida sem.', 'exequente/executado', '2023-11-20', '2023-12-06', 'Sim', 'Maecenas leo odio, condimentum id, luctus nec, molestie sed, justo. Pellentesque viverra pede ac diam. Cras pellentesque volutpat dui.', 'Maecenas ut massa quis augue luctus tincidunt. Nulla mollis molestie lorem. Quisque ut erat.', 'Vestibulum quam sapien, varius ut, blandit non, interdum in, ante. Vestibulum ante ipsum primis in faucibus orci luctus et ultrices posuere cubilia Curae; Duis faucibus accumsan odio. Curabitur convallis.', '2023-11-19', '2023-12-03', 'Fusce consequat. Nulla nisl. Nunc nisl.', 24, '2024-07-15', '2024-05-22');
insert into processo (cod_processo, FK_cpf_pessoa, tema, polo, prox_data_controle, prox_atividade, deferido_prazo_dobro, obs_prazo, marcada_audiencia, dados_audiencia, data_prazo_simples, data_prazo_dobro, registro_movi_processual, qntd_dias_prox_controle, data_proposicao_acao, data_protocolo_judicial) values (94, '00112233456', 'Maecenas ut massa quis augue luctus tincidunt. Nulla mollis molestie lorem. Quisque ut erat.', 'reclamante/reclamado', '2024-03-16', '2024-01-19', 'Sim', 'Cras mi pede, malesuada in, imperdiet et, commodo vulputate, justo. In blandit ultrices enim. Lorem ipsum dolor sit amet, consectetuer adipiscing elit.', 'Aliquam quis turpis eget elit sodales scelerisque. Mauris sit amet eros. Suspendisse accumsan tortor quis turpis.', 'Aenean lectus. Pellentesque eget nunc. Donec quis orci eget orci vehicula condimentum.', '2024-07-06', '2023-10-20', 'Cras mi pede, malesuada in, imperdiet et, commodo vulputate, justo. In blandit ultrices enim. Lorem ipsum dolor sit amet, consectetuer adipiscing elit.', 41, '2024-06-03', '2024-07-30');
insert into processo (cod_processo, FK_cpf_pessoa, tema, polo, prox_data_controle, prox_atividade, deferido_prazo_dobro, obs_prazo, marcada_audiencia, dados_audiencia, data_prazo_simples, data_prazo_dobro, registro_movi_processual, qntd_dias_prox_controle, data_proposicao_acao, data_protocolo_judicial) values (95, '55667788488', 'Morbi porttitor lorem id ligula. Suspendisse ornare consequat lectus. In est risus, auctor sed, tristique in, tempus sit amet, sem.', 'exequente/executado', '2024-04-20', '2023-10-08', 'Não', 'Donec diam neque, vestibulum eget, vulputate ut, ultrices vel, augue. Vestibulum ante ipsum primis in faucibus orci luctus et ultrices posuere cubilia Curae; Donec pharetra, magna vestibulum aliquet ultrices, erat tortor sollicitudin mi, sit amet lobortis sapien sapien non mi. Integer ac neque.', 'Curabitur gravida nisi at nibh. In hac habitasse platea dictumst. Aliquam augue quam, sollicitudin vitae, consectetuer eget, rutrum at, lorem.', 'In hac habitasse platea dictumst. Morbi vestibulum, velit id pretium iaculis, diam erat fermentum justo, nec condimentum neque sapien placerat ante. Nulla justo.', '2024-02-26', '2023-09-04', 'Sed sagittis. Nam congue, risus semper porta volutpat, quam pede lobortis ligula, sit amet eleifend pede libero quis orci. Nullam molestie nibh in lectus.', 41, '2023-12-01', '2024-04-28');
insert into processo (cod_processo, FK_cpf_pessoa, tema, polo, prox_data_controle, prox_atividade, deferido_prazo_dobro, obs_prazo, marcada_audiencia, dados_audiencia, data_prazo_simples, data_prazo_dobro, registro_movi_processual, qntd_dias_prox_controle, data_proposicao_acao, data_protocolo_judicial) values (96, '88990011245', 'Fusce consequat. Nulla nisl. Nunc nisl.', 'reclamante/reclamado', '2024-01-31', '2023-12-21', 'Sim', 'Mauris enim leo, rhoncus sed, vestibulum sit amet, cursus id, turpis. Integer aliquet, massa id lobortis convallis, tortor risus dapibus augue, vel accumsan tellus nisi eu orci. Mauris lacinia sapien quis libero.', 'Quisque id justo sit amet sapien dignissim vestibulum. Vestibulum ante ipsum primis in faucibus orci luctus et ultrices posuere cubilia Curae; Nulla dapibus dolor vel est. Donec odio justo, sollicitudin ut, suscipit a, feugiat et, eros.', 'Vestibulum ac est lacinia nisi venenatis tristique. Fusce congue, diam id ornare imperdiet, sapien urna pretium nisl, ut volutpat sapien arcu sed augue. Aliquam erat volutpat.', '2024-03-27', '2024-06-07', 'Suspendisse potenti. In eleifend quam a odio. In hac habitasse platea dictumst.', 3, '2024-07-17', '2024-03-23');
insert into processo (cod_processo, FK_cpf_pessoa, tema, polo, prox_data_controle, prox_atividade, deferido_prazo_dobro, obs_prazo, marcada_audiencia, dados_audiencia, data_prazo_simples, data_prazo_dobro, registro_movi_processual, qntd_dias_prox_controle, data_proposicao_acao, data_protocolo_judicial) values (97, '66778899012', 'Cras mi pede, malesuada in, imperdiet et, commodo vulputate, justo. In blandit ultrices enim. Lorem ipsum dolor sit amet, consectetuer adipiscing elit.', 'exequente/executado', '2023-09-12', '2024-05-13', 'Não', 'Maecenas leo odio, condimentum id, luctus nec, molestie sed, justo. Pellentesque viverra pede ac diam. Cras pellentesque volutpat dui.', 'Duis aliquam convallis nunc. Proin at turpis a pede posuere nonummy. Integer non velit.', 'Nulla ut erat id mauris vulputate elementum. Nullam varius. Nulla facilisi.', '2023-11-19', '2023-10-15', 'Maecenas ut massa quis augue luctus tincidunt. Nulla mollis molestie lorem. Quisque ut erat.', 44, '2023-12-22', '2024-01-03');
insert into processo (cod_processo, FK_cpf_pessoa, tema, polo, prox_data_controle, prox_atividade, deferido_prazo_dobro, obs_prazo, marcada_audiencia, dados_audiencia, data_prazo_simples, data_prazo_dobro, registro_movi_processual, qntd_dias_prox_controle, data_proposicao_acao, data_protocolo_judicial) values (98, '55667788990', 'Maecenas ut massa quis augue luctus tincidunt. Nulla mollis molestie lorem. Quisque ut erat.', 'exequente/executado', '2024-05-28', '2024-05-20', 'Sim', 'Quisque porta volutpat erat. Quisque erat eros, viverra eget, congue eget, semper rutrum, nulla. Nunc purus.', 'Integer tincidunt ante vel ipsum. Praesent blandit lacinia erat. Vestibulum sed magna at nunc commodo placerat.', 'Fusce consequat. Nulla nisl. Nunc nisl.', '2024-06-26', '2024-02-29', 'Praesent blandit. Nam nulla. Integer pede justo, lacinia eget, tincidunt eget, tempus vel, pede.', 32, '2024-05-25', '2024-06-19');
insert into processo (cod_processo, FK_cpf_pessoa, tema, polo, prox_data_controle, prox_atividade, deferido_prazo_dobro, obs_prazo, marcada_audiencia, dados_audiencia, data_prazo_simples, data_prazo_dobro, registro_movi_processual, qntd_dias_prox_controle, data_proposicao_acao, data_protocolo_judicial) values (99, '89012345678', 'Pellentesque at nulla. Suspendisse potenti. Cras in purus eu magna vulputate luctus.', 'exequente/executado', '2024-03-08', '2023-11-18', 'Sim', 'Nullam sit amet turpis elementum ligula vehicula consequat. Morbi a ipsum. Integer a nibh.', 'Duis bibendum. Morbi non quam nec dui luctus rutrum. Nulla tellus.', 'In hac habitasse platea dictumst. Morbi vestibulum, velit id pretium iaculis, diam erat fermentum justo, nec condimentum neque sapien placerat ante. Nulla justo.', '2023-11-19', '2024-02-07', 'Phasellus in felis. Donec semper sapien a libero. Nam dui.', 50, '2024-06-19', '2024-05-17');
insert into processo (cod_processo, FK_cpf_pessoa, tema, polo, prox_data_controle, prox_atividade, deferido_prazo_dobro, obs_prazo, marcada_audiencia, dados_audiencia, data_prazo_simples, data_prazo_dobro, registro_movi_processual, qntd_dias_prox_controle, data_proposicao_acao, data_protocolo_judicial) values (100, '33445567266', 'Maecenas tristique, est et tempus semper, est quam pharetra magna, ac consequat metus sapien ut nunc. Vestibulum ante ipsum primis in faucibus orci luctus et ultrices posuere cubilia Curae; Mauris viverra diam vitae quam. Suspendisse potenti.', 'reclamante/reclamado', '2023-11-17', '2023-11-14', 'Sim', 'Duis consequat dui nec nisi volutpat eleifend. Donec ut dolor. Morbi vel lectus in quam fringilla rhoncus.', 'Morbi porttitor lorem id ligula. Suspendisse ornare consequat lectus. In est risus, auctor sed, tristique in, tempus sit amet, sem.', 'In quis justo. Maecenas rhoncus aliquam lacus. Morbi quis tortor id nulla ultrices aliquet.', '2024-07-29', '2024-03-06', 'Curabitur gravida nisi at nibh. In hac habitasse platea dictumst. Aliquam augue quam, sollicitudin vitae, consectetuer eget, rutrum at, lorem.', 29, '2024-04-23', '2024-07-31');


SELECT * FROM atribuicao;
SELECT * FROM atribuicao
ORDER BY FK_cod_processo ASC;


insert into atribuicao (FK_cpf_pessoa, FK_cod_processo, FK_cod_estagiario, data_atribuicao, hora_atribuicao, tipo_estagiario) values ('33445566778', 1, 1, '2023-09-07', '21:34:55', 'V');
insert into atribuicao (FK_cpf_pessoa, FK_cod_processo, FK_cod_estagiario, data_atribuicao, hora_atribuicao, tipo_estagiario) values ('45678901234', 2, 2, '2023-11-02', '8:09:01', 'V');
insert into atribuicao (FK_cpf_pessoa, FK_cod_processo, FK_cod_estagiario, data_atribuicao, hora_atribuicao, tipo_estagiario) values ('34567890123', 3, 3, '2023-12-05', '1:08:04', 'A');
insert into atribuicao (FK_cpf_pessoa, FK_cod_processo, FK_cod_estagiario, data_atribuicao, hora_atribuicao, tipo_estagiario) values ('44556677933', 4, 4, '2023-08-28', '9:11:27', 'A');
insert into atribuicao (FK_cpf_pessoa, FK_cod_processo, FK_cod_estagiario, data_atribuicao, hora_atribuicao, tipo_estagiario) values ('56789012345', 5, 5, '2024-07-16', '23:31:11', 'V');
insert into atribuicao (FK_cpf_pessoa, FK_cod_processo, FK_cod_estagiario, data_atribuicao, hora_atribuicao, tipo_estagiario) values ('67890123456', 6, 6, '2023-12-28', '10:41:09', 'V');
insert into atribuicao (FK_cpf_pessoa, FK_cod_processo, FK_cod_estagiario, data_atribuicao, hora_atribuicao, tipo_estagiario) values ('33445566933', 7, 7, '2023-09-21', '9:35:46', 'A');
insert into atribuicao (FK_cpf_pessoa, FK_cod_processo, FK_cod_estagiario, data_atribuicao, hora_atribuicao, tipo_estagiario) values ('89012345678', 8, 8, '2024-07-21', '17:33:14', 'V');
insert into atribuicao (FK_cpf_pessoa, FK_cod_processo, FK_cod_estagiario, data_atribuicao, hora_atribuicao, tipo_estagiario) values ('90123456789', 9, 9, '2024-04-08', '19:05:10', 'A');
insert into atribuicao (FK_cpf_pessoa, FK_cod_processo, FK_cod_estagiario, data_atribuicao, hora_atribuicao, tipo_estagiario) values ('88990011377', 10, 10, '2024-05-10', '2:48:14', 'V');
insert into atribuicao (FK_cpf_pessoa, FK_cod_processo, FK_cod_estagiario, data_atribuicao, hora_atribuicao, tipo_estagiario) values ('77889900134', 11, 11, '2024-06-17', '15:56:51', 'P');
insert into atribuicao (FK_cpf_pessoa, FK_cod_processo, FK_cod_estagiario, data_atribuicao, hora_atribuicao, tipo_estagiario) values ('66778899266', 12, 12, '2023-11-14', '1:33:02', 'V');
insert into atribuicao (FK_cpf_pessoa, FK_cod_processo, FK_cod_estagiario, data_atribuicao, hora_atribuicao, tipo_estagiario) values ('34567890123', 13, 13, '2024-06-29', '20:41:20', 'P');
insert into atribuicao (FK_cpf_pessoa, FK_cod_processo, FK_cod_estagiario, data_atribuicao, hora_atribuicao, tipo_estagiario) values ('66778899023', 14, 14, '2024-07-31', '16:28:41', 'A');
insert into atribuicao (FK_cpf_pessoa, FK_cod_processo, FK_cod_estagiario, data_atribuicao, hora_atribuicao, tipo_estagiario) values ('66778899488', 15, 15, '2024-03-08', '10:57:56', 'P');
insert into atribuicao (FK_cpf_pessoa, FK_cod_processo, FK_cod_estagiario, data_atribuicao, hora_atribuicao, tipo_estagiario) values ('55667788990', 16, 16, '2024-07-15', '17:17:49', 'V');
insert into atribuicao (FK_cpf_pessoa, FK_cod_processo, FK_cod_estagiario, data_atribuicao, hora_atribuicao, tipo_estagiario) values ('77889900266', 17, 17, '2023-11-18', '11:13:06', 'P');
insert into atribuicao (FK_cpf_pessoa, FK_cod_processo, FK_cod_estagiario, data_atribuicao, hora_atribuicao, tipo_estagiario) values ('88990011223', 18, 18, '2024-06-21', '19:43:31', 'A');
insert into atribuicao (FK_cpf_pessoa, FK_cod_processo, FK_cod_estagiario, data_atribuicao, hora_atribuicao, tipo_estagiario) values ('99001122334', 19, 19, '2024-01-11', '17:08:29', 'A');
insert into atribuicao (FK_cpf_pessoa, FK_cod_processo, FK_cod_estagiario, data_atribuicao, hora_atribuicao, tipo_estagiario) values ('33445566933', 20, 20, '2024-04-05', '23:55:24', 'P');
insert into atribuicao (FK_cpf_pessoa, FK_cod_processo, FK_cod_estagiario, data_atribuicao, hora_atribuicao, tipo_estagiario) values ('88990011600', 21, 21, '2024-02-14', '4:43:54', 'V');
insert into atribuicao (FK_cpf_pessoa, FK_cod_processo, FK_cod_estagiario, data_atribuicao, hora_atribuicao, tipo_estagiario) values ('22334455822', 22, 22, '2024-04-11', '3:53:55', 'P');
insert into atribuicao (FK_cpf_pessoa, FK_cod_processo, FK_cod_estagiario, data_atribuicao, hora_atribuicao, tipo_estagiario) values ('55667788155', 23, 23, '2024-02-15', '6:43:10', 'P');
insert into atribuicao (FK_cpf_pessoa, FK_cod_processo, FK_cod_estagiario, data_atribuicao, hora_atribuicao, tipo_estagiario) values ('11223344711', 24, 24, '2023-10-26', '9:16:04', 'A');
insert into atribuicao (FK_cpf_pessoa, FK_cod_processo, FK_cod_estagiario, data_atribuicao, hora_atribuicao, tipo_estagiario) values ('88990011377', 25, 25, '2024-03-18', '10:52:41', 'A');
insert into atribuicao (FK_cpf_pessoa, FK_cod_processo, FK_cod_estagiario, data_atribuicao, hora_atribuicao, tipo_estagiario) values ('66778899012', 26, 26, '2024-07-01', '15:33:17', 'A');
insert into atribuicao (FK_cpf_pessoa, FK_cod_processo, FK_cod_estagiario, data_atribuicao, hora_atribuicao, tipo_estagiario) values ('66778899599', 27, 27, '2024-05-20', '19:59:45', 'A');
insert into atribuicao (FK_cpf_pessoa, FK_cod_processo, FK_cod_estagiario, data_atribuicao, hora_atribuicao, tipo_estagiario) values ('55667788488', 28, 28, '2024-05-23', '8:00:24', 'P');
insert into atribuicao (FK_cpf_pessoa, FK_cod_processo, FK_cod_estagiario, data_atribuicao, hora_atribuicao, tipo_estagiario) values ('55667788901', 29, 29, '2024-05-19', '15:11:39', 'A');
insert into atribuicao (FK_cpf_pessoa, FK_cod_processo, FK_cod_estagiario, data_atribuicao, hora_atribuicao, tipo_estagiario) values ('33445566778', 30, 30, '2024-01-25', '18:30:43', 'V');
insert into atribuicao (FK_cpf_pessoa, FK_cod_processo, FK_cod_estagiario, data_atribuicao, hora_atribuicao, tipo_estagiario) values ('11223344578', 31, 31, '2024-04-29', '6:32:23', 'A');
insert into atribuicao (FK_cpf_pessoa, FK_cod_processo, FK_cod_estagiario, data_atribuicao, hora_atribuicao, tipo_estagiario) values ('11223344600', 32, 32, '2023-09-13', '2:44:09', 'V');
insert into atribuicao (FK_cpf_pessoa, FK_cod_processo, FK_cod_estagiario, data_atribuicao, hora_atribuicao, tipo_estagiario) values ('33445566790', 33, 33, '2023-12-13', '4:21:27', 'V');
insert into atribuicao (FK_cpf_pessoa, FK_cod_processo, FK_cod_estagiario, data_atribuicao, hora_atribuicao, tipo_estagiario) values ('44556677812', 34, 34, '2023-12-31', '6:16:47', 'V');
insert into atribuicao (FK_cpf_pessoa, FK_cod_processo, FK_cod_estagiario, data_atribuicao, hora_atribuicao, tipo_estagiario) values ('77889900123', 35, 35, '2024-03-05', '16:26:05', 'P');
insert into atribuicao (FK_cpf_pessoa, FK_cod_processo, FK_cod_estagiario, data_atribuicao, hora_atribuicao, tipo_estagiario) values ('44556677377', 36, 36, '2023-09-11', '18:27:33', 'P');
insert into atribuicao (FK_cpf_pessoa, FK_cod_processo, FK_cod_estagiario, data_atribuicao, hora_atribuicao, tipo_estagiario) values ('77889900134', 37, 37, '2024-05-05', '12:15:10', 'A');
insert into atribuicao (FK_cpf_pessoa, FK_cod_processo, FK_cod_estagiario, data_atribuicao, hora_atribuicao, tipo_estagiario) values ('88990011245', 38, 38, '2024-05-12', '14:59:59', 'A');
insert into atribuicao (FK_cpf_pessoa, FK_cod_processo, FK_cod_estagiario, data_atribuicao, hora_atribuicao, tipo_estagiario) values ('44556677044', 39, 39, '2023-10-31', '13:05:51', 'V');
insert into atribuicao (FK_cpf_pessoa, FK_cod_processo, FK_cod_estagiario, data_atribuicao, hora_atribuicao, tipo_estagiario) values ('99001122488', 40, 40, '2023-10-08', '11:56:44', 'V');
insert into atribuicao (FK_cpf_pessoa, FK_cod_processo, FK_cod_estagiario, data_atribuicao, hora_atribuicao, tipo_estagiario) values ('11223345044', 41, 41, '2024-05-20', '5:48:31', 'P');
insert into atribuicao (FK_cpf_pessoa, FK_cod_processo, FK_cod_estagiario, data_atribuicao, hora_atribuicao, tipo_estagiario) values ('45678901234', 42, 42, '2024-02-22', '7:08:34', 'V');
insert into atribuicao (FK_cpf_pessoa, FK_cod_processo, FK_cod_estagiario, data_atribuicao, hora_atribuicao, tipo_estagiario) values ('11223344711', 43, 43, '2024-04-05', '15:48:03', 'V');
insert into atribuicao (FK_cpf_pessoa, FK_cod_processo, FK_cod_estagiario, data_atribuicao, hora_atribuicao, tipo_estagiario) values ('89012345678', 44, 44, '2023-11-11', '9:21:04', 'P');
insert into atribuicao (FK_cpf_pessoa, FK_cod_processo, FK_cod_estagiario, data_atribuicao, hora_atribuicao, tipo_estagiario) values ('44556677933', 45, 45, '2023-12-18', '0:30:20', 'V');
insert into atribuicao (FK_cpf_pessoa, FK_cod_processo, FK_cod_estagiario, data_atribuicao, hora_atribuicao, tipo_estagiario) values ('66778899266', 46, 46, '2024-02-01', '14:57:34', 'P');
insert into atribuicao (FK_cpf_pessoa, FK_cod_processo, FK_cod_estagiario, data_atribuicao, hora_atribuicao, tipo_estagiario) values ('55667788488', 47, 47, '2024-04-12', '20:56:31', 'A');
insert into atribuicao (FK_cpf_pessoa, FK_cod_processo, FK_cod_estagiario, data_atribuicao, hora_atribuicao, tipo_estagiario) values ('45678901234', 48, 48, '2024-06-12', '15:21:47', 'V');
insert into atribuicao (FK_cpf_pessoa, FK_cod_processo, FK_cod_estagiario, data_atribuicao, hora_atribuicao, tipo_estagiario) values ('33445567155', 49, 49, '2024-05-09', '10:53:10', 'A');
insert into atribuicao (FK_cpf_pessoa, FK_cod_processo, FK_cod_estagiario, data_atribuicao, hora_atribuicao, tipo_estagiario) values ('12345678901', 50, 50, '2023-12-30', '2:29:53', 'A');
insert into atribuicao (FK_cpf_pessoa, FK_cod_processo, FK_cod_estagiario, data_atribuicao, hora_atribuicao, tipo_estagiario) values ('44556677044', 51, 51, '2024-06-08', '14:12:38', 'A');
insert into atribuicao (FK_cpf_pessoa, FK_cod_processo, FK_cod_estagiario, data_atribuicao, hora_atribuicao, tipo_estagiario) values ('33445567155', 52, 52, '2024-07-10', '13:18:46', 'V');
insert into atribuicao (FK_cpf_pessoa, FK_cod_processo, FK_cod_estagiario, data_atribuicao, hora_atribuicao, tipo_estagiario) values ('33445566822', 53, 53, '2024-08-19', '21:59:23', 'V');
insert into atribuicao (FK_cpf_pessoa, FK_cod_processo, FK_cod_estagiario, data_atribuicao, hora_atribuicao, tipo_estagiario) values ('33445566822', 54, 54, '2023-12-07', '16:57:52', 'P');
insert into atribuicao (FK_cpf_pessoa, FK_cod_processo, FK_cod_estagiario, data_atribuicao, hora_atribuicao, tipo_estagiario) values ('44556677155', 55, 55, '2024-05-06', '12:49:18', 'A');
insert into atribuicao (FK_cpf_pessoa, FK_cod_processo, FK_cod_estagiario, data_atribuicao, hora_atribuicao, tipo_estagiario) values ('66778899034', 56, 56, '2024-06-30', '15:12:55', 'P');
insert into atribuicao (FK_cpf_pessoa, FK_cod_processo, FK_cod_estagiario, data_atribuicao, hora_atribuicao, tipo_estagiario) values ('55667788912', 57, 57, '2024-08-03', '12:44:57', 'A');
insert into atribuicao (FK_cpf_pessoa, FK_cod_processo, FK_cod_estagiario, data_atribuicao, hora_atribuicao, tipo_estagiario) values ('44556677933', 58, 58, '2023-12-28', '18:12:33', 'V');
insert into atribuicao (FK_cpf_pessoa, FK_cod_processo, FK_cod_estagiario, data_atribuicao, hora_atribuicao, tipo_estagiario) values ('45678901234', 59, 59, '2024-03-06', '17:40:03', 'A');
insert into atribuicao (FK_cpf_pessoa, FK_cod_processo, FK_cod_estagiario, data_atribuicao, hora_atribuicao, tipo_estagiario) values ('44556677044', 60, 60, '2024-02-15', '9:23:24', 'A');
insert into atribuicao (FK_cpf_pessoa, FK_cod_processo, FK_cod_estagiario, data_atribuicao, hora_atribuicao, tipo_estagiario) values ('11223344711', 61, 61, '2024-06-26', '12:59:20', 'A');
insert into atribuicao (FK_cpf_pessoa, FK_cod_processo, FK_cod_estagiario, data_atribuicao, hora_atribuicao, tipo_estagiario) values ('55667788155', 62, 62, '2023-10-10', '9:19:52', 'V');
insert into atribuicao (FK_cpf_pessoa, FK_cod_processo, FK_cod_estagiario, data_atribuicao, hora_atribuicao, tipo_estagiario) values ('88990011711', 63, 63, '2024-08-17', '8:24:09', 'P');
insert into atribuicao (FK_cpf_pessoa, FK_cod_processo, FK_cod_estagiario, data_atribuicao, hora_atribuicao, tipo_estagiario) values ('44556677890', 64, 64, '2024-01-31', '22:17:42', 'P');
insert into atribuicao (FK_cpf_pessoa, FK_cod_processo, FK_cod_estagiario, data_atribuicao, hora_atribuicao, tipo_estagiario) values ('55667788155', 65, 65, '2024-01-11', '8:44:48', 'V');
insert into atribuicao (FK_cpf_pessoa, FK_cod_processo, FK_cod_estagiario, data_atribuicao, hora_atribuicao, tipo_estagiario) values ('22334455822', 66, 66, '2023-12-02', '4:30:18', 'P');
insert into atribuicao (FK_cpf_pessoa, FK_cod_processo, FK_cod_estagiario, data_atribuicao, hora_atribuicao, tipo_estagiario) values ('66778899155', 67, 67, '2024-01-24', '6:55:21', 'P');
insert into atribuicao (FK_cpf_pessoa, FK_cod_processo, FK_cod_estagiario, data_atribuicao, hora_atribuicao, tipo_estagiario) values ('88990011488', 68, 68, '2023-09-15', '6:19:03', 'A');
insert into atribuicao (FK_cpf_pessoa, FK_cod_processo, FK_cod_estagiario, data_atribuicao, hora_atribuicao, tipo_estagiario) values ('55667788155', 69, 69, '2024-08-16', '7:18:54', 'V');
insert into atribuicao (FK_cpf_pessoa, FK_cod_processo, FK_cod_estagiario, data_atribuicao, hora_atribuicao, tipo_estagiario) values ('77889900600', 70, 70, '2024-06-19', '20:26:35', 'P');
insert into atribuicao (FK_cpf_pessoa, FK_cod_processo, FK_cod_estagiario, data_atribuicao, hora_atribuicao, tipo_estagiario) values ('11223344578', 71, 71, '2023-12-13', '3:57:59', 'A');
insert into atribuicao (FK_cpf_pessoa, FK_cod_processo, FK_cod_estagiario, data_atribuicao, hora_atribuicao, tipo_estagiario) values ('00112233599', 72, 72, '2024-02-21', '17:16:59', 'P');
insert into atribuicao (FK_cpf_pessoa, FK_cod_processo, FK_cod_estagiario, data_atribuicao, hora_atribuicao, tipo_estagiario) values ('00112233600', 73, 73, '2024-04-13', '10:33:34', 'A');
insert into atribuicao (FK_cpf_pessoa, FK_cod_processo, FK_cod_estagiario, data_atribuicao, hora_atribuicao, tipo_estagiario) values ('88990011599', 74, 74, '2024-06-14', '20:47:30', 'A');
insert into atribuicao (FK_cpf_pessoa, FK_cod_processo, FK_cod_estagiario, data_atribuicao, hora_atribuicao, tipo_estagiario) values ('55667788266', 75, 75, '2024-08-18', '10:20:44', 'V');
insert into atribuicao (FK_cpf_pessoa, FK_cod_processo, FK_cod_estagiario, data_atribuicao, hora_atribuicao, tipo_estagiario) values ('33445567155', 76, 76, '2024-07-24', '20:56:29', 'V');
insert into atribuicao (FK_cpf_pessoa, FK_cod_processo, FK_cod_estagiario, data_atribuicao, hora_atribuicao, tipo_estagiario) values ('11223345044', 77, 77, '2024-05-06', '14:37:44', 'V');
insert into atribuicao (FK_cpf_pessoa, FK_cod_processo, FK_cod_estagiario, data_atribuicao, hora_atribuicao, tipo_estagiario) values ('33445566701', 78, 78, '2024-05-17', '23:44:43', 'P');
insert into atribuicao (FK_cpf_pessoa, FK_cod_processo, FK_cod_estagiario, data_atribuicao, hora_atribuicao, tipo_estagiario) values ('67890123456', 79, 79, '2024-01-01', '9:41:13', 'P');
insert into atribuicao (FK_cpf_pessoa, FK_cod_processo, FK_cod_estagiario, data_atribuicao, hora_atribuicao, tipo_estagiario) values ('55667788912', 80, 80, '2024-01-08', '4:16:30', 'P');
insert into atribuicao (FK_cpf_pessoa, FK_cod_processo, FK_cod_estagiario, data_atribuicao, hora_atribuicao, tipo_estagiario) values ('66778899012', 81, 81, '2024-07-15', '14:56:11', 'V');
insert into atribuicao (FK_cpf_pessoa, FK_cod_processo, FK_cod_estagiario, data_atribuicao, hora_atribuicao, tipo_estagiario) values ('44556677488', 82, 82, '2023-10-08', '19:28:22', 'P');
insert into atribuicao (FK_cpf_pessoa, FK_cod_processo, FK_cod_estagiario, data_atribuicao, hora_atribuicao, tipo_estagiario) values ('55667788155', 83, 83, '2024-03-03', '10:37:04', 'A');
insert into atribuicao (FK_cpf_pessoa, FK_cod_processo, FK_cod_estagiario, data_atribuicao, hora_atribuicao, tipo_estagiario) values ('44556677377', 84, 84, '2024-05-07', '0:14:13', 'P');
insert into atribuicao (FK_cpf_pessoa, FK_cod_processo, FK_cod_estagiario, data_atribuicao, hora_atribuicao, tipo_estagiario) values ('99001122599', 85, 85, '2024-07-12', '6:31:43', 'A');
insert into atribuicao (FK_cpf_pessoa, FK_cod_processo, FK_cod_estagiario, data_atribuicao, hora_atribuicao, tipo_estagiario) values ('66778899023', 86, 86, '2023-09-26', '7:16:42', 'V');
insert into atribuicao (FK_cpf_pessoa, FK_cod_processo, FK_cod_estagiario, data_atribuicao, hora_atribuicao, tipo_estagiario) values ('77889900599', 87, 87, '2024-03-19', '0:42:43', 'P');
insert into atribuicao (FK_cpf_pessoa, FK_cod_processo, FK_cod_estagiario, data_atribuicao, hora_atribuicao, tipo_estagiario) values ('77889900488', 88, 88, '2023-12-08', '8:32:49', 'P');
insert into atribuicao (FK_cpf_pessoa, FK_cod_processo, FK_cod_estagiario, data_atribuicao, hora_atribuicao, tipo_estagiario) values ('22334455690', 89, 89, '2024-05-01', '18:59:49', 'A');
insert into atribuicao (FK_cpf_pessoa, FK_cod_processo, FK_cod_estagiario, data_atribuicao, hora_atribuicao, tipo_estagiario) values ('45678901234', 90, 90, '2024-07-25', '23:23:35', 'P');
insert into atribuicao (FK_cpf_pessoa, FK_cod_processo, FK_cod_estagiario, data_atribuicao, hora_atribuicao, tipo_estagiario) values ('77889900112', 91, 91, '2024-08-23', '7:08:23', 'A');
insert into atribuicao (FK_cpf_pessoa, FK_cod_processo, FK_cod_estagiario, data_atribuicao, hora_atribuicao, tipo_estagiario) values ('11223345266', 92, 92, '2024-02-04', '19:06:41', 'A');
insert into atribuicao (FK_cpf_pessoa, FK_cod_processo, FK_cod_estagiario, data_atribuicao, hora_atribuicao, tipo_estagiario) values ('11223344589', 93, 93, '2024-05-16', '5:01:10', 'P');
insert into atribuicao (FK_cpf_pessoa, FK_cod_processo, FK_cod_estagiario, data_atribuicao, hora_atribuicao, tipo_estagiario) values ('44556677377', 94, 94, '2024-05-04', '15:49:42', 'V');
insert into atribuicao (FK_cpf_pessoa, FK_cod_processo, FK_cod_estagiario, data_atribuicao, hora_atribuicao, tipo_estagiario) values ('00112233478', 95, 95, '2024-01-22', '4:00:58', 'A');
insert into atribuicao (FK_cpf_pessoa, FK_cod_processo, FK_cod_estagiario, data_atribuicao, hora_atribuicao, tipo_estagiario) values ('00112233933', 96, 96, '2024-08-02', '15:45:59', 'P');
insert into atribuicao (FK_cpf_pessoa, FK_cod_processo, FK_cod_estagiario, data_atribuicao, hora_atribuicao, tipo_estagiario) values ('00112233822', 97, 97, '2024-04-27', '13:35:34', 'P');
insert into atribuicao (FK_cpf_pessoa, FK_cod_processo, FK_cod_estagiario, data_atribuicao, hora_atribuicao, tipo_estagiario) values ('44556677801', 98, 98, '2024-01-29', '17:20:36', 'P');
insert into atribuicao (FK_cpf_pessoa, FK_cod_processo, FK_cod_estagiario, data_atribuicao, hora_atribuicao, tipo_estagiario) values ('11223344822', 99, 99, '2024-07-10', '19:21:18', 'P');
insert into atribuicao (FK_cpf_pessoa, FK_cod_processo, FK_cod_estagiario, data_atribuicao, hora_atribuicao, tipo_estagiario) values ('55667788155', 100, 100, '2024-03-08', '14:02:51', 'V');

insert into advogado (oab_adv, nome_adv, especialidade, cpf_adv, ano_ingresso) values ('SP/100001', 'Aline Costa', 'Trabalhista', 12785432018, 1995);
insert into advogado (oab_adv, nome_adv, especialidade, cpf_adv, ano_ingresso) values ('SP/100002', 'Arthur Mendes', 'Outro', 90537612045, 2005);
insert into advogado (oab_adv, nome_adv, especialidade, cpf_adv, ano_ingresso) values ('SP/100003', 'Beatriz Ferreira', 'Previdenciário', 37649085206, 2007);
insert into advogado (oab_adv, nome_adv, especialidade, cpf_adv, ano_ingresso) values ('SP/100004', 'Bruno Martins', 'Previdenciário', 51278394622, 2011);
insert into advogado (oab_adv, nome_adv, especialidade, cpf_adv, ano_ingresso) values ('SP/100005', 'Camila Silva', 'Família e Sucessões', 84376593071, 2002);
insert into advogado (oab_adv, nome_adv, especialidade, cpf_adv, ano_ingresso) values ('SP/100006', 'Carlos Souza', 'Família e Sucessões', 69834158064, 2002);
insert into advogado (oab_adv, nome_adv, especialidade, cpf_adv, ano_ingresso) values ('SP/100007', 'Carolina Lima', 'Trabalhista', 12495637002, 2010);
insert into advogado (oab_adv, nome_adv, especialidade, cpf_adv, ano_ingresso) values ('SP/100008', 'Daniel Rocha', 'Penal', 87542069109, 2008);
insert into advogado (oab_adv, nome_adv, especialidade, cpf_adv, ano_ingresso) values ('SP/100009', 'Diego Oliveira', 'Trabalhista', 35498012233, 2009);
insert into advogado (oab_adv, nome_adv, especialidade, cpf_adv, ano_ingresso) values ('SP/100010', 'Elisa Santos', 'Família e Sucessões', 92174653089, 2005);
insert into advogado (oab_adv, nome_adv, especialidade, cpf_adv, ano_ingresso) values ('SP/100011', 'Felipe Ribeiro', 'Trabalhista', 40873196055, 2007);
insert into advogado (oab_adv, nome_adv, especialidade, cpf_adv, ano_ingresso) values ('SP/100012', 'Fernanda Alves', 'Trabalhista', 63729481501, 2008);
insert into advogado (oab_adv, nome_adv, especialidade, cpf_adv, ano_ingresso) values ('SP/100013', 'Gabriel Pereira', 'Penal', 72138947026, 2011);
insert into advogado (oab_adv, nome_adv, especialidade, cpf_adv, ano_ingresso) values ('SP/100014', 'Gustavo Nogueira', 'Família e Sucessões', 19687320944, 1985);
insert into advogado (oab_adv, nome_adv, especialidade, cpf_adv, ano_ingresso) values ('SP/100015', 'Helena Azevedo', 'Família e Sucessões', 83921064310, 2002);
insert into advogado (oab_adv, nome_adv, especialidade, cpf_adv, ano_ingresso) values ('SP/100016', 'Henrique Almeida', 'Outro', 31876490588, 2008);
insert into advogado (oab_adv, nome_adv, especialidade, cpf_adv, ano_ingresso) values ('SP/100017', 'Isabela Rodrigues', 'Outro', 55283061472, 2011);
insert into advogado (oab_adv, nome_adv, especialidade, cpf_adv, ano_ingresso) values ('SP/100018', 'João Batista', 'Trabalhista', 70123645983, 2004);
insert into advogado (oab_adv, nome_adv, especialidade, cpf_adv, ano_ingresso) values ('SP/100019', 'Julia Moreira', 'Previdenciário', 48269153749, 1992);
insert into advogado (oab_adv, nome_adv, especialidade, cpf_adv, ano_ingresso) values ('SP/100020', 'Leonardo Barbosa', 'Trabalhista', 19360784230, 2011);
insert into advogado (oab_adv, nome_adv, especialidade, cpf_adv, ano_ingresso) values ('SP/100021', 'Luana Farias', 'Família e Sucessões', 60591372019, 1993);
insert into advogado (oab_adv, nome_adv, especialidade, cpf_adv, ano_ingresso) values ('SP/100022', 'Lucas Cardoso', 'Outro', 87234019566, 1992);
insert into advogado (oab_adv, nome_adv, especialidade, cpf_adv, ano_ingresso) values ('SP/100023', 'Mariana Gomes', 'Trabalhista', 54971032680, 2007);
insert into advogado (oab_adv, nome_adv, especialidade, cpf_adv, ano_ingresso) values ('SP/100024', 'Matheus Correia', 'Penal', 38427610991, 2001);
insert into advogado (oab_adv, nome_adv, especialidade, cpf_adv, ano_ingresso) values ('SP/100025', 'Miguel Fernandes', 'Previdenciário', 23659487174, 2005);
insert into advogado (oab_adv, nome_adv, especialidade, cpf_adv, ano_ingresso) values ('SP/100026', 'Natália Cunha', 'Previdenciário', 75192360852, 2008);
insert into advogado (oab_adv, nome_adv, especialidade, cpf_adv, ano_ingresso) values ('SP/100027', 'Pedro Duarte', 'Cível', 49385074028, 2009);
insert into advogado (oab_adv, nome_adv, especialidade, cpf_adv, ano_ingresso) values ('SP/100028', 'Rafael Souza', 'Previdenciário', 80371659231, 2006);
insert into advogado (oab_adv, nome_adv, especialidade, cpf_adv, ano_ingresso) values ('SP/100029', 'Renata Costa', 'Penal', 32794016447, 2004);
insert into advogado (oab_adv, nome_adv, especialidade, cpf_adv, ano_ingresso) values ('SP/100030', 'Rodrigo Oliveira', 'Cível', 95238162003, 1996);
insert into advogado (oab_adv, nome_adv, especialidade, cpf_adv, ano_ingresso) values ('SP/100031', 'Sofia Ribeiro', 'Penal', 12086549711, 2007);
insert into advogado (oab_adv, nome_adv, especialidade, cpf_adv, ano_ingresso) values ('SP/100032', 'Thiago Nunes', 'Outro', 74890623194, 1990);
insert into advogado (oab_adv, nome_adv, especialidade, cpf_adv, ano_ingresso) values ('SP/100033', 'Vanessa Carvalho', 'Cível', 65937410860, 2003);
insert into advogado (oab_adv, nome_adv, especialidade, cpf_adv, ano_ingresso) values ('SP/100034', 'Victor Rocha', 'Previdenciário', 43281795075, 2004);
insert into advogado (oab_adv, nome_adv, especialidade, cpf_adv, ano_ingresso) values ('SP/100035', 'Yasmin Lopes', 'Família e Sucessões', 23768090458, 1993);
insert into advogado (oab_adv, nome_adv, especialidade, cpf_adv, ano_ingresso) values ('SP/100036', 'Alexandre Ramos', 'Previdenciário', 56492831742, 2008);
insert into advogado (oab_adv, nome_adv, especialidade, cpf_adv, ano_ingresso) values ('SP/100037', 'Bianca Costa', 'Família e Sucessões', 79032485006, 2004);
insert into advogado (oab_adv, nome_adv, especialidade, cpf_adv, ano_ingresso) values ('SP/100038', 'Caio Almeida', 'Cível', 90127540399, 2000);
insert into advogado (oab_adv, nome_adv, especialidade, cpf_adv, ano_ingresso) values ('SP/100039', 'Daniela Borges', 'Penal', 13684021987, 2002);
insert into advogado (oab_adv, nome_adv, especialidade, cpf_adv, ano_ingresso) values ('SP/100040', 'Eduardo Martins', 'Penal', 68249153024, 2004);
insert into advogado (oab_adv, nome_adv, especialidade, cpf_adv, ano_ingresso) values ('SP/100041', 'Fabiana Oliveira', 'Família e Sucessões', 51869034713, 2008);
insert into advogado (oab_adv, nome_adv, especialidade, cpf_adv, ano_ingresso) values ('SP/100042', 'Giovanna Nogueira', 'Cível', 37456082078, 1998);
insert into advogado (oab_adv, nome_adv, especialidade, cpf_adv, ano_ingresso) values ('SP/100043', 'Hugo Araújo', 'Penal', 29760148956, 1994);
insert into advogado (oab_adv, nome_adv, especialidade, cpf_adv, ano_ingresso) values ('SP/100044', 'Ingrid Silva', 'Família e Sucessões', 48273419010, 2007);
insert into advogado (oab_adv, nome_adv, especialidade, cpf_adv, ano_ingresso) values ('SP/100045', 'Jorge Mendes', 'Família e Sucessões', 90241573684, 2005);
insert into advogado (oab_adv, nome_adv, especialidade, cpf_adv, ano_ingresso) values ('SP/100046', 'Karina Santos', 'Previdenciário', 73189625430, 2002);
insert into advogado (oab_adv, nome_adv, especialidade, cpf_adv, ano_ingresso) values ('SP/100047', 'Laura Ribeiro', 'Previdenciário', 48591362043, 1992);
insert into advogado (oab_adv, nome_adv, especialidade, cpf_adv, ano_ingresso) values ('SP/100048', 'Marcio Rodrigues', 'Família e Sucessões', 24873091501, 1993);
insert into advogado (oab_adv, nome_adv, especialidade, cpf_adv, ano_ingresso) values ('SP/100049', 'Nicole Souza', 'Penal', 19027463896, 2007);
insert into advogado (oab_adv, nome_adv, especialidade, cpf_adv, ano_ingresso) values ('SP/100050', 'Otávio Fernandes', 'Cível', 80419254738, 1997);
insert into advogado (oab_adv, nome_adv, especialidade, cpf_adv, ano_ingresso) values ('SP/100051', 'Paulo Lima', 'Trabalhista', 57619340227, 1997);
insert into advogado (oab_adv, nome_adv, especialidade, cpf_adv, ano_ingresso) values ('SP/100052', 'Quésia Santos', 'Família e Sucessões', 68945213017, 2002);
insert into advogado (oab_adv, nome_adv, especialidade, cpf_adv, ano_ingresso) values ('SP/100053', 'Ricardo Almeida', 'Cível', 34289167040, 2002);
insert into advogado (oab_adv, nome_adv, especialidade, cpf_adv, ano_ingresso) values ('SP/100054', 'Sabrina Ferreira', 'Outro', 91723485062, 2011);
insert into advogado (oab_adv, nome_adv, especialidade, cpf_adv, ano_ingresso) values ('SP/100055', 'Tadeu Nunes', 'Cível', 10654820325, 2008);
insert into advogado (oab_adv, nome_adv, especialidade, cpf_adv, ano_ingresso) values ('SP/100056', 'Ursula Oliveira', 'Trabalhista', 29367458115, 2009);
insert into advogado (oab_adv, nome_adv, especialidade, cpf_adv, ano_ingresso) values ('SP/100057', 'Valéria Costa', 'Família e Sucessões', 45732810479, 2009);
insert into advogado (oab_adv, nome_adv, especialidade, cpf_adv, ano_ingresso) values ('SP/100058', 'Wagner Souza', 'Trabalhista', 31580462792, 1993);
insert into advogado (oab_adv, nome_adv, especialidade, cpf_adv, ano_ingresso) values ('SP/100059', 'Ximena Azevedo', 'Previdenciário', 73198620458, 1999);
insert into advogado (oab_adv, nome_adv, especialidade, cpf_adv, ano_ingresso) values ('SP/100060', 'Yuri Mendes', 'Cível', 40982176309, 1997);
insert into advogado (oab_adv, nome_adv, especialidade, cpf_adv, ano_ingresso) values ('SP/100061', 'Zélia Rocha', 'Trabalhista', 54739268131, 1997);
insert into advogado (oab_adv, nome_adv, especialidade, cpf_adv, ano_ingresso) values ('SP/100062', 'Antônio Pereira', 'Penal', 89374251046, 2012);
insert into advogado (oab_adv, nome_adv, especialidade, cpf_adv, ano_ingresso) values ('SP/100063', 'Bárbara Cardoso', 'Penal', 15098340269, 2011);
insert into advogado (oab_adv, nome_adv, especialidade, cpf_adv, ano_ingresso) values ('SP/100064', 'Cláudio Gomes', 'Família e Sucessões', 27890463127, 2002);
insert into advogado (oab_adv, nome_adv, especialidade, cpf_adv, ano_ingresso) values ('SP/100065', 'Débora Silva', 'Penal', 48923071508, 2009);
insert into advogado (oab_adv, nome_adv, especialidade, cpf_adv, ano_ingresso) values ('SP/100066', 'Estevão Oliveira', 'Outro', 32618790451, 2004);
insert into advogado (oab_adv, nome_adv, especialidade, cpf_adv, ano_ingresso) values ('SP/100067', 'Flávia Mendes', 'Trabalhista', 61529372035, 1994);
insert into advogado (oab_adv, nome_adv, especialidade, cpf_adv, ano_ingresso) values ('SP/100068', 'Gabriel Rodrigues', 'Outro', 73410984223, 1993);
insert into advogado (oab_adv, nome_adv, especialidade, cpf_adv, ano_ingresso) values ('SP/100069', 'Helena Costa', 'Família e Sucessões', 24059487116, 2008);
insert into advogado (oab_adv, nome_adv, especialidade, cpf_adv, ano_ingresso) values ('SP/100070', 'Ian Nogueira', 'Cível', 75192360991, 2009);
insert into advogado (oab_adv, nome_adv, especialidade, cpf_adv, ano_ingresso) values ('SP/100071', 'Juliana Martins', 'Outro', 48395784002, 2001);
insert into advogado (oab_adv, nome_adv, especialidade, cpf_adv, ano_ingresso) values ('SP/100072', 'Kevin Ferreira', 'Previdenciário', 81794652057, 2006);
insert into advogado (oab_adv, nome_adv, especialidade, cpf_adv, ano_ingresso) values ('SP/100073', 'Letícia Alves', 'Penal', 32917462188, 2010);
insert into advogado (oab_adv, nome_adv, especialidade, cpf_adv, ano_ingresso) values ('SP/100074', 'Marcos Pereira', 'Família e Sucessões', 95037246119, 2012);
insert into advogado (oab_adv, nome_adv, especialidade, cpf_adv, ano_ingresso) values ('SP/100075', 'Natália Oliveira', 'Previdenciário', 12487549622, 1998);
insert into advogado (oab_adv, nome_adv, especialidade, cpf_adv, ano_ingresso) values ('SP/100076', 'Oscar Rodrigues', 'Trabalhista', 74261830935, 1965);
insert into advogado (oab_adv, nome_adv, especialidade, cpf_adv, ano_ingresso) values ('SP/100077', 'Priscila Lima', 'Outro', 65923407848, 2001);
insert into advogado (oab_adv, nome_adv, especialidade, cpf_adv, ano_ingresso) values ('SP/100078', 'Roberto Souza', 'Cível', 42398017661, 2011);
insert into advogado (oab_adv, nome_adv, especialidade, cpf_adv, ano_ingresso) values ('SP/100079', 'Sandra Costa', 'Trabalhista', 27340158703, 2000);
insert into advogado (oab_adv, nome_adv, especialidade, cpf_adv, ano_ingresso) values ('SP/100080', 'Tatiane Mendes', 'Penal', 56492317889, 2002);
insert into advogado (oab_adv, nome_adv, especialidade, cpf_adv, ano_ingresso) values ('SP/100081', 'Ubirajara Ferreira', 'Família e Sucessões', 79032485194, 2006);
insert into advogado (oab_adv, nome_adv, especialidade, cpf_adv, ano_ingresso) values ('SP/100082', 'Verônica Rocha', 'Previdenciário', 90247513008, 1996);
insert into advogado (oab_adv, nome_adv, especialidade, cpf_adv, ano_ingresso) values ('SP/100083', 'William Souza', 'Trabalhista', 13689024925, 2005);
insert into advogado (oab_adv, nome_adv, especialidade, cpf_adv, ano_ingresso) values ('SP/100084', 'Xênia Nogueira', 'Cível', 68491536072, 2004);
insert into advogado (oab_adv, nome_adv, especialidade, cpf_adv, ano_ingresso) values ('SP/100085', 'Yasmin Ribeiro', 'Penal', 51284790134, 2011);
insert into advogado (oab_adv, nome_adv, especialidade, cpf_adv, ano_ingresso) values ('SP/100086', 'Zeca Almeida', 'Outro', 37495082615, 1997);
insert into advogado (oab_adv, nome_adv, especialidade, cpf_adv, ano_ingresso) values ('SP/100087', 'Adriana Costa', 'Outro', 29760891426, 1995);
insert into advogado (oab_adv, nome_adv, especialidade, cpf_adv, ano_ingresso) values ('SP/100088', 'Bruno Araújo', 'Penal', 48273419108, 2005);
insert into advogado (oab_adv, nome_adv, especialidade, cpf_adv, ano_ingresso) values ('SP/100089', 'Cláudia Silva', 'Trabalhista', 90241273874, 2005);
insert into advogado (oab_adv, nome_adv, especialidade, cpf_adv, ano_ingresso) values ('SP/100090', 'Diogo Nunes', 'Penal', 73189625529, 2004);
insert into advogado (oab_adv, nome_adv, especialidade, cpf_adv, ano_ingresso) values ('SP/100091', 'Eliana Gomes', 'Trabalhista', 48591362132, 1997);
insert into advogado (oab_adv, nome_adv, especialidade, cpf_adv, ano_ingresso) values ('SP/100092', 'Fernanda Pereira', 'Outro', 24875039150, 2006);
insert into advogado (oab_adv, nome_adv, especialidade, cpf_adv, ano_ingresso) values ('SP/100093', 'Guilherme Oliveira', 'Trabalhista', 12785432018, 1996);
insert into advogado (oab_adv, nome_adv, especialidade, cpf_adv, ano_ingresso) values ('SP/100094', 'Heloísa Martins', 'Cível', 90537612045, 2011);
insert into advogado (oab_adv, nome_adv, especialidade, cpf_adv, ano_ingresso) values ('SP/100095', 'Igor Souza', 'Outro', 37649085206, 2005);
insert into advogado (oab_adv, nome_adv, especialidade, cpf_adv, ano_ingresso) values ('SP/100096', 'Jéssica Mendes', 'Penal', 51278394622, 2011);
insert into advogado (oab_adv, nome_adv, especialidade, cpf_adv, ano_ingresso) values ('SP/100097', 'Aline Costa', 'Cível', 84376593071, 2007);
insert into advogado (oab_adv, nome_adv, especialidade, cpf_adv, ano_ingresso) values ('SP/100098', 'Arthur Mendes', 'Previdenciário', 69834158064, 1986);
insert into advogado (oab_adv, nome_adv, especialidade, cpf_adv, ano_ingresso) values ('SP/100099', 'Beatriz Ferreira', 'Outro', 12495637002, 1993);
insert into advogado (oab_adv, nome_adv, especialidade, cpf_adv, ano_ingresso) values ('SP/100100', 'Bruno Martins', 'Família e Sucessões', 87542069109, 2002);

insert into tel_adv (FK_oab_adv, tel_adv) values ('SP/100001', 11900000001);
insert into tel_adv (FK_oab_adv, tel_adv) values ('SP/100002', 11900000002);
insert into tel_adv (FK_oab_adv, tel_adv) values ('SP/100003', 11900000003);
insert into tel_adv (FK_oab_adv, tel_adv) values ('SP/100004', 11900000004);
insert into tel_adv (FK_oab_adv, tel_adv) values ('SP/100005', 11900000005);
insert into tel_adv (FK_oab_adv, tel_adv) values ('SP/100006', 11900000006);
insert into tel_adv (FK_oab_adv, tel_adv) values ('SP/100007', 11900000007);
insert into tel_adv (FK_oab_adv, tel_adv) values ('SP/100008', 11900000008);
insert into tel_adv (FK_oab_adv, tel_adv) values ('SP/100009', 11900000009);
insert into tel_adv (FK_oab_adv, tel_adv) values ('SP/100010', 11900000010);
insert into tel_adv (FK_oab_adv, tel_adv) values ('SP/100011', 11900000011);
insert into tel_adv (FK_oab_adv, tel_adv) values ('SP/100012', 11900000012);
insert into tel_adv (FK_oab_adv, tel_adv) values ('SP/100013', 11900000013);
insert into tel_adv (FK_oab_adv, tel_adv) values ('SP/100014', 11900000014);
insert into tel_adv (FK_oab_adv, tel_adv) values ('SP/100015', 11900000015);
insert into tel_adv (FK_oab_adv, tel_adv) values ('SP/100016', 11900000016);
insert into tel_adv (FK_oab_adv, tel_adv) values ('SP/100017', 11900000017);
insert into tel_adv (FK_oab_adv, tel_adv) values ('SP/100018', 11900000018);
insert into tel_adv (FK_oab_adv, tel_adv) values ('SP/100019', 11900000019);
insert into tel_adv (FK_oab_adv, tel_adv) values ('SP/100020', 11900000020);
insert into tel_adv (FK_oab_adv, tel_adv) values ('SP/100021', 11900000021);
insert into tel_adv (FK_oab_adv, tel_adv) values ('SP/100022', 11900000022);
insert into tel_adv (FK_oab_adv, tel_adv) values ('SP/100023', 11900000023);
insert into tel_adv (FK_oab_adv, tel_adv) values ('SP/100024', 11900000024);
insert into tel_adv (FK_oab_adv, tel_adv) values ('SP/100025', 11900000025);
insert into tel_adv (FK_oab_adv, tel_adv) values ('SP/100026', 11900000026);
insert into tel_adv (FK_oab_adv, tel_adv) values ('SP/100027', 11900000027);
insert into tel_adv (FK_oab_adv, tel_adv) values ('SP/100028', 11900000028);
insert into tel_adv (FK_oab_adv, tel_adv) values ('SP/100029', 11900000029);
insert into tel_adv (FK_oab_adv, tel_adv) values ('SP/100030', 11900000030);
insert into tel_adv (FK_oab_adv, tel_adv) values ('SP/100031', 11900000031);
insert into tel_adv (FK_oab_adv, tel_adv) values ('SP/100032', 11900000032);
insert into tel_adv (FK_oab_adv, tel_adv) values ('SP/100033', 11900000033);
insert into tel_adv (FK_oab_adv, tel_adv) values ('SP/100034', 11900000034);
insert into tel_adv (FK_oab_adv, tel_adv) values ('SP/100035', 11900000035);
insert into tel_adv (FK_oab_adv, tel_adv) values ('SP/100036', 11900000036);
insert into tel_adv (FK_oab_adv, tel_adv) values ('SP/100037', 11900000037);
insert into tel_adv (FK_oab_adv, tel_adv) values ('SP/100038', 11900000038);
insert into tel_adv (FK_oab_adv, tel_adv) values ('SP/100039', 11900000039);
insert into tel_adv (FK_oab_adv, tel_adv) values ('SP/100040', 11900000040);
insert into tel_adv (FK_oab_adv, tel_adv) values ('SP/100041', 11900000041);
insert into tel_adv (FK_oab_adv, tel_adv) values ('SP/100042', 11900000042);
insert into tel_adv (FK_oab_adv, tel_adv) values ('SP/100043', 11900000043);
insert into tel_adv (FK_oab_adv, tel_adv) values ('SP/100044', 11900000044);
insert into tel_adv (FK_oab_adv, tel_adv) values ('SP/100045', 11900000045);
insert into tel_adv (FK_oab_adv, tel_adv) values ('SP/100046', 11900000046);
insert into tel_adv (FK_oab_adv, tel_adv) values ('SP/100047', 11900000047);
insert into tel_adv (FK_oab_adv, tel_adv) values ('SP/100048', 11900000048);
insert into tel_adv (FK_oab_adv, tel_adv) values ('SP/100049', 11900000049);
insert into tel_adv (FK_oab_adv, tel_adv) values ('SP/100050', 11900000050);
insert into tel_adv (FK_oab_adv, tel_adv) values ('SP/100051', 11900000051);
insert into tel_adv (FK_oab_adv, tel_adv) values ('SP/100052', 11900000052);
insert into tel_adv (FK_oab_adv, tel_adv) values ('SP/100053', 11900000053);
insert into tel_adv (FK_oab_adv, tel_adv) values ('SP/100054', 11900000054);
insert into tel_adv (FK_oab_adv, tel_adv) values ('SP/100055', 11900000055);
insert into tel_adv (FK_oab_adv, tel_adv) values ('SP/100056', 11900000056);
insert into tel_adv (FK_oab_adv, tel_adv) values ('SP/100057', 11900000057);
insert into tel_adv (FK_oab_adv, tel_adv) values ('SP/100058', 11900000058);
insert into tel_adv (FK_oab_adv, tel_adv) values ('SP/100059', 11900000059);
insert into tel_adv (FK_oab_adv, tel_adv) values ('SP/100060', 11900000060);
insert into tel_adv (FK_oab_adv, tel_adv) values ('SP/100061', 11900000061);
insert into tel_adv (FK_oab_adv, tel_adv) values ('SP/100062', 11900000062);
insert into tel_adv (FK_oab_adv, tel_adv) values ('SP/100063', 11900000063);
insert into tel_adv (FK_oab_adv, tel_adv) values ('SP/100064', 11900000064);
insert into tel_adv (FK_oab_adv, tel_adv) values ('SP/100065', 11900000065);
insert into tel_adv (FK_oab_adv, tel_adv) values ('SP/100066', 11900000066);
insert into tel_adv (FK_oab_adv, tel_adv) values ('SP/100067', 11900000067);
insert into tel_adv (FK_oab_adv, tel_adv) values ('SP/100068', 11900000068);
insert into tel_adv (FK_oab_adv, tel_adv) values ('SP/100069', 11900000069);
insert into tel_adv (FK_oab_adv, tel_adv) values ('SP/100070', 11900000070);
insert into tel_adv (FK_oab_adv, tel_adv) values ('SP/100071', 11900000071);
insert into tel_adv (FK_oab_adv, tel_adv) values ('SP/100072', 11900000072);
insert into tel_adv (FK_oab_adv, tel_adv) values ('SP/100073', 11900000073);
insert into tel_adv (FK_oab_adv, tel_adv) values ('SP/100074', 11900000074);
insert into tel_adv (FK_oab_adv, tel_adv) values ('SP/100075', 11900000075);
insert into tel_adv (FK_oab_adv, tel_adv) values ('SP/100076', 11900000076);
insert into tel_adv (FK_oab_adv, tel_adv) values ('SP/100077', 11900000077);
insert into tel_adv (FK_oab_adv, tel_adv) values ('SP/100078', 11900000078);
insert into tel_adv (FK_oab_adv, tel_adv) values ('SP/100079', 11900000079);
insert into tel_adv (FK_oab_adv, tel_adv) values ('SP/100080', 11900000080);
insert into tel_adv (FK_oab_adv, tel_adv) values ('SP/100081', 11900000081);
insert into tel_adv (FK_oab_adv, tel_adv) values ('SP/100082', 11900000082);
insert into tel_adv (FK_oab_adv, tel_adv) values ('SP/100083', 11900000083);
insert into tel_adv (FK_oab_adv, tel_adv) values ('SP/100084', 11900000084);
insert into tel_adv (FK_oab_adv, tel_adv) values ('SP/100085', 11900000085);
insert into tel_adv (FK_oab_adv, tel_adv) values ('SP/100086', 11900000086);
insert into tel_adv (FK_oab_adv, tel_adv) values ('SP/100087', 11900000087);
insert into tel_adv (FK_oab_adv, tel_adv) values ('SP/100088', 11900000088);
insert into tel_adv (FK_oab_adv, tel_adv) values ('SP/100089', 11900000089);
insert into tel_adv (FK_oab_adv, tel_adv) values ('SP/100090', 11900000090);
insert into tel_adv (FK_oab_adv, tel_adv) values ('SP/100091', 11900000091);
insert into tel_adv (FK_oab_adv, tel_adv) values ('SP/100092', 11900000092);
insert into tel_adv (FK_oab_adv, tel_adv) values ('SP/100093', 11900000093);
insert into tel_adv (FK_oab_adv, tel_adv) values ('SP/100094', 11900000094);
insert into tel_adv (FK_oab_adv, tel_adv) values ('SP/100095', 11900000095);
insert into tel_adv (FK_oab_adv, tel_adv) values ('SP/100096', 11900000096);
insert into tel_adv (FK_oab_adv, tel_adv) values ('SP/100097', 11900000097);
insert into tel_adv (FK_oab_adv, tel_adv) values ('SP/100098', 11900000098);
insert into tel_adv (FK_oab_adv, tel_adv) values ('SP/100099', 11900000099);
insert into tel_adv (FK_oab_adv, tel_adv) values ('SP/100100', 11900000100);

insert into email_adv (FK_oab_adv, email_adv) values ('SP/100001', 'aline.costa@email.com');
insert into email_adv (FK_oab_adv, email_adv) values ('SP/100002', 'arthur.mendes@email.com');
insert into email_adv (FK_oab_adv, email_adv) values ('SP/100003', 'beatriz.ferreira@email.com');
insert into email_adv (FK_oab_adv, email_adv) values ('SP/100004', 'bruno.martins@email.com');
insert into email_adv (FK_oab_adv, email_adv) values ('SP/100005', 'camila.silva@email.com');
insert into email_adv (FK_oab_adv, email_adv) values ('SP/100006', 'carlos.souza@email.com');
insert into email_adv (FK_oab_adv, email_adv) values ('SP/100007', 'carolina.lima@email.com');
insert into email_adv (FK_oab_adv, email_adv) values ('SP/100008', 'daniel.rocha@email.com');
insert into email_adv (FK_oab_adv, email_adv) values ('SP/100009', 'diego.oliveira@email.com');
insert into email_adv (FK_oab_adv, email_adv) values ('SP/100010', 'elisa.santos@email.com');
insert into email_adv (FK_oab_adv, email_adv) values ('SP/100011', 'felipe.ribeiro@email.com');
insert into email_adv (FK_oab_adv, email_adv) values ('SP/100012', 'fernanda.alves@email.com');
insert into email_adv (FK_oab_adv, email_adv) values ('SP/100013', 'gabriel.pereira@email.com');
insert into email_adv (FK_oab_adv, email_adv) values ('SP/100014', 'gustavo.nogueira@email.com');
insert into email_adv (FK_oab_adv, email_adv) values ('SP/100015', 'helena.azevedo@email.com');
insert into email_adv (FK_oab_adv, email_adv) values ('SP/100016', 'henrique.almeida@email.com');
insert into email_adv (FK_oab_adv, email_adv) values ('SP/100017', 'isabela.rodrigues@email.com');
insert into email_adv (FK_oab_adv, email_adv) values ('SP/100018', 'joao.batista@email.com');
insert into email_adv (FK_oab_adv, email_adv) values ('SP/100019', 'julia.moreira@email.com');
insert into email_adv (FK_oab_adv, email_adv) values ('SP/100020', 'leonardo.barbosa@email.com');
insert into email_adv (FK_oab_adv, email_adv) values ('SP/100021', 'luana.farias@email.com');
insert into email_adv (FK_oab_adv, email_adv) values ('SP/100022', 'lucas.cardoso@email.com');
insert into email_adv (FK_oab_adv, email_adv) values ('SP/100023', 'mariana.gomes@email.com');
insert into email_adv (FK_oab_adv, email_adv) values ('SP/100024', 'matheus.correia@email.com');
insert into email_adv (FK_oab_adv, email_adv) values ('SP/100025', 'miguel.fernandes@email.com');
insert into email_adv (FK_oab_adv, email_adv) values ('SP/100026', 'natalia.cunha@email.com');
insert into email_adv (FK_oab_adv, email_adv) values ('SP/100027', 'pedro.duarte@email.com');
insert into email_adv (FK_oab_adv, email_adv) values ('SP/100028', 'rafael.souza@email.com');
insert into email_adv (FK_oab_adv, email_adv) values ('SP/100029', 'renata.costa@email.com');
insert into email_adv (FK_oab_adv, email_adv) values ('SP/100030', 'rodrigo.oliveira@email.com');
insert into email_adv (FK_oab_adv, email_adv) values ('SP/100031', 'sofia.ribeiro@email.com');
insert into email_adv (FK_oab_adv, email_adv) values ('SP/100032', 'thiago.nunes@email.com');
insert into email_adv (FK_oab_adv, email_adv) values ('SP/100033', 'vanessa.carvalho@email.com');
insert into email_adv (FK_oab_adv, email_adv) values ('SP/100034', 'victor.rocha@email.com');
insert into email_adv (FK_oab_adv, email_adv) values ('SP/100035', 'yasmin.lopes@email.com');
insert into email_adv (FK_oab_adv, email_adv) values ('SP/100036', 'alexandre.ramos@email.com');
insert into email_adv (FK_oab_adv, email_adv) values ('SP/100037', 'bianca.costa@email.com');
insert into email_adv (FK_oab_adv, email_adv) values ('SP/100038', 'caio.almeida@email.com');
insert into email_adv (FK_oab_adv, email_adv) values ('SP/100039', 'daniela.borges@email.com');
insert into email_adv (FK_oab_adv, email_adv) values ('SP/100040', 'eduardo.martins@email.com');
insert into email_adv (FK_oab_adv, email_adv) values ('SP/100041', 'fabiana.oliveira@email.com');
insert into email_adv (FK_oab_adv, email_adv) values ('SP/100042', 'giovanna.nogueira@email.com');
insert into email_adv (FK_oab_adv, email_adv) values ('SP/100043', 'hugo.araujo@email.com');
insert into email_adv (FK_oab_adv, email_adv) values ('SP/100044', 'ingrid.silva@email.com');
insert into email_adv (FK_oab_adv, email_adv) values ('SP/100045', 'jorge.mendes@email.com');
insert into email_adv (FK_oab_adv, email_adv) values ('SP/100046', 'karina.santos@email.com');
insert into email_adv (FK_oab_adv, email_adv) values ('SP/100047', 'laura.ribeiro@email.com');
insert into email_adv (FK_oab_adv, email_adv) values ('SP/100048', 'marcio.rodrigues@email.com');
insert into email_adv (FK_oab_adv, email_adv) values ('SP/100049', 'nicole.souza@email.com');
insert into email_adv (FK_oab_adv, email_adv) values ('SP/100050', 'otavio.fernandes@email.com');
insert into email_adv (FK_oab_adv, email_adv) values ('SP/100051', 'paulo.lima@email.com');
insert into email_adv (FK_oab_adv, email_adv) values ('SP/100052', 'quesia.santos@email.com');
insert into email_adv (FK_oab_adv, email_adv) values ('SP/100053', 'ricardo.almeida@email.com');
insert into email_adv (FK_oab_adv, email_adv) values ('SP/100054', 'sabrina.ferreira@email.com');
insert into email_adv (FK_oab_adv, email_adv) values ('SP/100055', 'tadeu.nunes@email.com');
insert into email_adv (FK_oab_adv, email_adv) values ('SP/100056', 'ursula.oliveira@email.com');
insert into email_adv (FK_oab_adv, email_adv) values ('SP/100057', 'valeria.costa@email.com');
insert into email_adv (FK_oab_adv, email_adv) values ('SP/100058', 'wagner.souza@email.com');
insert into email_adv (FK_oab_adv, email_adv) values ('SP/100059', 'ximena.azevedo@email.com');
insert into email_adv (FK_oab_adv, email_adv) values ('SP/100060', 'yuri.mendes@email.com');
insert into email_adv (FK_oab_adv, email_adv) values ('SP/100061', 'zelia.rocha@email.com');
insert into email_adv (FK_oab_adv, email_adv) values ('SP/100062', 'antonio.pereira@email.com');
insert into email_adv (FK_oab_adv, email_adv) values ('SP/100063', 'barbara.cardoso@email.com');
insert into email_adv (FK_oab_adv, email_adv) values ('SP/100064', 'claudio.gomes@email.com');
insert into email_adv (FK_oab_adv, email_adv) values ('SP/100065', 'debora.silva@email.com');
insert into email_adv (FK_oab_adv, email_adv) values ('SP/100066', 'estevao.oliveira@email.com');
insert into email_adv (FK_oab_adv, email_adv) values ('SP/100067', 'flavia.mendes@email.com');
insert into email_adv (FK_oab_adv, email_adv) values ('SP/100068', 'gabriel.rodrigues@email.com');
insert into email_adv (FK_oab_adv, email_adv) values ('SP/100069', 'helena.costa@email.com');
insert into email_adv (FK_oab_adv, email_adv) values ('SP/100070', 'ian.nogueira@email.com');
insert into email_adv (FK_oab_adv, email_adv) values ('SP/100071', 'juliana.martins@email.com');
insert into email_adv (FK_oab_adv, email_adv) values ('SP/100072', 'kevin.ferreira@email.com');
insert into email_adv (FK_oab_adv, email_adv) values ('SP/100073', 'leticia.alves@email.com');
insert into email_adv (FK_oab_adv, email_adv) values ('SP/100074', 'marcos.pereira@email.com');
insert into email_adv (FK_oab_adv, email_adv) values ('SP/100075', 'natalia.oliveira@email.com');
insert into email_adv (FK_oab_adv, email_adv) values ('SP/100076', 'oscar.rodrigues@email.com');
insert into email_adv (FK_oab_adv, email_adv) values ('SP/100077', 'priscila.lima@email.com');
insert into email_adv (FK_oab_adv, email_adv) values ('SP/100078', 'roberto.souza@email.com');
insert into email_adv (FK_oab_adv, email_adv) values ('SP/100079', 'sandra.costa@email.com');
insert into email_adv (FK_oab_adv, email_adv) values ('SP/100080', 'tatiane.mendes@email.com');
insert into email_adv (FK_oab_adv, email_adv) values ('SP/100081', 'ubirajara.ferreira@email.com');
insert into email_adv (FK_oab_adv, email_adv) values ('SP/100082', 'veronica.rocha@email.com');
insert into email_adv (FK_oab_adv, email_adv) values ('SP/100083', 'william.souza@email.com');
insert into email_adv (FK_oab_adv, email_adv) values ('SP/100084', 'xenia.nogueira@email.com');
insert into email_adv (FK_oab_adv, email_adv) values ('SP/100085', 'yasmin.ribeiro@email.com');
insert into email_adv (FK_oab_adv, email_adv) values ('SP/100086', 'zeca.almeida@email.com');
insert into email_adv (FK_oab_adv, email_adv) values ('SP/100087', 'adriana.costa@email.com');
insert into email_adv (FK_oab_adv, email_adv) values ('SP/100088', 'bruno.araujo@email.com');
insert into email_adv (FK_oab_adv, email_adv) values ('SP/100089', 'claudia.silva@email.com');
insert into email_adv (FK_oab_adv, email_adv) values ('SP/100090', 'diogo.nunes@email.com');
insert into email_adv (FK_oab_adv, email_adv) values ('SP/100091', 'eliana.gomes@email.com');
insert into email_adv (FK_oab_adv, email_adv) values ('SP/100092', 'fernanda.pereira@email.com');
insert into email_adv (FK_oab_adv, email_adv) values ('SP/100093', 'guilherme.oliveira@email.com');
insert into email_adv (FK_oab_adv, email_adv) values ('SP/100094', 'heloisa.martins@email.com');
insert into email_adv (FK_oab_adv, email_adv) values ('SP/100095', 'igor.souza@email.com');
insert into email_adv (FK_oab_adv, email_adv) values ('SP/100096', 'jessica.mendes@email.com');
insert into email_adv (FK_oab_adv, email_adv) values ('SP/100097', 'aline.costa@email.com');
insert into email_adv (FK_oab_adv, email_adv) values ('SP/100098', 'arthur.mendes@email.com');
insert into email_adv (FK_oab_adv, email_adv) values ('SP/100099', 'beatriz.ferreira@email.com');
insert into email_adv (FK_oab_adv, email_adv) values ('SP/100100', 'bruno.martins@email.com');

insert into disponibilidade_adv (FK_oab_adv, dia_semana, hora_inicio, hora_fim, formato) values ('SP/100001', 'Terça-feira', '17:42:36', '23:07:15', 'P');
insert into disponibilidade_adv (FK_oab_adv, dia_semana, hora_inicio, hora_fim, formato) values ('SP/100002', 'Segunda-feira', '19:32:29', '15:30:10', 'P');
insert into disponibilidade_adv (FK_oab_adv, dia_semana, hora_inicio, hora_fim, formato) values ('SP/100003', 'Terça-feira', '11:53:31', '12:42:13', 'P');
insert into disponibilidade_adv (FK_oab_adv, dia_semana, hora_inicio, hora_fim, formato) values ('SP/100004', 'Terça-feira', '10:55:44', '3:07:21', 'R');
insert into disponibilidade_adv (FK_oab_adv, dia_semana, hora_inicio, hora_fim, formato) values ('SP/100005', 'Sexta-feira', '7:41:17', '5:54:42', 'P');
insert into disponibilidade_adv (FK_oab_adv, dia_semana, hora_inicio, hora_fim, formato) values ('SP/100006', 'Quinta-feira', '9:15:36', '22:52:10', 'P');
insert into disponibilidade_adv (FK_oab_adv, dia_semana, hora_inicio, hora_fim, formato) values ('SP/100007', 'Quarta-feira', '18:24:17', '7:06:53', 'P');
insert into disponibilidade_adv (FK_oab_adv, dia_semana, hora_inicio, hora_fim, formato) values ('SP/100008', 'Quinta-feira', '11:57:39', '17:34:45', 'R');
insert into disponibilidade_adv (FK_oab_adv, dia_semana, hora_inicio, hora_fim, formato) values ('SP/100009', 'Sexta-feira', '4:41:04', '19:50:31', 'R');
insert into disponibilidade_adv (FK_oab_adv, dia_semana, hora_inicio, hora_fim, formato) values ('SP/100010', 'Quarta-feira', '13:17:41', '3:16:53', 'P');
insert into disponibilidade_adv (FK_oab_adv, dia_semana, hora_inicio, hora_fim, formato) values ('SP/100011', 'Sexta-feira', '16:14:49', '10:44:26', 'P');
insert into disponibilidade_adv (FK_oab_adv, dia_semana, hora_inicio, hora_fim, formato) values ('SP/100012', 'Quarta-feira', '12:40:43', '17:01:53', 'R');
insert into disponibilidade_adv (FK_oab_adv, dia_semana, hora_inicio, hora_fim, formato) values ('SP/100013', 'Terça-feira', '9:14:23', '9:56:34', 'R');
insert into disponibilidade_adv (FK_oab_adv, dia_semana, hora_inicio, hora_fim, formato) values ('SP/100014', 'Quinta-feira', '5:41:46', '12:16:13', 'R');
insert into disponibilidade_adv (FK_oab_adv, dia_semana, hora_inicio, hora_fim, formato) values ('SP/100015', 'Quarta-feira', '13:06:40', '17:45:33', 'P');
insert into disponibilidade_adv (FK_oab_adv, dia_semana, hora_inicio, hora_fim, formato) values ('SP/100016', 'Sexta-feira', '5:03:46', '6:25:41', 'P');
insert into disponibilidade_adv (FK_oab_adv, dia_semana, hora_inicio, hora_fim, formato) values ('SP/100017', 'Sexta-feira', '18:31:54', '8:02:30', 'R');
insert into disponibilidade_adv (FK_oab_adv, dia_semana, hora_inicio, hora_fim, formato) values ('SP/100018', 'Quarta-feira', '1:09:56', '6:10:12', 'P');
insert into disponibilidade_adv (FK_oab_adv, dia_semana, hora_inicio, hora_fim, formato) values ('SP/100019', 'Quarta-feira', '2:59:03', '8:55:43', 'P');
insert into disponibilidade_adv (FK_oab_adv, dia_semana, hora_inicio, hora_fim, formato) values ('SP/100020', 'Terça-feira', '19:59:33', '7:11:08', 'P');
insert into disponibilidade_adv (FK_oab_adv, dia_semana, hora_inicio, hora_fim, formato) values ('SP/100021', 'Quarta-feira', '18:20:50', '13:56:51', 'R');
insert into disponibilidade_adv (FK_oab_adv, dia_semana, hora_inicio, hora_fim, formato) values ('SP/100022', 'Sexta-feira', '22:57:48', '15:32:16', 'P');
insert into disponibilidade_adv (FK_oab_adv, dia_semana, hora_inicio, hora_fim, formato) values ('SP/100023', 'Quinta-feira', '21:49:05', '17:25:58', 'P');
insert into disponibilidade_adv (FK_oab_adv, dia_semana, hora_inicio, hora_fim, formato) values ('SP/100024', 'Segunda-feira', '21:44:30', '18:13:04', 'P');
insert into disponibilidade_adv (FK_oab_adv, dia_semana, hora_inicio, hora_fim, formato) values ('SP/100025', 'Segunda-feira', '16:49:43', '18:35:17', 'R');
insert into disponibilidade_adv (FK_oab_adv, dia_semana, hora_inicio, hora_fim, formato) values ('SP/100026', 'Terça-feira', '12:27:25', '23:29:33', 'P');
insert into disponibilidade_adv (FK_oab_adv, dia_semana, hora_inicio, hora_fim, formato) values ('SP/100027', 'Quinta-feira', '4:02:45', '5:11:39', 'R');
insert into disponibilidade_adv (FK_oab_adv, dia_semana, hora_inicio, hora_fim, formato) values ('SP/100028', 'Quarta-feira', '6:29:10', '10:29:32', 'P');
insert into disponibilidade_adv (FK_oab_adv, dia_semana, hora_inicio, hora_fim, formato) values ('SP/100029', 'Terça-feira', '17:45:30', '8:14:47', 'R');
insert into disponibilidade_adv (FK_oab_adv, dia_semana, hora_inicio, hora_fim, formato) values ('SP/100030', 'Quinta-feira', '16:52:04', '1:56:47', 'R');
insert into disponibilidade_adv (FK_oab_adv, dia_semana, hora_inicio, hora_fim, formato) values ('SP/100031', 'Quarta-feira', '12:28:46', '19:03:45', 'P');
insert into disponibilidade_adv (FK_oab_adv, dia_semana, hora_inicio, hora_fim, formato) values ('SP/100032', 'Segunda-feira', '5:13:31', '11:25:39', 'R');
insert into disponibilidade_adv (FK_oab_adv, dia_semana, hora_inicio, hora_fim, formato) values ('SP/100033', 'Quarta-feira', '3:43:08', '15:24:54', 'R');
insert into disponibilidade_adv (FK_oab_adv, dia_semana, hora_inicio, hora_fim, formato) values ('SP/100034', 'Sexta-feira', '22:56:38', '16:33:41', 'P');
insert into disponibilidade_adv (FK_oab_adv, dia_semana, hora_inicio, hora_fim, formato) values ('SP/100035', 'Quinta-feira', '16:26:12', '13:43:03', 'R');
insert into disponibilidade_adv (FK_oab_adv, dia_semana, hora_inicio, hora_fim, formato) values ('SP/100036', 'Sexta-feira', '21:33:49', '6:59:14', 'R');
insert into disponibilidade_adv (FK_oab_adv, dia_semana, hora_inicio, hora_fim, formato) values ('SP/100037', 'Sexta-feira', '18:12:12', '14:33:35', 'R');
insert into disponibilidade_adv (FK_oab_adv, dia_semana, hora_inicio, hora_fim, formato) values ('SP/100038', 'Sexta-feira', '5:58:33', '10:28:00', 'P');
insert into disponibilidade_adv (FK_oab_adv, dia_semana, hora_inicio, hora_fim, formato) values ('SP/100039', 'Terça-feira', '15:53:53', '2:16:39', 'P');
insert into disponibilidade_adv (FK_oab_adv, dia_semana, hora_inicio, hora_fim, formato) values ('SP/100040', 'Quinta-feira', '23:54:30', '2:25:30', 'R');
insert into disponibilidade_adv (FK_oab_adv, dia_semana, hora_inicio, hora_fim, formato) values ('SP/100041', 'Quarta-feira', '14:40:00', '9:06:44', 'R');
insert into disponibilidade_adv (FK_oab_adv, dia_semana, hora_inicio, hora_fim, formato) values ('SP/100042', 'Quinta-feira', '14:59:06', '16:47:21', 'R');
insert into disponibilidade_adv (FK_oab_adv, dia_semana, hora_inicio, hora_fim, formato) values ('SP/100043', 'Quarta-feira', '10:42:14', '16:48:05', 'R');
insert into disponibilidade_adv (FK_oab_adv, dia_semana, hora_inicio, hora_fim, formato) values ('SP/100044', 'Terça-feira', '4:53:25', '21:28:39', 'R');
insert into disponibilidade_adv (FK_oab_adv, dia_semana, hora_inicio, hora_fim, formato) values ('SP/100045', 'Terça-feira', '7:28:39', '18:14:00', 'P');
insert into disponibilidade_adv (FK_oab_adv, dia_semana, hora_inicio, hora_fim, formato) values ('SP/100046', 'Segunda-feira', '2:05:15', '5:29:43', 'R');
insert into disponibilidade_adv (FK_oab_adv, dia_semana, hora_inicio, hora_fim, formato) values ('SP/100047', 'Sexta-feira', '6:19:53', '15:08:18', 'P');
insert into disponibilidade_adv (FK_oab_adv, dia_semana, hora_inicio, hora_fim, formato) values ('SP/100048', 'Quarta-feira', '1:24:48', '19:52:15', 'P');
insert into disponibilidade_adv (FK_oab_adv, dia_semana, hora_inicio, hora_fim, formato) values ('SP/100049', 'Terça-feira', '20:26:45', '0:06:34', 'P');
insert into disponibilidade_adv (FK_oab_adv, dia_semana, hora_inicio, hora_fim, formato) values ('SP/100050', 'Sexta-feira', '7:37:38', '1:07:02', 'R');
insert into disponibilidade_adv (FK_oab_adv, dia_semana, hora_inicio, hora_fim, formato) values ('SP/100051', 'Segunda-feira', '5:18:36', '19:07:51', 'R');
insert into disponibilidade_adv (FK_oab_adv, dia_semana, hora_inicio, hora_fim, formato) values ('SP/100052', 'Terça-feira', '4:13:30', '13:49:15', 'P');
insert into disponibilidade_adv (FK_oab_adv, dia_semana, hora_inicio, hora_fim, formato) values ('SP/100053', 'Quinta-feira', '23:28:32', '9:16:01', 'R');
insert into disponibilidade_adv (FK_oab_adv, dia_semana, hora_inicio, hora_fim, formato) values ('SP/100054', 'Sexta-feira', '21:06:23', '12:17:06', 'R');
insert into disponibilidade_adv (FK_oab_adv, dia_semana, hora_inicio, hora_fim, formato) values ('SP/100055', 'Segunda-feira', '12:26:37', '12:26:15', 'P');
insert into disponibilidade_adv (FK_oab_adv, dia_semana, hora_inicio, hora_fim, formato) values ('SP/100056', 'Sexta-feira', '18:21:47', '11:04:49', 'R');
insert into disponibilidade_adv (FK_oab_adv, dia_semana, hora_inicio, hora_fim, formato) values ('SP/100057', 'Segunda-feira', '5:26:55', '11:34:26', 'R');
insert into disponibilidade_adv (FK_oab_adv, dia_semana, hora_inicio, hora_fim, formato) values ('SP/100058', 'Sexta-feira', '11:00:33', '20:13:55', 'P');
insert into disponibilidade_adv (FK_oab_adv, dia_semana, hora_inicio, hora_fim, formato) values ('SP/100059', 'Quinta-feira', '15:45:22', '22:16:57', 'R');
insert into disponibilidade_adv (FK_oab_adv, dia_semana, hora_inicio, hora_fim, formato) values ('SP/100060', 'Quarta-feira', '21:40:48', '15:30:24', 'R');
insert into disponibilidade_adv (FK_oab_adv, dia_semana, hora_inicio, hora_fim, formato) values ('SP/100061', 'Quarta-feira', '20:56:14', '9:38:38', 'P');
insert into disponibilidade_adv (FK_oab_adv, dia_semana, hora_inicio, hora_fim, formato) values ('SP/100062', 'Quinta-feira', '10:53:38', '16:38:42', 'P');
insert into disponibilidade_adv (FK_oab_adv, dia_semana, hora_inicio, hora_fim, formato) values ('SP/100063', 'Terça-feira', '7:17:06', '17:40:12', 'P');
insert into disponibilidade_adv (FK_oab_adv, dia_semana, hora_inicio, hora_fim, formato) values ('SP/100064', 'Quinta-feira', '20:09:17', '11:32:20', 'R');
insert into disponibilidade_adv (FK_oab_adv, dia_semana, hora_inicio, hora_fim, formato) values ('SP/100065', 'Quinta-feira', '10:53:36', '17:31:52', 'P');
insert into disponibilidade_adv (FK_oab_adv, dia_semana, hora_inicio, hora_fim, formato) values ('SP/100066', 'Terça-feira', '15:15:07', '18:07:38', 'P');
insert into disponibilidade_adv (FK_oab_adv, dia_semana, hora_inicio, hora_fim, formato) values ('SP/100067', 'Terça-feira', '14:14:43', '22:29:17', 'P');
insert into disponibilidade_adv (FK_oab_adv, dia_semana, hora_inicio, hora_fim, formato) values ('SP/100068', 'Segunda-feira', '23:34:11', '18:02:04', 'R');
insert into disponibilidade_adv (FK_oab_adv, dia_semana, hora_inicio, hora_fim, formato) values ('SP/100069', 'Terça-feira', '13:58:44', '13:08:07', 'R');
insert into disponibilidade_adv (FK_oab_adv, dia_semana, hora_inicio, hora_fim, formato) values ('SP/100070', 'Sexta-feira', '10:50:35', '16:37:43', 'R');
insert into disponibilidade_adv (FK_oab_adv, dia_semana, hora_inicio, hora_fim, formato) values ('SP/100071', 'Segunda-feira', '0:39:35', '5:24:23', 'R');
insert into disponibilidade_adv (FK_oab_adv, dia_semana, hora_inicio, hora_fim, formato) values ('SP/100072', 'Segunda-feira', '1:14:04', '2:23:26', 'P');
insert into disponibilidade_adv (FK_oab_adv, dia_semana, hora_inicio, hora_fim, formato) values ('SP/100073', 'Quarta-feira', '0:53:49', '22:45:31', 'R');
insert into disponibilidade_adv (FK_oab_adv, dia_semana, hora_inicio, hora_fim, formato) values ('SP/100074', 'Segunda-feira', '0:01:28', '22:28:39', 'P');
insert into disponibilidade_adv (FK_oab_adv, dia_semana, hora_inicio, hora_fim, formato) values ('SP/100075', 'Quarta-feira', '20:23:20', '19:30:32', 'R');
insert into disponibilidade_adv (FK_oab_adv, dia_semana, hora_inicio, hora_fim, formato) values ('SP/100076', 'Terça-feira', '14:06:08', '23:01:06', 'R');
insert into disponibilidade_adv (FK_oab_adv, dia_semana, hora_inicio, hora_fim, formato) values ('SP/100077', 'Terça-feira', '9:03:16', '4:12:56', 'P');
insert into disponibilidade_adv (FK_oab_adv, dia_semana, hora_inicio, hora_fim, formato) values ('SP/100078', 'Segunda-feira', '2:19:13', '10:51:12', 'R');
insert into disponibilidade_adv (FK_oab_adv, dia_semana, hora_inicio, hora_fim, formato) values ('SP/100079', 'Segunda-feira', '0:29:17', '20:26:29', 'R');
insert into disponibilidade_adv (FK_oab_adv, dia_semana, hora_inicio, hora_fim, formato) values ('SP/100080', 'Terça-feira', '12:25:25', '9:10:23', 'P');
insert into disponibilidade_adv (FK_oab_adv, dia_semana, hora_inicio, hora_fim, formato) values ('SP/100081', 'Sexta-feira', '1:28:31', '10:01:44', 'P');
insert into disponibilidade_adv (FK_oab_adv, dia_semana, hora_inicio, hora_fim, formato) values ('SP/100082', 'Segunda-feira', '4:51:22', '11:07:50', 'P');
insert into disponibilidade_adv (FK_oab_adv, dia_semana, hora_inicio, hora_fim, formato) values ('SP/100083', 'Sexta-feira', '16:31:37', '14:33:47', 'P');
insert into disponibilidade_adv (FK_oab_adv, dia_semana, hora_inicio, hora_fim, formato) values ('SP/100084', 'Segunda-feira', '15:03:55', '19:33:52', 'R');
insert into disponibilidade_adv (FK_oab_adv, dia_semana, hora_inicio, hora_fim, formato) values ('SP/100085', 'Quinta-feira', '14:34:49', '12:51:15', 'R');
insert into disponibilidade_adv (FK_oab_adv, dia_semana, hora_inicio, hora_fim, formato) values ('SP/100086', 'Segunda-feira', '3:01:46', '9:56:04', 'R');
insert into disponibilidade_adv (FK_oab_adv, dia_semana, hora_inicio, hora_fim, formato) values ('SP/100087', 'Sexta-feira', '13:12:46', '9:19:10', 'P');
insert into disponibilidade_adv (FK_oab_adv, dia_semana, hora_inicio, hora_fim, formato) values ('SP/100088', 'Terça-feira', '16:27:26', '22:19:12', 'P');
insert into disponibilidade_adv (FK_oab_adv, dia_semana, hora_inicio, hora_fim, formato) values ('SP/100089', 'Sexta-feira', '7:46:35', '1:01:02', 'P');
insert into disponibilidade_adv (FK_oab_adv, dia_semana, hora_inicio, hora_fim, formato) values ('SP/100090', 'Sexta-feira', '0:14:15', '10:15:17', 'R');
insert into disponibilidade_adv (FK_oab_adv, dia_semana, hora_inicio, hora_fim, formato) values ('SP/100091', 'Sexta-feira', '5:16:38', '8:36:14', 'R');
insert into disponibilidade_adv (FK_oab_adv, dia_semana, hora_inicio, hora_fim, formato) values ('SP/100092', 'Segunda-feira', '3:36:29', '22:33:38', 'R');
insert into disponibilidade_adv (FK_oab_adv, dia_semana, hora_inicio, hora_fim, formato) values ('SP/100093', 'Quarta-feira', '17:22:25', '16:04:49', 'R');
insert into disponibilidade_adv (FK_oab_adv, dia_semana, hora_inicio, hora_fim, formato) values ('SP/100094', 'Segunda-feira', '21:24:57', '23:58:11', 'P');
insert into disponibilidade_adv (FK_oab_adv, dia_semana, hora_inicio, hora_fim, formato) values ('SP/100095', 'Sexta-feira', '18:48:44', '4:27:25', 'P');
insert into disponibilidade_adv (FK_oab_adv, dia_semana, hora_inicio, hora_fim, formato) values ('SP/100096', 'Terça-feira', '7:27:35', '1:41:21', 'P');
insert into disponibilidade_adv (FK_oab_adv, dia_semana, hora_inicio, hora_fim, formato) values ('SP/100097', 'Terça-feira', '11:38:17', '9:15:54', 'R');
insert into disponibilidade_adv (FK_oab_adv, dia_semana, hora_inicio, hora_fim, formato) values ('SP/100098', 'Sexta-feira', '15:25:08', '15:47:56', 'P');
insert into disponibilidade_adv (FK_oab_adv, dia_semana, hora_inicio, hora_fim, formato) values ('SP/100099', 'Quarta-feira', '0:45:27', '19:32:44', 'R');
insert into disponibilidade_adv (FK_oab_adv, dia_semana, hora_inicio, hora_fim, formato) values ('SP/100100', 'Sexta-feira', '18:19:52', '11:52:39', 'R');

insert into agendamento (cod_agendamento, FK_cod_estagiario, FK_oab_adv, prazo_judicial, motivo_consulta, num_autos, data_atendimento, hora_atendimento, identificacao_adv_registrada, data_inscricao, area_direito, tipo_orientacao) values (1, 1, 'SP/100001', '2 meses', 'Donec ut dolor.', 9, '2023-11-30', '12:37:06', 'In hac habitasse platea dictumst.', '2023-09-07', 'Família e Sucessões', 'In eleifend quam a odio.');
insert into agendamento (cod_agendamento, FK_cod_estagiario, FK_oab_adv, prazo_judicial, motivo_consulta, num_autos, data_atendimento, hora_atendimento, identificacao_adv_registrada, data_inscricao, area_direito, tipo_orientacao) values (2, 2, 'SP/100002', '5 meses', 'Quisque ut erat.', 11, '2024-04-05', '11:42:34', 'Suspendisse ornare consequat lectus.', '2024-07-19', 'Família e Sucessões', 'In hac habitasse platea dictumst.');
insert into agendamento (cod_agendamento, FK_cod_estagiario, FK_oab_adv, prazo_judicial, motivo_consulta, num_autos, data_atendimento, hora_atendimento, identificacao_adv_registrada, data_inscricao, area_direito, tipo_orientacao) values (3, 3, 'SP/100003', '4 meses', 'Donec posuere metus vitae ipsum.', 8, '2024-06-23', '20:53:23', 'Aliquam augue quam, sollicitudin vitae, consectetuer eget, rutrum at, lorem.', '2024-06-01', 'Trabalhista', 'Suspendisse potenti.');
insert into agendamento (cod_agendamento, FK_cod_estagiario, FK_oab_adv, prazo_judicial, motivo_consulta, num_autos, data_atendimento, hora_atendimento, identificacao_adv_registrada, data_inscricao, area_direito, tipo_orientacao) values (4, 4, 'SP/100004', '2 meses', 'Maecenas leo odio, condimentum id, luctus nec, molestie sed, justo.', 19, '2023-12-13', '20:52:10', 'Morbi quis tortor id nulla ultrices aliquet.', '2024-08-19', 'Cível', 'Duis ac nibh.');
insert into agendamento (cod_agendamento, FK_cod_estagiario, FK_oab_adv, prazo_judicial, motivo_consulta, num_autos, data_atendimento, hora_atendimento, identificacao_adv_registrada, data_inscricao, area_direito, tipo_orientacao) values (5, 5, 'SP/100005', '1 mês', 'Phasellus id sapien in sapien iaculis congue.', 7, '2024-07-12', '22:26:20', 'Curabitur in libero ut massa volutpat convallis.', '2024-05-25', 'Penal', 'Praesent blandit lacinia erat.');
insert into agendamento (cod_agendamento, FK_cod_estagiario, FK_oab_adv, prazo_judicial, motivo_consulta, num_autos, data_atendimento, hora_atendimento, identificacao_adv_registrada, data_inscricao, area_direito, tipo_orientacao) values (6, 6, 'SP/100006', '4 meses', 'Aliquam sit amet diam in magna bibendum imperdiet.', 11, '2024-01-12', '7:17:58', 'Morbi sem mauris, laoreet ut, rhoncus aliquet, pulvinar sed, nisl.', '2023-11-27', 'Penal', 'Suspendisse potenti.');
insert into agendamento (cod_agendamento, FK_cod_estagiario, FK_oab_adv, prazo_judicial, motivo_consulta, num_autos, data_atendimento, hora_atendimento, identificacao_adv_registrada, data_inscricao, area_direito, tipo_orientacao) values (7, 7, 'SP/100007', '3 meses', 'Pellentesque ultrices mattis odio.', 1, '2024-02-19', '17:57:46', 'Vivamus vel nulla eget eros elementum pellentesque.', '2024-08-08', 'Trabalhista', 'Vestibulum rutrum rutrum neque.');
insert into agendamento (cod_agendamento, FK_cod_estagiario, FK_oab_adv, prazo_judicial, motivo_consulta, num_autos, data_atendimento, hora_atendimento, identificacao_adv_registrada, data_inscricao, area_direito, tipo_orientacao) values (8, 8, 'SP/100008', '4 meses', 'Duis bibendum, felis sed interdum venenatis, turpis enim blandit mi, in porttitor pede justo eu massa.', 15, '2023-10-07', '0:25:00', 'Aliquam augue quam, sollicitudin vitae, consectetuer eget, rutrum at, lorem.', '2024-03-30', 'Previdenciário', 'Vestibulum ante ipsum primis in faucibus orci luctus et ultrices posuere cubilia Curae; Nulla dapibus dolor vel est.');
insert into agendamento (cod_agendamento, FK_cod_estagiario, FK_oab_adv, prazo_judicial, motivo_consulta, num_autos, data_atendimento, hora_atendimento, identificacao_adv_registrada, data_inscricao, area_direito, tipo_orientacao) values (9, 9, 'SP/100009', '5 meses', 'Vestibulum ante ipsum primis in faucibus orci luctus et ultrices posuere cubilia Curae; Donec pharetra, magna vestibulum aliquet ultrices, erat tortor sollicitudin mi, sit amet lobortis sapien sapien non mi.', 5, '2023-09-12', '10:06:56', 'Phasellus id sapien in sapien iaculis congue.', '2023-11-08', 'Cível', 'Donec posuere metus vitae ipsum.');
insert into agendamento (cod_agendamento, FK_cod_estagiario, FK_oab_adv, prazo_judicial, motivo_consulta, num_autos, data_atendimento, hora_atendimento, identificacao_adv_registrada, data_inscricao, area_direito, tipo_orientacao) values (10, 10, 'SP/100010', '2 meses', 'Vivamus tortor.', 1, '2024-05-03', '22:05:14', 'Morbi a ipsum.', '2023-12-25', 'Cível', 'Duis aliquam convallis nunc.');
insert into agendamento (cod_agendamento, FK_cod_estagiario, FK_oab_adv, prazo_judicial, motivo_consulta, num_autos, data_atendimento, hora_atendimento, identificacao_adv_registrada, data_inscricao, area_direito, tipo_orientacao) values (11, 11, 'SP/100011', '5 meses', 'Morbi ut odio.', 5, '2023-11-23', '13:49:06', 'Quisque erat eros, viverra eget, congue eget, semper rutrum, nulla.', '2023-09-23', 'Previdenciário', 'Morbi ut odio.');
insert into agendamento (cod_agendamento, FK_cod_estagiario, FK_oab_adv, prazo_judicial, motivo_consulta, num_autos, data_atendimento, hora_atendimento, identificacao_adv_registrada, data_inscricao, area_direito, tipo_orientacao) values (12, 12, 'SP/100012', '2 meses', 'Donec semper sapien a libero.', 14, '2024-02-18', '6:16:54', 'Donec diam neque, vestibulum eget, vulputate ut, ultrices vel, augue.', '2023-10-18', 'Família e Sucessões', 'Proin eu mi.');
insert into agendamento (cod_agendamento, FK_cod_estagiario, FK_oab_adv, prazo_judicial, motivo_consulta, num_autos, data_atendimento, hora_atendimento, identificacao_adv_registrada, data_inscricao, area_direito, tipo_orientacao) values (13, 13, 'SP/100013', '3 meses', 'Nullam molestie nibh in lectus.', 15, '2024-04-17', '22:51:11', 'In eleifend quam a odio.', '2023-11-24', 'Família e Sucessões', 'Nullam orci pede, venenatis non, sodales sed, tincidunt eu, felis.');
insert into agendamento (cod_agendamento, FK_cod_estagiario, FK_oab_adv, prazo_judicial, motivo_consulta, num_autos, data_atendimento, hora_atendimento, identificacao_adv_registrada, data_inscricao, area_direito, tipo_orientacao) values (14, 14, 'SP/100014', '3 meses', 'Ut at dolor quis odio consequat varius.', 7, '2023-09-14', '11:49:36', 'Donec posuere metus vitae ipsum.', '2023-12-17', 'Penal', 'Quisque ut erat.');
insert into agendamento (cod_agendamento, FK_cod_estagiario, FK_oab_adv, prazo_judicial, motivo_consulta, num_autos, data_atendimento, hora_atendimento, identificacao_adv_registrada, data_inscricao, area_direito, tipo_orientacao) values (15, 15, 'SP/100015', '4 meses', 'Maecenas ut massa quis augue luctus tincidunt.', 6, '2023-10-09', '20:51:53', 'Duis aliquam convallis nunc.', '2023-09-20', 'Família e Sucessões', 'Vestibulum quam sapien, varius ut, blandit non, interdum in, ante.');
insert into agendamento (cod_agendamento, FK_cod_estagiario, FK_oab_adv, prazo_judicial, motivo_consulta, num_autos, data_atendimento, hora_atendimento, identificacao_adv_registrada, data_inscricao, area_direito, tipo_orientacao) values (16, 16, 'SP/100016', '3 meses', 'Curabitur in libero ut massa volutpat convallis.', 19, '2023-10-25', '21:01:01', 'Pellentesque eget nunc.', '2024-02-24', 'Cível', 'Morbi vel lectus in quam fringilla rhoncus.');
insert into agendamento (cod_agendamento, FK_cod_estagiario, FK_oab_adv, prazo_judicial, motivo_consulta, num_autos, data_atendimento, hora_atendimento, identificacao_adv_registrada, data_inscricao, area_direito, tipo_orientacao) values (17, 17, 'SP/100017', '3 meses', 'Integer a nibh.', 10, '2024-06-21', '14:39:57', 'Praesent id massa id nisl venenatis lacinia.', '2023-11-07', 'Previdenciário', 'Morbi vestibulum, velit id pretium iaculis, diam erat fermentum justo, nec condimentum neque sapien placerat ante.');
insert into agendamento (cod_agendamento, FK_cod_estagiario, FK_oab_adv, prazo_judicial, motivo_consulta, num_autos, data_atendimento, hora_atendimento, identificacao_adv_registrada, data_inscricao, area_direito, tipo_orientacao) values (18, 18, 'SP/100018', '4 meses', 'Nunc rhoncus dui vel sem.', 18, '2024-05-06', '10:13:52', 'Suspendisse accumsan tortor quis turpis.', '2024-07-03', 'Outro', 'Ut tellus.');
insert into agendamento (cod_agendamento, FK_cod_estagiario, FK_oab_adv, prazo_judicial, motivo_consulta, num_autos, data_atendimento, hora_atendimento, identificacao_adv_registrada, data_inscricao, area_direito, tipo_orientacao) values (19, 19, 'SP/100019', '2 meses', 'Ut at dolor quis odio consequat varius.', 14, '2023-10-23', '21:44:01', 'Duis ac nibh.', '2024-02-16', 'Outro', 'Morbi porttitor lorem id ligula.');
insert into agendamento (cod_agendamento, FK_cod_estagiario, FK_oab_adv, prazo_judicial, motivo_consulta, num_autos, data_atendimento, hora_atendimento, identificacao_adv_registrada, data_inscricao, area_direito, tipo_orientacao) values (20, 20, 'SP/100020', '1 mês', 'Vestibulum ante ipsum primis in faucibus orci luctus et ultrices posuere cubilia Curae; Donec pharetra, magna vestibulum aliquet ultrices, erat tortor sollicitudin mi, sit amet lobortis sapien sapien non mi.', 7, '2023-10-30', '8:11:55', 'Pellentesque eget nunc.', '2024-05-31', 'Cível', 'Suspendisse potenti.');
insert into agendamento (cod_agendamento, FK_cod_estagiario, FK_oab_adv, prazo_judicial, motivo_consulta, num_autos, data_atendimento, hora_atendimento, identificacao_adv_registrada, data_inscricao, area_direito, tipo_orientacao) values (21, 21, 'SP/100021', '2 meses', 'Integer a nibh.', 14, '2023-10-02', '14:58:31', 'In est risus, auctor sed, tristique in, tempus sit amet, sem.', '2024-07-13', 'Trabalhista', 'Aenean sit amet justo.');
insert into agendamento (cod_agendamento, FK_cod_estagiario, FK_oab_adv, prazo_judicial, motivo_consulta, num_autos, data_atendimento, hora_atendimento, identificacao_adv_registrada, data_inscricao, area_direito, tipo_orientacao) values (22, 22, 'SP/100022', '5 meses', 'Duis ac nibh.', 1, '2024-03-12', '17:57:42', 'Integer aliquet, massa id lobortis convallis, tortor risus dapibus augue, vel accumsan tellus nisi eu orci.', '2024-05-04', 'Outro', 'Cras in purus eu magna vulputate luctus.');
insert into agendamento (cod_agendamento, FK_cod_estagiario, FK_oab_adv, prazo_judicial, motivo_consulta, num_autos, data_atendimento, hora_atendimento, identificacao_adv_registrada, data_inscricao, area_direito, tipo_orientacao) values (23, 23, 'SP/100023', '4 meses', 'Ut at dolor quis odio consequat varius.', 18, '2024-03-09', '4:06:41', 'Donec posuere metus vitae ipsum.', '2023-09-12', 'Trabalhista', 'Aliquam sit amet diam in magna bibendum imperdiet.');
insert into agendamento (cod_agendamento, FK_cod_estagiario, FK_oab_adv, prazo_judicial, motivo_consulta, num_autos, data_atendimento, hora_atendimento, identificacao_adv_registrada, data_inscricao, area_direito, tipo_orientacao) values (24, 24, 'SP/100024', '5 meses', 'Duis mattis egestas metus.', 14, '2023-10-13', '17:23:23', 'Proin interdum mauris non ligula pellentesque ultrices.', '2024-03-09', 'Cível', 'Suspendisse potenti.');
insert into agendamento (cod_agendamento, FK_cod_estagiario, FK_oab_adv, prazo_judicial, motivo_consulta, num_autos, data_atendimento, hora_atendimento, identificacao_adv_registrada, data_inscricao, area_direito, tipo_orientacao) values (25, 25, 'SP/100025', '5 meses', 'Nam dui.', 14, '2023-09-28', '13:18:58', 'Suspendisse potenti.', '2024-02-28', 'Família e Sucessões', 'Donec dapibus.');
insert into agendamento (cod_agendamento, FK_cod_estagiario, FK_oab_adv, prazo_judicial, motivo_consulta, num_autos, data_atendimento, hora_atendimento, identificacao_adv_registrada, data_inscricao, area_direito, tipo_orientacao) values (26, 26, 'SP/100026', '1 mês', 'Curabitur at ipsum ac tellus semper interdum.', 15, '2024-04-11', '10:13:58', 'In eleifend quam a odio.', '2024-01-03', 'Cível', 'Morbi odio odio, elementum eu, interdum eu, tincidunt in, leo.');
insert into agendamento (cod_agendamento, FK_cod_estagiario, FK_oab_adv, prazo_judicial, motivo_consulta, num_autos, data_atendimento, hora_atendimento, identificacao_adv_registrada, data_inscricao, area_direito, tipo_orientacao) values (27, 27, 'SP/100027', '4 meses', 'Nulla tellus.', 16, '2023-08-28', '5:42:48', 'Phasellus sit amet erat.', '2024-06-05', 'Penal', 'Sed sagittis.');
insert into agendamento (cod_agendamento, FK_cod_estagiario, FK_oab_adv, prazo_judicial, motivo_consulta, num_autos, data_atendimento, hora_atendimento, identificacao_adv_registrada, data_inscricao, area_direito, tipo_orientacao) values (28, 28, 'SP/100028', '2 meses', 'Fusce lacus purus, aliquet at, feugiat non, pretium quis, lectus.', 17, '2024-01-16', '14:53:45', 'Cras non velit nec nisi vulputate nonummy.', '2023-12-26', 'Outro', 'Suspendisse potenti.');
insert into agendamento (cod_agendamento, FK_cod_estagiario, FK_oab_adv, prazo_judicial, motivo_consulta, num_autos, data_atendimento, hora_atendimento, identificacao_adv_registrada, data_inscricao, area_direito, tipo_orientacao) values (29, 29, 'SP/100029', '3 meses', 'Duis consequat dui nec nisi volutpat eleifend.', 12, '2023-12-24', '3:56:59', 'Pellentesque eget nunc.', '2023-10-26', 'Cível', 'Vestibulum ante ipsum primis in faucibus orci luctus et ultrices posuere cubilia Curae; Duis faucibus accumsan odio.');
insert into agendamento (cod_agendamento, FK_cod_estagiario, FK_oab_adv, prazo_judicial, motivo_consulta, num_autos, data_atendimento, hora_atendimento, identificacao_adv_registrada, data_inscricao, area_direito, tipo_orientacao) values (30, 30, 'SP/100030', '5 meses', 'Praesent blandit.', 5, '2024-04-19', '3:33:33', 'Phasellus sit amet erat.', '2024-06-27', 'Penal', 'Morbi vestibulum, velit id pretium iaculis, diam erat fermentum justo, nec condimentum neque sapien placerat ante.');
insert into agendamento (cod_agendamento, FK_cod_estagiario, FK_oab_adv, prazo_judicial, motivo_consulta, num_autos, data_atendimento, hora_atendimento, identificacao_adv_registrada, data_inscricao, area_direito, tipo_orientacao) values (31, 31, 'SP/100031', '1 mês', 'Morbi quis tortor id nulla ultrices aliquet.', 13, '2023-10-09', '15:35:06', 'Integer a nibh.', '2023-10-11', 'Previdenciário', 'Cras in purus eu magna vulputate luctus.');
insert into agendamento (cod_agendamento, FK_cod_estagiario, FK_oab_adv, prazo_judicial, motivo_consulta, num_autos, data_atendimento, hora_atendimento, identificacao_adv_registrada, data_inscricao, area_direito, tipo_orientacao) values (32, 32, 'SP/100032', '1 mês', 'Vestibulum sed magna at nunc commodo placerat.', 4, '2024-07-05', '8:50:13', 'In hac habitasse platea dictumst.', '2023-12-30', 'Penal', 'Praesent lectus.');
insert into agendamento (cod_agendamento, FK_cod_estagiario, FK_oab_adv, prazo_judicial, motivo_consulta, num_autos, data_atendimento, hora_atendimento, identificacao_adv_registrada, data_inscricao, area_direito, tipo_orientacao) values (33, 33, 'SP/100033', '4 meses', 'Integer ac leo.', 19, '2024-06-01', '10:23:25', 'Quisque arcu libero, rutrum ac, lobortis vel, dapibus at, diam.', '2024-03-23', 'Cível', 'Donec posuere metus vitae ipsum.');
insert into agendamento (cod_agendamento, FK_cod_estagiario, FK_oab_adv, prazo_judicial, motivo_consulta, num_autos, data_atendimento, hora_atendimento, identificacao_adv_registrada, data_inscricao, area_direito, tipo_orientacao) values (34, 34, 'SP/100034', '1 mês', 'Cras in purus eu magna vulputate luctus.', 5, '2023-12-11', '16:41:25', 'Integer tincidunt ante vel ipsum.', '2023-08-29', 'Penal', 'Quisque arcu libero, rutrum ac, lobortis vel, dapibus at, diam.');
insert into agendamento (cod_agendamento, FK_cod_estagiario, FK_oab_adv, prazo_judicial, motivo_consulta, num_autos, data_atendimento, hora_atendimento, identificacao_adv_registrada, data_inscricao, area_direito, tipo_orientacao) values (35, 35, 'SP/100035', '3 meses', 'Lorem ipsum dolor sit amet, consectetuer adipiscing elit.', 20, '2023-11-19', '20:12:51', 'Donec quis orci eget orci vehicula condimentum.', '2024-07-06', 'Previdenciário', 'Proin leo odio, porttitor id, consequat in, consequat ut, nulla.');
insert into agendamento (cod_agendamento, FK_cod_estagiario, FK_oab_adv, prazo_judicial, motivo_consulta, num_autos, data_atendimento, hora_atendimento, identificacao_adv_registrada, data_inscricao, area_direito, tipo_orientacao) values (36, 36, 'SP/100036', '3 meses', 'Nulla tempus.', 14, '2024-03-21', '6:40:19', 'Etiam faucibus cursus urna.', '2023-11-19', 'Trabalhista', 'Donec quis orci eget orci vehicula condimentum.');
insert into agendamento (cod_agendamento, FK_cod_estagiario, FK_oab_adv, prazo_judicial, motivo_consulta, num_autos, data_atendimento, hora_atendimento, identificacao_adv_registrada, data_inscricao, area_direito, tipo_orientacao) values (37, 37, 'SP/100037', '1 mês', 'Mauris enim leo, rhoncus sed, vestibulum sit amet, cursus id, turpis.', 15, '2024-08-13', '10:03:04', 'In eleifend quam a odio.', '2024-01-16', 'Cível', 'Quisque erat eros, viverra eget, congue eget, semper rutrum, nulla.');
insert into agendamento (cod_agendamento, FK_cod_estagiario, FK_oab_adv, prazo_judicial, motivo_consulta, num_autos, data_atendimento, hora_atendimento, identificacao_adv_registrada, data_inscricao, area_direito, tipo_orientacao) values (38, 38, 'SP/100038', '5 meses', 'Cras pellentesque volutpat dui.', 3, '2024-04-25', '4:32:06', 'Nam congue, risus semper porta volutpat, quam pede lobortis ligula, sit amet eleifend pede libero quis orci.', '2024-06-16', 'Penal', 'Morbi ut odio.');
insert into agendamento (cod_agendamento, FK_cod_estagiario, FK_oab_adv, prazo_judicial, motivo_consulta, num_autos, data_atendimento, hora_atendimento, identificacao_adv_registrada, data_inscricao, area_direito, tipo_orientacao) values (39, 39, 'SP/100039', '3 meses', 'Vivamus vestibulum sagittis sapien.', 10, '2023-11-17', '12:01:07', 'Cum sociis natoque penatibus et magnis dis parturient montes, nascetur ridiculus mus.', '2023-10-19', 'Outro', 'Vestibulum sed magna at nunc commodo placerat.');
insert into agendamento (cod_agendamento, FK_cod_estagiario, FK_oab_adv, prazo_judicial, motivo_consulta, num_autos, data_atendimento, hora_atendimento, identificacao_adv_registrada, data_inscricao, area_direito, tipo_orientacao) values (40, 40, 'SP/100040', '4 meses', 'Nullam molestie nibh in lectus.', 5, '2024-05-28', '1:13:58', 'Cum sociis natoque penatibus et magnis dis parturient montes, nascetur ridiculus mus.', '2024-05-19', 'Penal', 'Suspendisse potenti.');
insert into agendamento (cod_agendamento, FK_cod_estagiario, FK_oab_adv, prazo_judicial, motivo_consulta, num_autos, data_atendimento, hora_atendimento, identificacao_adv_registrada, data_inscricao, area_direito, tipo_orientacao) values (41, 41, 'SP/100041', '5 meses', 'Quisque erat eros, viverra eget, congue eget, semper rutrum, nulla.', 12, '2023-11-20', '5:17:50', 'Quisque porta volutpat erat.', '2024-02-10', 'Família e Sucessões', 'Pellentesque eget nunc.');
insert into agendamento (cod_agendamento, FK_cod_estagiario, FK_oab_adv, prazo_judicial, motivo_consulta, num_autos, data_atendimento, hora_atendimento, identificacao_adv_registrada, data_inscricao, area_direito, tipo_orientacao) values (42, 42, 'SP/100042', '4 meses', 'Nulla justo.', 20, '2024-04-17', '23:41:58', 'Sed sagittis.', '2023-10-13', 'Família e Sucessões', 'Vestibulum rutrum rutrum neque.');
insert into agendamento (cod_agendamento, FK_cod_estagiario, FK_oab_adv, prazo_judicial, motivo_consulta, num_autos, data_atendimento, hora_atendimento, identificacao_adv_registrada, data_inscricao, area_direito, tipo_orientacao) values (43, 43, 'SP/100043', '4 meses', 'Cras non velit nec nisi vulputate nonummy.', 19, '2024-01-17', '8:52:59', 'Praesent id massa id nisl venenatis lacinia.', '2024-06-14', 'Outro', 'Praesent blandit.');
insert into agendamento (cod_agendamento, FK_cod_estagiario, FK_oab_adv, prazo_judicial, motivo_consulta, num_autos, data_atendimento, hora_atendimento, identificacao_adv_registrada, data_inscricao, area_direito, tipo_orientacao) values (44, 44, 'SP/100044', '3 meses', 'Etiam pretium iaculis justo.', 16, '2023-12-06', '1:44:55', 'Morbi a ipsum.', '2024-08-03', 'Trabalhista', 'Donec ut dolor.');
insert into agendamento (cod_agendamento, FK_cod_estagiario, FK_oab_adv, prazo_judicial, motivo_consulta, num_autos, data_atendimento, hora_atendimento, identificacao_adv_registrada, data_inscricao, area_direito, tipo_orientacao) values (45, 45, 'SP/100045', '4 meses', 'Integer non velit.', 4, '2024-07-12', '15:02:12', 'Fusce posuere felis sed lacus.', '2024-01-27', 'Previdenciário', 'Quisque arcu libero, rutrum ac, lobortis vel, dapibus at, diam.');
insert into agendamento (cod_agendamento, FK_cod_estagiario, FK_oab_adv, prazo_judicial, motivo_consulta, num_autos, data_atendimento, hora_atendimento, identificacao_adv_registrada, data_inscricao, area_direito, tipo_orientacao) values (46, 46, 'SP/100046', '1 mês', 'Vestibulum ac est lacinia nisi venenatis tristique.', 14, '2023-10-11', '20:59:52', 'Maecenas leo odio, condimentum id, luctus nec, molestie sed, justo.', '2023-10-17', 'Previdenciário', 'Vestibulum ac est lacinia nisi venenatis tristique.');
insert into agendamento (cod_agendamento, FK_cod_estagiario, FK_oab_adv, prazo_judicial, motivo_consulta, num_autos, data_atendimento, hora_atendimento, identificacao_adv_registrada, data_inscricao, area_direito, tipo_orientacao) values (47, 47, 'SP/100047', '2 meses', 'Morbi vel lectus in quam fringilla rhoncus.', 11, '2024-03-02', '3:48:23', 'Integer pede justo, lacinia eget, tincidunt eget, tempus vel, pede.', '2024-07-30', 'Previdenciário', 'Pellentesque at nulla.');
insert into agendamento (cod_agendamento, FK_cod_estagiario, FK_oab_adv, prazo_judicial, motivo_consulta, num_autos, data_atendimento, hora_atendimento, identificacao_adv_registrada, data_inscricao, area_direito, tipo_orientacao) values (48, 48, 'SP/100048', '3 meses', 'Nulla nisl.', 6, '2024-05-19', '16:37:05', 'Etiam faucibus cursus urna.', '2023-10-15', 'Trabalhista', 'Cras pellentesque volutpat dui.');
insert into agendamento (cod_agendamento, FK_cod_estagiario, FK_oab_adv, prazo_judicial, motivo_consulta, num_autos, data_atendimento, hora_atendimento, identificacao_adv_registrada, data_inscricao, area_direito, tipo_orientacao) values (49, 49, 'SP/100049', '1 mês', 'Vivamus in felis eu sapien cursus vestibulum.', 15, '2024-01-26', '15:42:22', 'Morbi vel lectus in quam fringilla rhoncus.', '2023-10-21', 'Cível', 'Donec diam neque, vestibulum eget, vulputate ut, ultrices vel, augue.');
insert into agendamento (cod_agendamento, FK_cod_estagiario, FK_oab_adv, prazo_judicial, motivo_consulta, num_autos, data_atendimento, hora_atendimento, identificacao_adv_registrada, data_inscricao, area_direito, tipo_orientacao) values (50, 50, 'SP/100050', '3 meses', 'Duis at velit eu est congue elementum.', 14, '2024-01-05', '8:06:03', 'Praesent blandit lacinia erat.', '2024-08-11', 'Penal', 'Phasellus in felis.');
insert into agendamento (cod_agendamento, FK_cod_estagiario, FK_oab_adv, prazo_judicial, motivo_consulta, num_autos, data_atendimento, hora_atendimento, identificacao_adv_registrada, data_inscricao, area_direito, tipo_orientacao) values (51, 51, 'SP/100051', '1 mês', 'Cras mi pede, malesuada in, imperdiet et, commodo vulputate, justo.', 9, '2023-09-13', '15:16:35', 'Praesent blandit.', '2023-11-27', 'Cível', 'Vestibulum ante ipsum primis in faucibus orci luctus et ultrices posuere cubilia Curae; Donec pharetra, magna vestibulum aliquet ultrices, erat tortor sollicitudin mi, sit amet lobortis sapien sapien non mi.');
insert into agendamento (cod_agendamento, FK_cod_estagiario, FK_oab_adv, prazo_judicial, motivo_consulta, num_autos, data_atendimento, hora_atendimento, identificacao_adv_registrada, data_inscricao, area_direito, tipo_orientacao) values (52, 52, 'SP/100052', '1 mês', 'Nullam porttitor lacus at turpis.', 11, '2024-06-19', '16:19:56', 'Maecenas pulvinar lobortis est.', '2024-04-01', 'Outro', 'Quisque ut erat.');
insert into agendamento (cod_agendamento, FK_cod_estagiario, FK_oab_adv, prazo_judicial, motivo_consulta, num_autos, data_atendimento, hora_atendimento, identificacao_adv_registrada, data_inscricao, area_direito, tipo_orientacao) values (53, 53, 'SP/100053', '2 meses', 'Duis consequat dui nec nisi volutpat eleifend.', 20, '2023-12-27', '3:30:22', 'Donec posuere metus vitae ipsum.', '2023-11-28', 'Previdenciário', 'Nullam molestie nibh in lectus.');
insert into agendamento (cod_agendamento, FK_cod_estagiario, FK_oab_adv, prazo_judicial, motivo_consulta, num_autos, data_atendimento, hora_atendimento, identificacao_adv_registrada, data_inscricao, area_direito, tipo_orientacao) values (54, 54, 'SP/100054', '4 meses', 'Fusce lacus purus, aliquet at, feugiat non, pretium quis, lectus.', 14, '2023-11-04', '13:46:44', 'Maecenas tristique, est et tempus semper, est quam pharetra magna, ac consequat metus sapien ut nunc.', '2023-10-16', 'Família e Sucessões', 'Etiam pretium iaculis justo.');
insert into agendamento (cod_agendamento, FK_cod_estagiario, FK_oab_adv, prazo_judicial, motivo_consulta, num_autos, data_atendimento, hora_atendimento, identificacao_adv_registrada, data_inscricao, area_direito, tipo_orientacao) values (55, 55, 'SP/100055', '5 meses', 'Morbi quis tortor id nulla ultrices aliquet.', 16, '2023-09-06', '21:09:13', 'Nulla mollis molestie lorem.', '2023-10-27', 'Outro', 'Fusce posuere felis sed lacus.');
insert into agendamento (cod_agendamento, FK_cod_estagiario, FK_oab_adv, prazo_judicial, motivo_consulta, num_autos, data_atendimento, hora_atendimento, identificacao_adv_registrada, data_inscricao, area_direito, tipo_orientacao) values (56, 56, 'SP/100056', '4 meses', 'Donec diam neque, vestibulum eget, vulputate ut, ultrices vel, augue.', 15, '2024-08-08', '10:16:19', 'Curabitur at ipsum ac tellus semper interdum.', '2024-05-03', 'Outro', 'Quisque arcu libero, rutrum ac, lobortis vel, dapibus at, diam.');
insert into agendamento (cod_agendamento, FK_cod_estagiario, FK_oab_adv, prazo_judicial, motivo_consulta, num_autos, data_atendimento, hora_atendimento, identificacao_adv_registrada, data_inscricao, area_direito, tipo_orientacao) values (57, 57, 'SP/100057', '5 meses', 'Proin interdum mauris non ligula pellentesque ultrices.', 3, '2023-10-13', '19:01:21', 'In hac habitasse platea dictumst.', '2023-11-22', 'Família e Sucessões', 'Cras mi pede, malesuada in, imperdiet et, commodo vulputate, justo.');
insert into agendamento (cod_agendamento, FK_cod_estagiario, FK_oab_adv, prazo_judicial, motivo_consulta, num_autos, data_atendimento, hora_atendimento, identificacao_adv_registrada, data_inscricao, area_direito, tipo_orientacao) values (58, 58, 'SP/100058', '4 meses', 'Vestibulum ante ipsum primis in faucibus orci luctus et ultrices posuere cubilia Curae; Nulla dapibus dolor vel est.', 16, '2024-05-20', '7:36:10', 'Duis ac nibh.', '2024-01-31', 'Penal', 'Duis bibendum, felis sed interdum venenatis, turpis enim blandit mi, in porttitor pede justo eu massa.');
insert into agendamento (cod_agendamento, FK_cod_estagiario, FK_oab_adv, prazo_judicial, motivo_consulta, num_autos, data_atendimento, hora_atendimento, identificacao_adv_registrada, data_inscricao, area_direito, tipo_orientacao) values (59, 59, 'SP/100059', '1 mês', 'Morbi quis tortor id nulla ultrices aliquet.', 3, '2024-04-07', '4:10:23', 'Cum sociis natoque penatibus et magnis dis parturient montes, nascetur ridiculus mus.', '2024-07-12', 'Previdenciário', 'Morbi quis tortor id nulla ultrices aliquet.');
insert into agendamento (cod_agendamento, FK_cod_estagiario, FK_oab_adv, prazo_judicial, motivo_consulta, num_autos, data_atendimento, hora_atendimento, identificacao_adv_registrada, data_inscricao, area_direito, tipo_orientacao) values (60, 60, 'SP/100060', '5 meses', 'Maecenas ut massa quis augue luctus tincidunt.', 11, '2023-11-18', '7:16:39', 'Vestibulum ac est lacinia nisi venenatis tristique.', '2024-02-06', 'Cível', 'Aenean fermentum.');
insert into agendamento (cod_agendamento, FK_cod_estagiario, FK_oab_adv, prazo_judicial, motivo_consulta, num_autos, data_atendimento, hora_atendimento, identificacao_adv_registrada, data_inscricao, area_direito, tipo_orientacao) values (61, 61, 'SP/100061', '4 meses', 'Maecenas tincidunt lacus at velit.', 16, '2024-03-12', '18:52:16', 'Vivamus metus arcu, adipiscing molestie, hendrerit at, vulputate vitae, nisl.', '2023-08-29', 'Família e Sucessões', 'Sed accumsan felis.');
insert into agendamento (cod_agendamento, FK_cod_estagiario, FK_oab_adv, prazo_judicial, motivo_consulta, num_autos, data_atendimento, hora_atendimento, identificacao_adv_registrada, data_inscricao, area_direito, tipo_orientacao) values (62, 62, 'SP/100062', '1 mês', 'Nullam orci pede, venenatis non, sodales sed, tincidunt eu, felis.', 9, '2024-08-06', '1:29:26', 'Praesent blandit lacinia erat.', '2023-10-02', 'Outro', 'Vivamus tortor.');
insert into agendamento (cod_agendamento, FK_cod_estagiario, FK_oab_adv, prazo_judicial, motivo_consulta, num_autos, data_atendimento, hora_atendimento, identificacao_adv_registrada, data_inscricao, area_direito, tipo_orientacao) values (63, 63, 'SP/100063', '2 meses', 'Vivamus in felis eu sapien cursus vestibulum.', 4, '2023-08-31', '5:08:21', 'Suspendisse accumsan tortor quis turpis.', '2023-12-25', 'Trabalhista', 'Nullam varius.');
insert into agendamento (cod_agendamento, FK_cod_estagiario, FK_oab_adv, prazo_judicial, motivo_consulta, num_autos, data_atendimento, hora_atendimento, identificacao_adv_registrada, data_inscricao, area_direito, tipo_orientacao) values (64, 64, 'SP/100064', '2 meses', 'Duis aliquam convallis nunc.', 18, '2024-07-30', '19:49:59', 'Curabitur in libero ut massa volutpat convallis.', '2023-08-31', 'Família e Sucessões', 'Vivamus tortor.');
insert into agendamento (cod_agendamento, FK_cod_estagiario, FK_oab_adv, prazo_judicial, motivo_consulta, num_autos, data_atendimento, hora_atendimento, identificacao_adv_registrada, data_inscricao, area_direito, tipo_orientacao) values (65, 65, 'SP/100065', '2 meses', 'Etiam faucibus cursus urna.', 5, '2024-03-22', '23:17:37', 'Ut at dolor quis odio consequat varius.', '2023-10-02', 'Outro', 'In congue.');
insert into agendamento (cod_agendamento, FK_cod_estagiario, FK_oab_adv, prazo_judicial, motivo_consulta, num_autos, data_atendimento, hora_atendimento, identificacao_adv_registrada, data_inscricao, area_direito, tipo_orientacao) values (66, 66, 'SP/100066', '2 meses', 'Integer ac neque.', 13, '2023-12-28', '23:48:21', 'Vestibulum ante ipsum primis in faucibus orci luctus et ultrices posuere cubilia Curae; Nulla dapibus dolor vel est.', '2023-10-18', 'Cível', 'Proin interdum mauris non ligula pellentesque ultrices.');
insert into agendamento (cod_agendamento, FK_cod_estagiario, FK_oab_adv, prazo_judicial, motivo_consulta, num_autos, data_atendimento, hora_atendimento, identificacao_adv_registrada, data_inscricao, area_direito, tipo_orientacao) values (67, 67, 'SP/100067', '5 meses', 'Nam congue, risus semper porta volutpat, quam pede lobortis ligula, sit amet eleifend pede libero quis orci.', 18, '2024-04-12', '8:47:15', 'Aenean lectus.', '2024-03-28', 'Penal', 'Proin eu mi.');
insert into agendamento (cod_agendamento, FK_cod_estagiario, FK_oab_adv, prazo_judicial, motivo_consulta, num_autos, data_atendimento, hora_atendimento, identificacao_adv_registrada, data_inscricao, area_direito, tipo_orientacao) values (68, 68, 'SP/100068', '4 meses', 'In hac habitasse platea dictumst.', 9, '2023-11-09', '6:21:00', 'Nulla mollis molestie lorem.', '2024-04-07', 'Cível', 'Nulla ut erat id mauris vulputate elementum.');
insert into agendamento (cod_agendamento, FK_cod_estagiario, FK_oab_adv, prazo_judicial, motivo_consulta, num_autos, data_atendimento, hora_atendimento, identificacao_adv_registrada, data_inscricao, area_direito, tipo_orientacao) values (69, 69, 'SP/100069', '3 meses', 'In quis justo.', 6, '2023-11-07', '11:10:06', 'Morbi non lectus.', '2024-08-09', 'Trabalhista', 'Duis consequat dui nec nisi volutpat eleifend.');
insert into agendamento (cod_agendamento, FK_cod_estagiario, FK_oab_adv, prazo_judicial, motivo_consulta, num_autos, data_atendimento, hora_atendimento, identificacao_adv_registrada, data_inscricao, area_direito, tipo_orientacao) values (70, 70, 'SP/100070', '3 meses', 'Morbi sem mauris, laoreet ut, rhoncus aliquet, pulvinar sed, nisl.', 17, '2023-12-19', '22:56:55', 'Etiam faucibus cursus urna.', '2024-08-24', 'Cível', 'Vestibulum sed magna at nunc commodo placerat.');
insert into agendamento (cod_agendamento, FK_cod_estagiario, FK_oab_adv, prazo_judicial, motivo_consulta, num_autos, data_atendimento, hora_atendimento, identificacao_adv_registrada, data_inscricao, area_direito, tipo_orientacao) values (71, 71, 'SP/100071', '3 meses', 'In congue.', 13, '2023-12-02', '20:38:36', 'Integer non velit.', '2024-05-31', 'Outro', 'Fusce congue, diam id ornare imperdiet, sapien urna pretium nisl, ut volutpat sapien arcu sed augue.');
insert into agendamento (cod_agendamento, FK_cod_estagiario, FK_oab_adv, prazo_judicial, motivo_consulta, num_autos, data_atendimento, hora_atendimento, identificacao_adv_registrada, data_inscricao, area_direito, tipo_orientacao) values (72, 72, 'SP/100072', '5 meses', 'Integer ac leo.', 6, '2024-01-13', '19:50:03', 'Donec posuere metus vitae ipsum.', '2023-12-04', 'Cível', 'Sed accumsan felis.');
insert into agendamento (cod_agendamento, FK_cod_estagiario, FK_oab_adv, prazo_judicial, motivo_consulta, num_autos, data_atendimento, hora_atendimento, identificacao_adv_registrada, data_inscricao, area_direito, tipo_orientacao) values (73, 73, 'SP/100073', '3 meses', 'Nulla ut erat id mauris vulputate elementum.', 17, '2024-05-31', '14:12:10', 'Suspendisse accumsan tortor quis turpis.', '2023-11-15', 'Trabalhista', 'Curabitur in libero ut massa volutpat convallis.');
insert into agendamento (cod_agendamento, FK_cod_estagiario, FK_oab_adv, prazo_judicial, motivo_consulta, num_autos, data_atendimento, hora_atendimento, identificacao_adv_registrada, data_inscricao, area_direito, tipo_orientacao) values (74, 74, 'SP/100074', '2 meses', 'Nulla ac enim.', 13, '2024-05-04', '17:34:04', 'Morbi vel lectus in quam fringilla rhoncus.', '2024-04-01', 'Cível', 'Donec dapibus.');
insert into agendamento (cod_agendamento, FK_cod_estagiario, FK_oab_adv, prazo_judicial, motivo_consulta, num_autos, data_atendimento, hora_atendimento, identificacao_adv_registrada, data_inscricao, area_direito, tipo_orientacao) values (75, 75, 'SP/100075', '3 meses', 'In hac habitasse platea dictumst.', 11, '2024-06-16', '4:01:51', 'Nam tristique tortor eu pede.', '2024-03-08', 'Cível', 'Quisque arcu libero, rutrum ac, lobortis vel, dapibus at, diam.');
insert into agendamento (cod_agendamento, FK_cod_estagiario, FK_oab_adv, prazo_judicial, motivo_consulta, num_autos, data_atendimento, hora_atendimento, identificacao_adv_registrada, data_inscricao, area_direito, tipo_orientacao) values (76, 76, 'SP/100076', '1 mês', 'Etiam pretium iaculis justo.', 5, '2023-09-20', '20:45:18', 'Duis ac nibh.', '2023-09-04', 'Penal', 'Quisque erat eros, viverra eget, congue eget, semper rutrum, nulla.');
insert into agendamento (cod_agendamento, FK_cod_estagiario, FK_oab_adv, prazo_judicial, motivo_consulta, num_autos, data_atendimento, hora_atendimento, identificacao_adv_registrada, data_inscricao, area_direito, tipo_orientacao) values (77, 77, 'SP/100077', '4 meses', 'Vestibulum rutrum rutrum neque.', 5, '2024-03-09', '1:21:40', 'Proin interdum mauris non ligula pellentesque ultrices.', '2023-10-03', 'Trabalhista', 'Maecenas tincidunt lacus at velit.');
insert into agendamento (cod_agendamento, FK_cod_estagiario, FK_oab_adv, prazo_judicial, motivo_consulta, num_autos, data_atendimento, hora_atendimento, identificacao_adv_registrada, data_inscricao, area_direito, tipo_orientacao) values (78, 78, 'SP/100078', '5 meses', 'Nullam porttitor lacus at turpis.', 18, '2024-02-23', '20:43:09', 'Nunc purus.', '2024-06-05', 'Família e Sucessões', 'Aliquam augue quam, sollicitudin vitae, consectetuer eget, rutrum at, lorem.');
insert into agendamento (cod_agendamento, FK_cod_estagiario, FK_oab_adv, prazo_judicial, motivo_consulta, num_autos, data_atendimento, hora_atendimento, identificacao_adv_registrada, data_inscricao, area_direito, tipo_orientacao) values (79, 79, 'SP/100079', '1 mês', 'Nulla tellus.', 2, '2024-02-23', '6:21:06', 'Maecenas tincidunt lacus at velit.', '2023-11-11', 'Cível', 'Mauris lacinia sapien quis libero.');
insert into agendamento (cod_agendamento, FK_cod_estagiario, FK_oab_adv, prazo_judicial, motivo_consulta, num_autos, data_atendimento, hora_atendimento, identificacao_adv_registrada, data_inscricao, area_direito, tipo_orientacao) values (80, 80, 'SP/100080', '5 meses', 'Quisque id justo sit amet sapien dignissim vestibulum.', 10, '2023-10-25', '6:26:36', 'Fusce lacus purus, aliquet at, feugiat non, pretium quis, lectus.', '2023-09-24', 'Família e Sucessões', 'Nullam varius.');
insert into agendamento (cod_agendamento, FK_cod_estagiario, FK_oab_adv, prazo_judicial, motivo_consulta, num_autos, data_atendimento, hora_atendimento, identificacao_adv_registrada, data_inscricao, area_direito, tipo_orientacao) values (81, 81, 'SP/100081', '3 meses', 'Proin eu mi.', 20, '2023-09-05', '11:27:01', 'Nulla nisl.', '2024-07-12', 'Cível', 'Aenean sit amet justo.');
insert into agendamento (cod_agendamento, FK_cod_estagiario, FK_oab_adv, prazo_judicial, motivo_consulta, num_autos, data_atendimento, hora_atendimento, identificacao_adv_registrada, data_inscricao, area_direito, tipo_orientacao) values (82, 82, 'SP/100082', '2 meses', 'Integer ac neque.', 8, '2024-05-15', '9:51:30', 'Praesent blandit.', '2023-10-25', 'Cível', 'Integer pede justo, lacinia eget, tincidunt eget, tempus vel, pede.');
insert into agendamento (cod_agendamento, FK_cod_estagiario, FK_oab_adv, prazo_judicial, motivo_consulta, num_autos, data_atendimento, hora_atendimento, identificacao_adv_registrada, data_inscricao, area_direito, tipo_orientacao) values (83, 83, 'SP/100083', '2 meses', 'Nam ultrices, libero non mattis pulvinar, nulla pede ullamcorper augue, a suscipit nulla elit ac nulla.', 18, '2023-11-08', '1:34:55', 'Fusce posuere felis sed lacus.', '2024-06-30', 'Família e Sucessões', 'Phasellus sit amet erat.');
insert into agendamento (cod_agendamento, FK_cod_estagiario, FK_oab_adv, prazo_judicial, motivo_consulta, num_autos, data_atendimento, hora_atendimento, identificacao_adv_registrada, data_inscricao, area_direito, tipo_orientacao) values (84, 84, 'SP/100084', '1 mês', 'Nulla ac enim.', 8, '2024-03-31', '21:00:24', 'Pellentesque ultrices mattis odio.', '2024-02-28', 'Outro', 'Nulla ut erat id mauris vulputate elementum.');
insert into agendamento (cod_agendamento, FK_cod_estagiario, FK_oab_adv, prazo_judicial, motivo_consulta, num_autos, data_atendimento, hora_atendimento, identificacao_adv_registrada, data_inscricao, area_direito, tipo_orientacao) values (85, 85, 'SP/100085', '5 meses', 'Integer non velit.', 5, '2024-02-20', '12:23:52', 'Praesent lectus.', '2023-12-15', 'Outro', 'Duis mattis egestas metus.');
insert into agendamento (cod_agendamento, FK_cod_estagiario, FK_oab_adv, prazo_judicial, motivo_consulta, num_autos, data_atendimento, hora_atendimento, identificacao_adv_registrada, data_inscricao, area_direito, tipo_orientacao) values (86, 86, 'SP/100086', '2 meses', 'Nullam varius.', 2, '2024-07-27', '3:32:34', 'Quisque erat eros, viverra eget, congue eget, semper rutrum, nulla.', '2024-06-15', 'Penal', 'Donec odio justo, sollicitudin ut, suscipit a, feugiat et, eros.');
insert into agendamento (cod_agendamento, FK_cod_estagiario, FK_oab_adv, prazo_judicial, motivo_consulta, num_autos, data_atendimento, hora_atendimento, identificacao_adv_registrada, data_inscricao, area_direito, tipo_orientacao) values (87, 87, 'SP/100087', '4 meses', 'Aliquam sit amet diam in magna bibendum imperdiet.', 1, '2023-12-14', '4:08:53', 'Fusce congue, diam id ornare imperdiet, sapien urna pretium nisl, ut volutpat sapien arcu sed augue.', '2023-10-09', 'Cível', 'Nulla tellus.');
insert into agendamento (cod_agendamento, FK_cod_estagiario, FK_oab_adv, prazo_judicial, motivo_consulta, num_autos, data_atendimento, hora_atendimento, identificacao_adv_registrada, data_inscricao, area_direito, tipo_orientacao) values (88, 88, 'SP/100088', '4 meses', 'Vestibulum ante ipsum primis in faucibus orci luctus et ultrices posuere cubilia Curae; Nulla dapibus dolor vel est.', 15, '2024-07-31', '12:02:04', 'Praesent id massa id nisl venenatis lacinia.', '2024-05-01', 'Outro', 'In blandit ultrices enim.');
insert into agendamento (cod_agendamento, FK_cod_estagiario, FK_oab_adv, prazo_judicial, motivo_consulta, num_autos, data_atendimento, hora_atendimento, identificacao_adv_registrada, data_inscricao, area_direito, tipo_orientacao) values (89, 89, 'SP/100089', '4 meses', 'Suspendisse ornare consequat lectus.', 2, '2024-05-20', '1:57:12', 'Vivamus in felis eu sapien cursus vestibulum.', '2023-10-01', 'Trabalhista', 'Duis consequat dui nec nisi volutpat eleifend.');
insert into agendamento (cod_agendamento, FK_cod_estagiario, FK_oab_adv, prazo_judicial, motivo_consulta, num_autos, data_atendimento, hora_atendimento, identificacao_adv_registrada, data_inscricao, area_direito, tipo_orientacao) values (90, 90, 'SP/100090', '2 meses', 'Duis consequat dui nec nisi volutpat eleifend.', 9, '2023-10-14', '5:09:21', 'Vestibulum ante ipsum primis in faucibus orci luctus et ultrices posuere cubilia Curae; Nulla dapibus dolor vel est.', '2024-05-01', 'Trabalhista', 'Duis bibendum.');
insert into agendamento (cod_agendamento, FK_cod_estagiario, FK_oab_adv, prazo_judicial, motivo_consulta, num_autos, data_atendimento, hora_atendimento, identificacao_adv_registrada, data_inscricao, area_direito, tipo_orientacao) values (91, 91, 'SP/100091', '4 meses', 'Fusce congue, diam id ornare imperdiet, sapien urna pretium nisl, ut volutpat sapien arcu sed augue.', 11, '2024-08-13', '3:57:09', 'Integer tincidunt ante vel ipsum.', '2024-05-16', 'Família e Sucessões', 'Cras pellentesque volutpat dui.');
insert into agendamento (cod_agendamento, FK_cod_estagiario, FK_oab_adv, prazo_judicial, motivo_consulta, num_autos, data_atendimento, hora_atendimento, identificacao_adv_registrada, data_inscricao, area_direito, tipo_orientacao) values (92, 92, 'SP/100092', '4 meses', 'Nulla ac enim.', 10, '2024-05-25', '19:22:30', 'Nulla nisl.', '2024-02-16', 'Família e Sucessões', 'Donec odio justo, sollicitudin ut, suscipit a, feugiat et, eros.');
insert into agendamento (cod_agendamento, FK_cod_estagiario, FK_oab_adv, prazo_judicial, motivo_consulta, num_autos, data_atendimento, hora_atendimento, identificacao_adv_registrada, data_inscricao, area_direito, tipo_orientacao) values (93, 93, 'SP/100093', '5 meses', 'Praesent id massa id nisl venenatis lacinia.', 9, '2024-01-16', '14:21:01', 'Sed accumsan felis.', '2023-09-12', 'Previdenciário', 'Donec ut mauris eget massa tempor convallis.');
insert into agendamento (cod_agendamento, FK_cod_estagiario, FK_oab_adv, prazo_judicial, motivo_consulta, num_autos, data_atendimento, hora_atendimento, identificacao_adv_registrada, data_inscricao, area_direito, tipo_orientacao) values (94, 94, 'SP/100094', '3 meses', 'Pellentesque eget nunc.', 9, '2024-06-22', '15:02:11', 'Aenean lectus.', '2024-07-27', 'Outro', 'Morbi non lectus.');
insert into agendamento (cod_agendamento, FK_cod_estagiario, FK_oab_adv, prazo_judicial, motivo_consulta, num_autos, data_atendimento, hora_atendimento, identificacao_adv_registrada, data_inscricao, area_direito, tipo_orientacao) values (95, 95, 'SP/100095', '3 meses', 'Nulla neque libero, convallis eget, eleifend luctus, ultricies eu, nibh.', 20, '2024-05-26', '14:59:58', 'Morbi a ipsum.', '2023-11-27', 'Trabalhista', 'Etiam pretium iaculis justo.');
insert into agendamento (cod_agendamento, FK_cod_estagiario, FK_oab_adv, prazo_judicial, motivo_consulta, num_autos, data_atendimento, hora_atendimento, identificacao_adv_registrada, data_inscricao, area_direito, tipo_orientacao) values (96, 96, 'SP/100096', '2 meses', 'In eleifend quam a odio.', 12, '2024-04-04', '20:44:53', 'Duis aliquam convallis nunc.', '2023-08-28', 'Previdenciário', 'Nulla suscipit ligula in lacus.');
insert into agendamento (cod_agendamento, FK_cod_estagiario, FK_oab_adv, prazo_judicial, motivo_consulta, num_autos, data_atendimento, hora_atendimento, identificacao_adv_registrada, data_inscricao, area_direito, tipo_orientacao) values (97, 97, 'SP/100097', '4 meses', 'Morbi a ipsum.', 12, '2024-05-18', '3:09:06', 'Integer ac neque.', '2024-07-29', 'Outro', 'Cum sociis natoque penatibus et magnis dis parturient montes, nascetur ridiculus mus.');
insert into agendamento (cod_agendamento, FK_cod_estagiario, FK_oab_adv, prazo_judicial, motivo_consulta, num_autos, data_atendimento, hora_atendimento, identificacao_adv_registrada, data_inscricao, area_direito, tipo_orientacao) values (98, 98, 'SP/100098', '5 meses', 'Donec odio justo, sollicitudin ut, suscipit a, feugiat et, eros.', 4, '2023-08-28', '13:27:37', 'In quis justo.', '2024-08-07', 'Penal', 'Phasellus in felis.');
insert into agendamento (cod_agendamento, FK_cod_estagiario, FK_oab_adv, prazo_judicial, motivo_consulta, num_autos, data_atendimento, hora_atendimento, identificacao_adv_registrada, data_inscricao, area_direito, tipo_orientacao) values (99, 99, 'SP/100099', '2 meses', 'Vestibulum sed magna at nunc commodo placerat.', 12, '2024-03-21', '7:20:51', 'Sed vel enim sit amet nunc viverra dapibus.', '2023-12-03', 'Cível', 'Praesent id massa id nisl venenatis lacinia.');
insert into agendamento (cod_agendamento, FK_cod_estagiario, FK_oab_adv, prazo_judicial, motivo_consulta, num_autos, data_atendimento, hora_atendimento, identificacao_adv_registrada, data_inscricao, area_direito, tipo_orientacao) values (100, 100, 'SP/100100', '5 meses', 'Curabitur in libero ut massa volutpat convallis.', 3, '2024-05-17', '14:44:26', 'Nullam molestie nibh in lectus.', '2024-08-24', 'Previdenciário', 'Proin interdum mauris non ligula pellentesque ultrices.');

-- SELECIONANDO TODAS AS TABELAS
SELECT * FROM advogado;
SELECT * FROM agendamento;
SELECT * FROM disponibilidade_adv;
SELECT * FROM email_adv;
SELECT * FROM email_estagiario;
SELECT * FROM email_pessoa;
SELECT * FROM endereco_pessoa;
SELECT * FROM estagiario;
SELECT * FROM pessoa;
SELECT * FROM processo;
SELECT * FROM tel_adv;
SELECT * FROM tel_estagiario;
SELECT * FROM tel_pessoa;

-- ALIMENTANDO AS TABELAS OPCIONAIS
-- SELECIONANDO AS PESSOAS QUE TEM FILHOS E COLOCANDO COMO SE TODAS TIVESSEM 2 FILHOS (DEPOIS EU MUDEI MANUALMENTE)
-- COLOQUEI UM VALOR ESPECIFICO PARA TODAS AS TABELAS E DEPOIS MUDEI MANUALMENTE
SELECT cpf_pessoa FROM pessoa WHERE tem_filhos = true;
INSERT INTO filhos (FK_cpf_pessoa, quantos_filhos)
SELECT cpf_pessoa, 2
FROM pessoa
WHERE tem_filhos = true;

INSERT INTO beneficio (FK_cpf_pessoa, valor_beneficio)
SELECT cpf_pessoa, 700.00
FROM pessoa 
WHERE possui_beneficio = true;

INSERT INTO renda (FK_cpf_pessoa, valor_renda)
SELECT cpf_pessoa, 1700.00
FROM pessoa 
WHERE possui_renda = true;

INSERT INTO tratamento (FK_cpf_pessoa, valor_tratamento)
SELECT cpf_pessoa, 5000.00
FROM pessoa 
WHERE fez_tratamento = true;

INSERT INTO investimento (FK_cpf_pessoa, valor_investimento)
SELECT cpf_pessoa, 10000.00
FROM pessoa 
WHERE possui_investimento = true;

INSERT INTO casa (FK_cpf_pessoa, valor_casa)
SELECT cpf_pessoa, 400000.00
FROM pessoa 
WHERE possui_casa_propria = true;

INSERT INTO apto (FK_cpf_pessoa, valor_apto)
SELECT cpf_pessoa, 300000.00
FROM pessoa 
WHERE possui_apto = true;

INSERT INTO terreno (FK_cpf_pessoa, valor_terreno)
SELECT cpf_pessoa, 150000.00
FROM pessoa 
WHERE possui_terreno = true;

INSERT INTO imovel_comercial (FK_cpf_pessoa, valor_imovel_comercial)
SELECT cpf_pessoa, 150000.00
FROM pessoa 
WHERE possui_imovel_comercial = true;

INSERT INTO automovel (FK_cpf_pessoa, valor_automovel)
SELECT cpf_pessoa, 50000.00
FROM pessoa 
WHERE possui_automovel = true;

-- SELECIONANDO TODAS AS TABELAS OPCIONAIS
SELECT * FROM filhos;
SELECT * FROM beneficio;
SELECT * FROM renda;
SELECT * FROM tratamento;
SELECT * FROM investimento;
SELECT * FROM casa;
SELECT * FROM apto;
SELECT * FROM terreno;
SELECT * FROM imovel_comercial;
SELECT * FROM automovel;
